[{"__type__":"cc.SpriteFrame","content":{"name":"select_info_bg","texture":"3dn4uZuXJLSqUYywI1ZTZy","rect":[861,2,154,67],"offset":[0,0],"originalSize":[154,67],"capInsets":[0,0,0,0]}},{"__type__":"cc.SpriteFrame","content":{"name":"heidi_jing","texture":"cfCpKgTV5PO4J+8KRBAv+M","rect":[280,496,19,20],"offset":[0,0],"originalSize":[19,20],"capInsets":[5,5,4,4]}},{"__type__":"cc.SpriteFrame","content":{"name":"start_game","texture":"3dn4uZuXJLSqUYywI1ZTZy","rect":[538,138,165,53],"offset":[0,0],"originalSize":[165,53],"capInsets":[0,0,0,0]}},{"__type__":"cc.SpriteFrame","content":{"name":"wangge","texture":"cfCpKgTV5PO4J+8KRBAv+M","rect":[504,444,50,48],"offset":[0,0],"originalSize":[50,48],"rotated":1,"capInsets":[2,2,2,2]}},{"__type__":"cc.SpriteFrame","content":{"name":"xian_icon","texture":"3dn4uZuXJLSqUYywI1ZTZy","rect":[735,522,40,40],"offset":[0,0],"originalSize":[40,40],"capInsets":[0,0,0,0]}},{"__type__":"cc.SpriteFrame","content":{"name":"statusBg","texture":"3dn4uZuXJLSqUYywI1ZTZy","rect":[2,309,139,43],"offset":[0,0],"originalSize":[139,43],"capInsets":[28,13,38,13]}},{"__type__":"cc.SpriteFrame","content":{"name":"circle_1","texture":"cfCpKgTV5PO4J+8KRBAv+M","rect":[684,94,44,44],"offset":[0,0],"originalSize":[44,44],"capInsets":[0,0,0,0]}},[{"__type__":"cc.Prefab","_name":"BaiJiaLeItem","data":{"__id__":1}},{"__type__":"cc.Node","_name":"BaiJiaLeItem","_children":[{"__id__":2},{"__id__":3},{"__id__":5},{"__id__":7},{"__id__":9},{"__id__":11},{"__id__":28},{"__id__":30},{"__id__":32},{"__id__":34},{"__id__":36},{"__id__":38},{"__id__":44},{"__id__":45},{"__id__":47},{"__id__":51},{"__id__":57},{"__id__":59},{"__id__":61},{"__id__":63},{"__id__":64},{"__id__":65},{"__id__":67}],"_components":[{"__type__":"883f7m6Y2lNVK0iOYOMhnfI","node":{"__id__":1},"gameTitleLab":{"__id__":4},"zhuangXianLimit":{"__id__":6},"heLimit":{"__id__":8},"pairLimit":{"__id__":10},"deskMoney":{"__id__":19},"totalMemberNum":{"__id__":15},"bootNumLab":{"__id__":23},"paveNumLab":{"__id__":27},"zhuangLab":{"__id__":29},"xianLab":{"__id__":31},"heLab":{"__id__":33},"zhuangDuiLab":{"__id__":35},"xianDuiLab":{"__id__":37},"cicleParent":{"__id__":52},"resultItem0":{"__id__":48},"resultParent0":{"__id__":47},"statusArray":[{"__id__":40},{"__id__":41},{"__id__":42},{"__id__":43}],"curStatusLab":{"__id__":66},"daYanZaiItem":{"__id__":58},"daYanZaiParent":{"__id__":57},"xiaoLuItem":{"__id__":60},"xiaoLuParent":{"__id__":59},"yueYouItem":{"__id__":62},"yueYouParent":{"__id__":61},"resultLab":{"__id__":68},"cicleItem":{"__id__":53}}],"_prefab":{"__type__":"cc.PrefabInfo","root":{"__id__":1},"asset":{"__uuid__":"87P9ZYBPlHxa2dnwBtJXwI"},"fileId":"1bgHyjJehJ5IL3L5nDzLsX"},"_contentSize":{"__type__":"cc.Size","width":1117,"height":394},"_trs":{"__type__":"TypedArray","ctor":"Float64Array","array":[-4,-197,0,0,0,0,1,1,1,1]}},{"__type__":"cc.Node","_name":"bg","_parent":{"__id__":1},"_components":[{"__type__":"cc.Sprite","node":{"__id__":2},"_materials":[{"__uuid__":"ecpdLyjvZBwrvm+cedCcQy"}],"_spriteFrame":{"__uuid__":"16tX7abV5HFq3XNrbZ4bIQ"},"_type":1,"_sizeMode":0},{"__type__":"cc.Widget","node":{"__id__":2},"_alignFlags":45,"_left":0.4999999999999465,"_right":10.500000000000053,"_originalWidth":1137,"_originalHeight":394}],"_prefab":{"__type__":"cc.PrefabInfo","root":{"__id__":1},"asset":{"__uuid__":"87P9ZYBPlHxa2dnwBtJXwI"},"fileId":"05T7J2/5FOgqQqtY157uO2"},"_contentSize":{"__type__":"cc.Size","width":1106,"height":394},"_trs":{"__type__":"TypedArray","ctor":"Float64Array","array":[-5,0,0,0,0,0,1,1,1,1]}},{"__type__":"cc.Node","_name":"gameTitleLab","_parent":{"__id__":1},"_components":[{"__id__":4},{"__type__":"cc.LabelOutline","node":{"__id__":3},"_color":{"__type__":"cc.Color","r":84,"g":140,"b":212},"_width":2}],"_prefab":{"__type__":"cc.PrefabInfo","root":{"__id__":1},"asset":{"__uuid__":"87P9ZYBPlHxa2dnwBtJXwI"},"fileId":"2aTHvY+6JGA4kl9Ln3sv0a"},"_contentSize":{"__type__":"cc.Size","width":135.6,"height":50.4},"_anchorPoint":{"__type__":"cc.Vec2","y":0.5},"_trs":{"__type__":"TypedArray","ctor":"Float64Array","array":[-546.3,167.664,0,0,0,0,1,1,1,1]}},{"__type__":"cc.Label","node":{"__id__":3},"_materials":[{"__uuid__":"ecpdLyjvZBwrvm+cedCcQy"}],"_useOriginalSize":false,"_string":"百家乐20","_N$string":"百家乐20","_fontSize":33,"_N$file":{"__uuid__":"a6GFdfihpIQY/CU35PyGmw"},"_isSystemFontUsed":false,"_N$horizontalAlign":1,"_N$verticalAlign":1,"_N$overflow":2},{"__type__":"cc.Node","_name":"zhuang_xian_limit","_parent":{"__id__":1},"_components":[{"__id__":6}],"_prefab":{"__type__":"cc.PrefabInfo","root":{"__id__":1},"asset":{"__uuid__":"87P9ZYBPlHxa2dnwBtJXwI"},"fileId":"fcn+WeoHRCv5T1CxsmpPW7"},"_contentSize":{"__type__":"cc.Size","width":228,"height":50},"_anchorPoint":{"__type__":"cc.Vec2","y":0.5},"_trs":{"__type__":"TypedArray","ctor":"Float64Array","array":[-225.887,167,0,0,0,0,1,1,1,1]}},{"__type__":"cc.Label","node":{"__id__":5},"_materials":[{"__uuid__":"ecpdLyjvZBwrvm+cedCcQy"}],"_useOriginalSize":false,"_string":"限红20~30000","_N$string":"限红20~30000","_fontSize":23,"_N$file":{"__uuid__":"a6GFdfihpIQY/CU35PyGmw"},"_isSystemFontUsed":false,"_N$verticalAlign":1,"_N$overflow":2},{"__type__":"cc.Node","_name":"he_limit","_parent":{"__id__":1},"_components":[{"__id__":8}],"_prefab":{"__type__":"cc.PrefabInfo","root":{"__id__":1},"asset":{"__uuid__":"87P9ZYBPlHxa2dnwBtJXwI"},"fileId":"3dHIahMz9A8IzHMLIKXsSY"},"_contentSize":{"__type__":"cc.Size","width":228,"height":50},"_anchorPoint":{"__type__":"cc.Vec2","y":0.5},"_trs":{"__type__":"TypedArray","ctor":"Float64Array","array":[47.321,167,0,0,0,0,1,1,1,1]}},{"__type__":"cc.Label","node":{"__id__":7},"_materials":[{"__uuid__":"ecpdLyjvZBwrvm+cedCcQy"}],"_useOriginalSize":false,"_string":"限红20~30000","_N$string":"限红20~30000","_fontSize":23,"_N$file":{"__uuid__":"a6GFdfihpIQY/CU35PyGmw"},"_isSystemFontUsed":false,"_N$verticalAlign":1,"_N$overflow":2},{"__type__":"cc.Node","_name":"pair_limit","_parent":{"__id__":1},"_components":[{"__id__":10}],"_prefab":{"__type__":"cc.PrefabInfo","root":{"__id__":1},"asset":{"__uuid__":"87P9ZYBPlHxa2dnwBtJXwI"},"fileId":"fe0RoHXrZBEZM+rofENp0k"},"_contentSize":{"__type__":"cc.Size","width":228,"height":50},"_anchorPoint":{"__type__":"cc.Vec2","y":0.5},"_trs":{"__type__":"TypedArray","ctor":"Float64Array","array":[302.092,167,0,0,0,0,1,1,1,1]}},{"__type__":"cc.Label","node":{"__id__":9},"_materials":[{"__uuid__":"ecpdLyjvZBwrvm+cedCcQy"}],"_useOriginalSize":false,"_string":"限红20~30000","_N$string":"限红20~30000","_fontSize":23,"_N$file":{"__uuid__":"a6GFdfihpIQY/CU35PyGmw"},"_isSystemFontUsed":false,"_N$verticalAlign":1,"_N$overflow":2},{"__type__":"cc.Node","_name":"New Layout","_parent":{"__id__":1},"_children":[{"__id__":12},{"__id__":16},{"__id__":20},{"__id__":24}],"_components":[{"__type__":"cc.Layout","node":{"__id__":11},"_layoutSize":{"__type__":"cc.Size","width":161.7,"height":273.9},"_N$layoutType":2,"_N$spacingY":2}],"_prefab":{"__type__":"cc.PrefabInfo","root":{"__id__":1},"asset":{"__uuid__":"87P9ZYBPlHxa2dnwBtJXwI"},"fileId":"4d5S0eXV1NJ7a6wtt6Q16g"},"_contentSize":{"__type__":"cc.Size","width":161.7,"height":273.9},"_trs":{"__type__":"TypedArray","ctor":"Float64Array","array":[-472.4,-0.3,0,0,0,0,1,1,1,1]}},{"__type__":"cc.Node","_name":"totlePeopleNode","_parent":{"__id__":11},"_children":[{"__id__":13},{"__id__":14}],"_components":[{"__type__":"cc.Sprite","node":{"__id__":12},"_materials":[{"__uuid__":"ecpdLyjvZBwrvm+cedCcQy"}],"_spriteFrame":{"__uuid__":"0eQjtdiHhCHrgBeJQEE6dK"}}],"_prefab":{"__type__":"cc.PrefabInfo","root":{"__id__":1},"asset":{"__uuid__":"87P9ZYBPlHxa2dnwBtJXwI"},"fileId":"85kJq+ACZBT7BVDV8B7Rvf"},"_contentSize":{"__type__":"cc.Size","width":154,"height":67},"_trs":{"__type__":"TypedArray","ctor":"Float64Array","array":[0.025,103.44999999999999,0,0,0,0,1,1,1,1]}},{"__type__":"cc.Node","_name":"totalNumTitle","_parent":{"__id__":12},"_components":[{"__type__":"cc.Label","node":{"__id__":13},"_materials":[{"__uuid__":"ecpdLyjvZBwrvm+cedCcQy"}],"_useOriginalSize":false,"_string":"总人数","_N$string":"总人数","_fontSize":16,"_lineHeight":25,"_N$file":{"__uuid__":"a6GFdfihpIQY/CU35PyGmw"},"_isSystemFontUsed":false,"_N$horizontalAlign":1,"_N$verticalAlign":1}],"_prefab":{"__type__":"cc.PrefabInfo","root":{"__id__":1},"asset":{"__uuid__":"87P9ZYBPlHxa2dnwBtJXwI"},"fileId":"94N9o0khJHNaKLUZOtwNij"},"_color":{"__type__":"cc.Color","r":137,"g":115,"b":99},"_contentSize":{"__type__":"cc.Size","width":48,"height":31.5},"_trs":{"__type__":"TypedArray","ctor":"Float64Array","array":[0,15.384,0,0,0,0,1,1,1,1]}},{"__type__":"cc.Node","_name":"totalNum","_parent":{"__id__":12},"_components":[{"__id__":15}],"_prefab":{"__type__":"cc.PrefabInfo","root":{"__id__":1},"asset":{"__uuid__":"87P9ZYBPlHxa2dnwBtJXwI"},"fileId":"5bQkaxSVJKxL5o3MAWbn/P"},"_color":{"__type__":"cc.Color","r":52,"g":20,"b":6},"_contentSize":{"__type__":"cc.Size","width":37.5,"height":31.5},"_trs":{"__type__":"TypedArray","ctor":"Float64Array","array":[2.246,-8.763,0,0,0,0,1,1,1,1]}},{"__type__":"cc.Label","node":{"__id__":14},"_materials":[{"__uuid__":"ecpdLyjvZBwrvm+cedCcQy"}],"_useOriginalSize":false,"_string":"251","_N$string":"251","_fontSize":20,"_lineHeight":25,"_N$file":{"__uuid__":"3c/Hw06lFKr5Az+7B7U5hM"},"_isSystemFontUsed":false,"_N$horizontalAlign":1,"_N$verticalAlign":1},{"__type__":"cc.Node","_name":"deskMoneyNode","_parent":{"__id__":11},"_children":[{"__id__":17},{"__id__":18}],"_components":[{"__type__":"cc.Sprite","node":{"__id__":16},"_materials":[{"__uuid__":"ecpdLyjvZBwrvm+cedCcQy"}],"_spriteFrame":{"__uuid__":"0eQjtdiHhCHrgBeJQEE6dK"}}],"_prefab":{"__type__":"cc.PrefabInfo","root":{"__id__":1},"asset":{"__uuid__":"87P9ZYBPlHxa2dnwBtJXwI"},"fileId":"6fGBSAmvNF+YEUiYLtsmH+"},"_contentSize":{"__type__":"cc.Size","width":154,"height":67},"_trs":{"__type__":"TypedArray","ctor":"Float64Array","array":[0.025,34.44999999999999,0,0,0,0,1,1,1,1]}},{"__type__":"cc.Node","_name":"deskMoneyTitle","_parent":{"__id__":16},"_components":[{"__type__":"cc.Label","node":{"__id__":17},"_materials":[{"__uuid__":"ecpdLyjvZBwrvm+cedCcQy"}],"_useOriginalSize":false,"_string":"桌上筹码","_N$string":"桌上筹码","_fontSize":16,"_lineHeight":25,"_N$file":{"__uuid__":"a6GFdfihpIQY/CU35PyGmw"},"_isSystemFontUsed":false,"_N$horizontalAlign":1,"_N$verticalAlign":1}],"_prefab":{"__type__":"cc.PrefabInfo","root":{"__id__":1},"asset":{"__uuid__":"87P9ZYBPlHxa2dnwBtJXwI"},"fileId":"88QnC86DlI/b4qtb1dxQMY"},"_color":{"__type__":"cc.Color","r":137,"g":115,"b":99},"_contentSize":{"__type__":"cc.Size","width":64,"height":31.5},"_trs":{"__type__":"TypedArray","ctor":"Float64Array","array":[0,15.384,0,0,0,0,1,1,1,1]}},{"__type__":"cc.Node","_name":"deskMoney","_parent":{"__id__":16},"_components":[{"__id__":19}],"_prefab":{"__type__":"cc.PrefabInfo","root":{"__id__":1},"asset":{"__uuid__":"87P9ZYBPlHxa2dnwBtJXwI"},"fileId":"40MVB3bcNPf5ZwLnLGFFZL"},"_color":{"__type__":"cc.Color","r":52,"g":20,"b":6},"_contentSize":{"__type__":"cc.Size","width":37.5,"height":31.5},"_trs":{"__type__":"TypedArray","ctor":"Float64Array","array":[2.246,-8.763,0,0,0,0,1,1,1,1]}},{"__type__":"cc.Label","node":{"__id__":18},"_materials":[{"__uuid__":"ecpdLyjvZBwrvm+cedCcQy"}],"_useOriginalSize":false,"_string":"251","_N$string":"251","_fontSize":20,"_lineHeight":25,"_N$file":{"__uuid__":"3c/Hw06lFKr5Az+7B7U5hM"},"_isSystemFontUsed":false,"_N$horizontalAlign":1,"_N$verticalAlign":1},{"__type__":"cc.Node","_name":"bootNode","_parent":{"__id__":11},"_children":[{"__id__":21},{"__id__":22}],"_components":[{"__type__":"cc.Sprite","node":{"__id__":20},"_materials":[{"__uuid__":"ecpdLyjvZBwrvm+cedCcQy"}],"_spriteFrame":{"__uuid__":"0eQjtdiHhCHrgBeJQEE6dK"}}],"_prefab":{"__type__":"cc.PrefabInfo","root":{"__id__":1},"asset":{"__uuid__":"87P9ZYBPlHxa2dnwBtJXwI"},"fileId":"9bNKRLsX9C+ZFCMDEu7N2N"},"_contentSize":{"__type__":"cc.Size","width":154,"height":67},"_trs":{"__type__":"TypedArray","ctor":"Float64Array","array":[0.025,-34.55000000000001,0,0,0,0,1,1,1,1]}},{"__type__":"cc.Node","_name":"bootTitle","_parent":{"__id__":20},"_components":[{"__type__":"cc.Label","node":{"__id__":21},"_materials":[{"__uuid__":"ecpdLyjvZBwrvm+cedCcQy"}],"_useOriginalSize":false,"_string":"靴次","_N$string":"靴次","_fontSize":16,"_lineHeight":25,"_N$file":{"__uuid__":"a6GFdfihpIQY/CU35PyGmw"},"_isSystemFontUsed":false,"_N$horizontalAlign":1,"_N$verticalAlign":1}],"_prefab":{"__type__":"cc.PrefabInfo","root":{"__id__":1},"asset":{"__uuid__":"87P9ZYBPlHxa2dnwBtJXwI"},"fileId":"595ZzvQyVIp7r5+SDo8Et/"},"_color":{"__type__":"cc.Color","r":137,"g":115,"b":99},"_contentSize":{"__type__":"cc.Size","width":32,"height":31.5},"_trs":{"__type__":"TypedArray","ctor":"Float64Array","array":[0,15.384,0,0,0,0,1,1,1,1]}},{"__type__":"cc.Node","_name":"bootNum","_parent":{"__id__":20},"_components":[{"__id__":23}],"_prefab":{"__type__":"cc.PrefabInfo","root":{"__id__":1},"asset":{"__uuid__":"87P9ZYBPlHxa2dnwBtJXwI"},"fileId":"cangRSXrJGYJ2rcrnADkcS"},"_color":{"__type__":"cc.Color","r":52,"g":20,"b":6},"_contentSize":{"__type__":"cc.Size","width":37.5,"height":31.5},"_trs":{"__type__":"TypedArray","ctor":"Float64Array","array":[2.246,-8.763,0,0,0,0,1,1,1,1]}},{"__type__":"cc.Label","node":{"__id__":22},"_materials":[{"__uuid__":"ecpdLyjvZBwrvm+cedCcQy"}],"_useOriginalSize":false,"_string":"251","_N$string":"251","_fontSize":20,"_lineHeight":25,"_N$file":{"__uuid__":"3c/Hw06lFKr5Az+7B7U5hM"},"_isSystemFontUsed":false,"_N$horizontalAlign":1,"_N$verticalAlign":1},{"__type__":"cc.Node","_name":"paveNode","_parent":{"__id__":11},"_children":[{"__id__":25},{"__id__":26}],"_components":[{"__type__":"cc.Sprite","node":{"__id__":24},"_materials":[{"__uuid__":"ecpdLyjvZBwrvm+cedCcQy"}],"_spriteFrame":{"__uuid__":"0eQjtdiHhCHrgBeJQEE6dK"}}],"_prefab":{"__type__":"cc.PrefabInfo","root":{"__id__":1},"asset":{"__uuid__":"87P9ZYBPlHxa2dnwBtJXwI"},"fileId":"0el4Pp5vZHHZBQhbLXeX52"},"_contentSize":{"__type__":"cc.Size","width":154,"height":67},"_trs":{"__type__":"TypedArray","ctor":"Float64Array","array":[0.025,-103.55000000000001,0,0,0,0,1,1,1,1]}},{"__type__":"cc.Node","_name":"paveTitle","_parent":{"__id__":24},"_components":[{"__type__":"cc.Label","node":{"__id__":25},"_materials":[{"__uuid__":"ecpdLyjvZBwrvm+cedCcQy"}],"_useOriginalSize":false,"_string":"铺次","_N$string":"铺次","_fontSize":16,"_lineHeight":25,"_N$file":{"__uuid__":"a6GFdfihpIQY/CU35PyGmw"},"_isSystemFontUsed":false,"_N$horizontalAlign":1,"_N$verticalAlign":1}],"_prefab":{"__type__":"cc.PrefabInfo","root":{"__id__":1},"asset":{"__uuid__":"87P9ZYBPlHxa2dnwBtJXwI"},"fileId":"3f0qkxmTtGQYJ+NIilxmht"},"_color":{"__type__":"cc.Color","r":137,"g":115,"b":99},"_contentSize":{"__type__":"cc.Size","width":32,"height":31.5},"_trs":{"__type__":"TypedArray","ctor":"Float64Array","array":[0,15.384,0,0,0,0,1,1,1,1]}},{"__type__":"cc.Node","_name":"paveNum","_parent":{"__id__":24},"_components":[{"__id__":27}],"_prefab":{"__type__":"cc.PrefabInfo","root":{"__id__":1},"asset":{"__uuid__":"87P9ZYBPlHxa2dnwBtJXwI"},"fileId":"cfwmzlvfNNYbh8QauWDmXi"},"_color":{"__type__":"cc.Color","r":52,"g":20,"b":6},"_contentSize":{"__type__":"cc.Size","width":37.5,"height":31.5},"_trs":{"__type__":"TypedArray","ctor":"Float64Array","array":[2.246,-8.763,0,0,0,0,1,1,1,1]}},{"__type__":"cc.Label","node":{"__id__":26},"_materials":[{"__uuid__":"ecpdLyjvZBwrvm+cedCcQy"}],"_useOriginalSize":false,"_string":"251","_N$string":"251","_fontSize":20,"_lineHeight":25,"_N$file":{"__uuid__":"3c/Hw06lFKr5Az+7B7U5hM"},"_isSystemFontUsed":false,"_N$horizontalAlign":1,"_N$verticalAlign":1},{"__type__":"cc.Node","_name":"zhuangLab","_parent":{"__id__":1},"_components":[{"__id__":29}],"_prefab":{"__type__":"cc.PrefabInfo","root":{"__id__":1},"asset":{"__uuid__":"87P9ZYBPlHxa2dnwBtJXwI"},"fileId":"37ACxEMFhMwYTHNlLwaU+p"},"_contentSize":{"__type__":"cc.Size","width":73.67,"height":50.4},"_anchorPoint":{"__type__":"cc.Vec2","y":0.5},"_trs":{"__type__":"TypedArray","ctor":"Float64Array","array":[-517.303,-166.044,0,0,0,0,1,1,1,1]}},{"__type__":"cc.Label","node":{"__id__":28},"_materials":[{"__uuid__":"ecpdLyjvZBwrvm+cedCcQy"}],"_useOriginalSize":false,"_string":"庄：42","_N$string":"庄：42","_fontSize":23,"_N$file":{"__uuid__":"a6GFdfihpIQY/CU35PyGmw"},"_isSystemFontUsed":false,"_N$horizontalAlign":1,"_N$verticalAlign":1},{"__type__":"cc.Node","_name":"xianLab","_parent":{"__id__":1},"_components":[{"__id__":31}],"_prefab":{"__type__":"cc.PrefabInfo","root":{"__id__":1},"asset":{"__uuid__":"87P9ZYBPlHxa2dnwBtJXwI"},"fileId":"a40wwZ7G1LtbeDr9lxXGO+"},"_contentSize":{"__type__":"cc.Size","width":73.85,"height":50.4},"_anchorPoint":{"__type__":"cc.Vec2","y":0.5},"_trs":{"__type__":"TypedArray","ctor":"Float64Array","array":[-342.083,-166.044,0,0,0,0,1,1,1,1]}},{"__type__":"cc.Label","node":{"__id__":30},"_materials":[{"__uuid__":"ecpdLyjvZBwrvm+cedCcQy"}],"_useOriginalSize":false,"_string":"闲：34","_N$string":"闲：34","_fontSize":23,"_N$file":{"__uuid__":"a6GFdfihpIQY/CU35PyGmw"},"_isSystemFontUsed":false,"_N$horizontalAlign":1,"_N$verticalAlign":1},{"__type__":"cc.Node","_name":"heLab","_parent":{"__id__":1},"_components":[{"__id__":33}],"_prefab":{"__type__":"cc.PrefabInfo","root":{"__id__":1},"asset":{"__uuid__":"87P9ZYBPlHxa2dnwBtJXwI"},"fileId":"aeabo6e8hL0ry0MrFjJbeC"},"_contentSize":{"__type__":"cc.Size","width":60.02,"height":50.4},"_anchorPoint":{"__type__":"cc.Vec2","y":0.5},"_trs":{"__type__":"TypedArray","ctor":"Float64Array","array":[-154.204,-166.044,0,0,0,0,1,1,1,1]}},{"__type__":"cc.Label","node":{"__id__":32},"_materials":[{"__uuid__":"ecpdLyjvZBwrvm+cedCcQy"}],"_useOriginalSize":false,"_string":"和：1","_N$string":"和：1","_fontSize":23,"_N$file":{"__uuid__":"a6GFdfihpIQY/CU35PyGmw"},"_isSystemFontUsed":false,"_N$horizontalAlign":1,"_N$verticalAlign":1},{"__type__":"cc.Node","_name":"zhuangDuiLab","_parent":{"__id__":1},"_components":[{"__id__":35}],"_prefab":{"__type__":"cc.PrefabInfo","root":{"__id__":1},"asset":{"__uuid__":"87P9ZYBPlHxa2dnwBtJXwI"},"fileId":"c41FE/ch9D2bKmqeLsnTlJ"},"_contentSize":{"__type__":"cc.Size","width":83.02,"height":50.4},"_anchorPoint":{"__type__":"cc.Vec2","y":0.5},"_trs":{"__type__":"TypedArray","ctor":"Float64Array","array":[24.941,-166.044,0,0,0,0,1,1,1,1]}},{"__type__":"cc.Label","node":{"__id__":34},"_materials":[{"__uuid__":"ecpdLyjvZBwrvm+cedCcQy"}],"_useOriginalSize":false,"_string":"庄对：1","_N$string":"庄对：1","_fontSize":23,"_N$file":{"__uuid__":"a6GFdfihpIQY/CU35PyGmw"},"_isSystemFontUsed":false,"_N$horizontalAlign":1,"_N$verticalAlign":1},{"__type__":"cc.Node","_name":"xianDuiLab","_parent":{"__id__":1},"_components":[{"__id__":37}],"_prefab":{"__type__":"cc.PrefabInfo","root":{"__id__":1},"asset":{"__uuid__":"87P9ZYBPlHxa2dnwBtJXwI"},"fileId":"5fXmBuD85Fn5fW+zDEbXbv"},"_contentSize":{"__type__":"cc.Size","width":83.02,"height":50.4},"_anchorPoint":{"__type__":"cc.Vec2","y":0.5},"_trs":{"__type__":"TypedArray","ctor":"Float64Array","array":[224.015,-166.044,0,0,0,0,1,1,1,1]}},{"__type__":"cc.Label","node":{"__id__":36},"_materials":[{"__uuid__":"ecpdLyjvZBwrvm+cedCcQy"}],"_useOriginalSize":false,"_string":"闲对：1","_N$string":"闲对：1","_fontSize":23,"_N$file":{"__uuid__":"a6GFdfihpIQY/CU35PyGmw"},"_isSystemFontUsed":false,"_N$horizontalAlign":1,"_N$verticalAlign":1},{"__type__":"cc.Node","_name":"statusBg","_parent":{"__id__":1},"_children":[{"__id__":39},{"__id__":40},{"__id__":41},{"__id__":42},{"__id__":43}],"_components":[{"__type__":"cc.Sprite","node":{"__id__":38},"_materials":[{"__uuid__":"ecpdLyjvZBwrvm+cedCcQy"}],"_spriteFrame":{"__uuid__":"4fuQsDfXFMqKzg9cfRYpDY"}}],"_prefab":{"__type__":"cc.PrefabInfo","root":{"__id__":1},"asset":{"__uuid__":"87P9ZYBPlHxa2dnwBtJXwI"},"fileId":"62Sq9TuihLr5oqSuMfi63M"},"_contentSize":{"__type__":"cc.Size","width":139,"height":43},"_trs":{"__type__":"TypedArray","ctor":"Float64Array","array":[-313.054,166.056,0,0,0,0,1,1,1,1]}},{"__type__":"cc.Node","_name":"remainTimeLab","_parent":{"__id__":38},"_active":false,"_components":[{"__type__":"cc.Label","node":{"__id__":39},"_materials":[{"__uuid__":"ecpdLyjvZBwrvm+cedCcQy"}],"_useOriginalSize":false,"_string":"24","_N$string":"24","_fontSize":23,"_lineHeight":30,"_N$file":{"__uuid__":"a6GFdfihpIQY/CU35PyGmw"},"_isSystemFontUsed":false,"_N$horizontalAlign":1,"_N$verticalAlign":1}],"_prefab":{"__type__":"cc.PrefabInfo","root":{"__id__":1},"asset":{"__uuid__":"87P9ZYBPlHxa2dnwBtJXwI"},"fileId":"f3wKeX3bFJV4rk88PJZsqB"},"_contentSize":{"__type__":"cc.Size","width":27.67,"height":37.8},"_anchorPoint":{"__type__":"cc.Vec2","y":0.5},"_trs":{"__type__":"TypedArray","ctor":"Float64Array","array":[6.276,-0.251,0,0,0,0,1,1,1,1]}},{"__type__":"cc.Node","_name":"statusLab_1","_parent":{"__id__":38},"_components":[{"__type__":"cc.Label","node":{"__id__":40},"_materials":[{"__uuid__":"ecpdLyjvZBwrvm+cedCcQy"}],"_useOriginalSize":false,"_string":"待 开 牌","_N$string":"待 开 牌","_fontSize":23,"_lineHeight":25,"_N$file":{"__uuid__":"a6GFdfihpIQY/CU35PyGmw"},"_isSystemFontUsed":false,"_N$horizontalAlign":1,"_N$verticalAlign":1}],"_prefab":{"__type__":"cc.PrefabInfo","root":{"__id__":1},"asset":{"__uuid__":"87P9ZYBPlHxa2dnwBtJXwI"},"fileId":"71v8h+Z1pDdqPhKtJZkbq/"},"_color":{"__type__":"cc.Color","r":107,"g":199,"b":90},"_contentSize":{"__type__":"cc.Size","width":81.76,"height":31.5},"_anchorPoint":{"__type__":"cc.Vec2","x":0.6,"y":0.5},"_trs":{"__type__":"TypedArray","ctor":"Float64Array","array":[5.707,0,0,0,0,0,1,1,1,1]}},{"__type__":"cc.Node","_name":"statusLab_2","_parent":{"__id__":38},"_components":[{"__type__":"cc.Label","node":{"__id__":41},"_materials":[{"__uuid__":"ecpdLyjvZBwrvm+cedCcQy"}],"_useOriginalSize":false,"_string":"已 完 结","_N$string":"已 完 结","_fontSize":23,"_lineHeight":25,"_N$file":{"__uuid__":"a6GFdfihpIQY/CU35PyGmw"},"_isSystemFontUsed":false,"_N$horizontalAlign":1,"_N$verticalAlign":1}],"_prefab":{"__type__":"cc.PrefabInfo","root":{"__id__":1},"asset":{"__uuid__":"87P9ZYBPlHxa2dnwBtJXwI"},"fileId":"0cv4ED4UdP64kkQTeHAwQs"},"_color":{"__type__":"cc.Color","r":255,"g":158,"b":20},"_contentSize":{"__type__":"cc.Size","width":81.76,"height":31.5},"_anchorPoint":{"__type__":"cc.Vec2","x":0.6,"y":0.5},"_trs":{"__type__":"TypedArray","ctor":"Float64Array","array":[5.707,0,0,0,0,0,1,1,1,1]}},{"__type__":"cc.Node","_name":"statusLab_3","_parent":{"__id__":38},"_components":[{"__type__":"cc.Label","node":{"__id__":42},"_materials":[{"__uuid__":"ecpdLyjvZBwrvm+cedCcQy"}],"_useOriginalSize":false,"_string":"洗 牌 中","_N$string":"洗 牌 中","_fontSize":23,"_lineHeight":25,"_N$file":{"__uuid__":"a6GFdfihpIQY/CU35PyGmw"},"_isSystemFontUsed":false,"_N$horizontalAlign":1,"_N$verticalAlign":1}],"_prefab":{"__type__":"cc.PrefabInfo","root":{"__id__":1},"asset":{"__uuid__":"87P9ZYBPlHxa2dnwBtJXwI"},"fileId":"6dCJAgHiNL/7WqTXvSTAmO"},"_contentSize":{"__type__":"cc.Size","width":81.76,"height":31.5},"_anchorPoint":{"__type__":"cc.Vec2","x":0.6,"y":0.5},"_trs":{"__type__":"TypedArray","ctor":"Float64Array","array":[5.707,0,0,0,0,0,1,1,1,1]}},{"__type__":"cc.Node","_name":"statusLab_4","_parent":{"__id__":38},"_components":[{"__type__":"cc.Label","node":{"__id__":43},"_materials":[{"__uuid__":"ecpdLyjvZBwrvm+cedCcQy"}],"_useOriginalSize":false,"_string":"请 下 注","_N$string":"请 下 注","_fontSize":23,"_lineHeight":25,"_N$file":{"__uuid__":"a6GFdfihpIQY/CU35PyGmw"},"_isSystemFontUsed":false,"_N$horizontalAlign":1,"_N$verticalAlign":1}],"_prefab":{"__type__":"cc.PrefabInfo","root":{"__id__":1},"asset":{"__uuid__":"87P9ZYBPlHxa2dnwBtJXwI"},"fileId":"21SivFqtFAXodtE1HDKcOm"},"_color":{"__type__":"cc.Color","r":255,"b":3},"_contentSize":{"__type__":"cc.Size","width":81.76,"height":31.5},"_anchorPoint":{"__type__":"cc.Vec2","x":0.6,"y":0.5},"_trs":{"__type__":"TypedArray","ctor":"Float64Array","array":[5.707,0,0,0,0,0,1,1,1,1]}},{"__type__":"cc.Node","_name":"wanggeBG","_parent":{"__id__":1},"_components":[{"__type__":"cc.Sprite","node":{"__id__":44},"_materials":[{"__uuid__":"ecpdLyjvZBwrvm+cedCcQy"}],"_srcBlendFactor":1,"_dstBlendFactor":770,"_spriteFrame":{"__uuid__":"98gk4ePWlCzIYUoClXVrwS"},"_type":2,"_sizeMode":0}],"_prefab":{"__type__":"cc.PrefabInfo","root":{"__id__":1},"asset":{"__uuid__":"87P9ZYBPlHxa2dnwBtJXwI"},"fileId":"02vXcmb61AWI2pRrqzZzH1"},"_contentSize":{"__type__":"cc.Size","width":294,"height":264},"_trs":{"__type__":"TypedArray","ctor":"Float64Array","array":[-249.859,0,0,0,0,0,1,1,1,1]}},{"__type__":"cc.Node","_name":"bottom_wangge","_parent":{"__id__":1},"_children":[{"__id__":46}],"_components":[{"__type__":"cc.Sprite","node":{"__id__":45},"_materials":[{"__uuid__":"ecpdLyjvZBwrvm+cedCcQy"}],"_spriteFrame":{"__uuid__":"98gk4ePWlCzIYUoClXVrwS"},"_type":2,"_sizeMode":0}],"_prefab":{"__type__":"cc.PrefabInfo","root":{"__id__":1},"asset":{"__uuid__":"87P9ZYBPlHxa2dnwBtJXwI"},"fileId":"16qj1fCTtG4q3zzGjyqRbG"},"_contentSize":{"__type__":"cc.Size","width":1180,"height":264},"_anchorPoint":{"__type__":"cc.Vec2","y":0.47},"_trs":{"__type__":"TypedArray","ctor":"Float64Array","array":[-102.864,-70.073,0,0,0,0,1,0.55,0.5,1]}},{"__type__":"cc.Node","_name":"bottom_wangge","_parent":{"__id__":45},"_components":[{"__type__":"cc.Sprite","node":{"__id__":46},"_materials":[{"__uuid__":"ecpdLyjvZBwrvm+cedCcQy"}],"_spriteFrame":{"__uuid__":"98gk4ePWlCzIYUoClXVrwS"},"_type":2,"_sizeMode":0}],"_prefab":{"__type__":"cc.PrefabInfo","root":{"__id__":1},"asset":{"__uuid__":"87P9ZYBPlHxa2dnwBtJXwI"},"fileId":"c2mYn1aX9CDZ5lL2amNUcc"},"_contentSize":{"__type__":"cc.Size","width":1180,"height":264},"_anchorPoint":{"__type__":"cc.Vec2","y":0.47},"_trs":{"__type__":"TypedArray","ctor":"Float64Array","array":[0,264.726,0,0,0,0,1,1,1,1]}},{"__type__":"cc.Node","_name":"wangge0","_parent":{"__id__":1},"_children":[{"__id__":48}],"_components":[{"__type__":"cc.Layout","node":{"__id__":47},"_layoutSize":{"__type__":"cc.Size","width":295.6,"height":267},"_resize":2,"_N$layoutType":3,"_N$cellSize":{"__type__":"cc.Size","width":36,"height":36},"_N$startAxis":1,"_N$paddingLeft":5,"_N$paddingTop":5,"_N$spacingX":6,"_N$spacingY":9},{"__type__":"cc.Mask","node":{"__id__":47},"_materials":[{"__uuid__":"ecpdLyjvZBwrvm+cedCcQy"}]}],"_prefab":{"__type__":"cc.PrefabInfo","root":{"__id__":1},"asset":{"__uuid__":"87P9ZYBPlHxa2dnwBtJXwI"},"fileId":"46XsWFpEZKo4u3dA6WTjbj"},"_contentSize":{"__type__":"cc.Size","width":295.6,"height":267},"_trs":{"__type__":"TypedArray","ctor":"Float64Array","array":[-251.4,0,0,0,0,0,1,1,1,1]}},{"__type__":"cc.Node","_name":"item","_parent":{"__id__":47},"_children":[{"__id__":49},{"__id__":50}],"_active":false,"_components":[{"__type__":"cc.Sprite","node":{"__id__":48},"_materials":[{"__uuid__":"ecpdLyjvZBwrvm+cedCcQy"}],"_spriteFrame":{"__uuid__":"4bmWy89+5C752P83ZhqPta"},"_sizeMode":0}],"_prefab":{"__type__":"cc.PrefabInfo","root":{"__id__":1},"asset":{"__uuid__":"87P9ZYBPlHxa2dnwBtJXwI"},"fileId":"6cZXmwLZZIJLDLNt/m9vwj"},"_contentSize":{"__type__":"cc.Size","width":36,"height":36},"_trs":{"__type__":"TypedArray","ctor":"Float64Array","array":[-124.80000000000001,110.5,0,0,0,0,1,1,1,1]}},{"__type__":"cc.Node","_name":"cicle_icon_blue","_parent":{"__id__":48},"_components":[{"__type__":"cc.Sprite","node":{"__id__":49},"_materials":[{"__uuid__":"ecpdLyjvZBwrvm+cedCcQy"}],"_spriteFrame":{"__uuid__":"96MFaZ9XhMQ6KVCEqtyspX"}}],"_prefab":{"__type__":"cc.PrefabInfo","root":{"__id__":1},"asset":{"__uuid__":"87P9ZYBPlHxa2dnwBtJXwI"},"fileId":"85iKi+xLFHp4bb+PzV/9PP"},"_contentSize":{"__type__":"cc.Size","width":24,"height":24},"_trs":{"__type__":"TypedArray","ctor":"Float64Array","array":[10.824,-14.549,0,0,0,0,1,0.5,0.5,1]}},{"__type__":"cc.Node","_name":"cicle_icon_red","_parent":{"__id__":48},"_components":[{"__type__":"cc.Sprite","node":{"__id__":50},"_materials":[{"__uuid__":"ecpdLyjvZBwrvm+cedCcQy"}],"_spriteFrame":{"__uuid__":"adJhmKq9lKQ6u6tyZ++Xp6"}}],"_prefab":{"__type__":"cc.PrefabInfo","root":{"__id__":1},"asset":{"__uuid__":"87P9ZYBPlHxa2dnwBtJXwI"},"fileId":"3aCBMHhLhFcbGtqY9ZBII9"},"_contentSize":{"__type__":"cc.Size","width":24,"height":24},"_trs":{"__type__":"TypedArray","ctor":"Float64Array","array":[-15.898,12.221,0,0,0,0,1,0.5,0.5,1]}},{"__type__":"cc.Node","_name":"wangge","_parent":{"__id__":1},"_children":[{"__id__":52}],"_components":[{"__type__":"cc.Sprite","node":{"__id__":51},"_enabled":false,"_materials":[{"__uuid__":"ecpdLyjvZBwrvm+cedCcQy"}],"_spriteFrame":{"__uuid__":"3dZQjm3ClIDovByS33DD5W"},"_type":2,"_sizeMode":0}],"_prefab":{"__type__":"cc.PrefabInfo","root":{"__id__":1},"asset":{"__uuid__":"87P9ZYBPlHxa2dnwBtJXwI"},"fileId":"0ekFG9kYhMS5i0Twd0zdg6"},"_contentSize":{"__type__":"cc.Size","width":1399.6,"height":288},"_trs":{"__type__":"TypedArray","ctor":"Float64Array","array":[220.094,68.431,0,0,0,0,1,0.46,0.46,1]}},{"__type__":"cc.Node","_name":"layout","_parent":{"__id__":51},"_children":[{"__id__":53}],"_components":[{"__type__":"cc.Widget","node":{"__id__":52},"_alignFlags":45},{"__type__":"cc.Layout","node":{"__id__":52},"_layoutSize":{"__type__":"cc.Size","width":839.758320483359,"height":172.7996544006912},"_resize":2,"_N$layoutType":3,"_N$cellSize":{"__type__":"cc.Size","width":25,"height":25},"_N$startAxis":1,"_N$paddingLeft":2,"_N$paddingTop":2,"_N$spacingX":5,"_N$spacingY":3.8}],"_prefab":{"__type__":"cc.PrefabInfo","root":{"__id__":1},"asset":{"__uuid__":"87P9ZYBPlHxa2dnwBtJXwI"},"fileId":"96/PxZdSJH7Z0H13DNDvSU"},"_contentSize":{"__type__":"cc.Size","width":839.758320483359,"height":172.7996544006912},"_trs":{"__type__":"TypedArray","ctor":"Float64Array","array":[0,0,0,0,0,0,1,1.66667,1.66667,1.66667]}},{"__type__":"cc.Node","_name":"cicle","_parent":{"__id__":52},"_children":[{"__id__":54},{"__id__":55},{"__id__":56}],"_components":[{"__type__":"cc.Sprite","node":{"__id__":53},"_materials":[{"__uuid__":"ecpdLyjvZBwrvm+cedCcQy"}],"_sizeMode":0}],"_prefab":{"__type__":"cc.PrefabInfo","root":{"__id__":1},"asset":{"__uuid__":"87P9ZYBPlHxa2dnwBtJXwI"},"fileId":"7627gP8zhFc7SRtl+4PpzI"},"_contentSize":{"__type__":"cc.Size","width":25,"height":25},"_trs":{"__type__":"TypedArray","ctor":"Float64Array","array":[-405.3791602416795,71.8998272003456,0,0,0,0,1,1,1,1]}},{"__type__":"cc.Node","_name":"label","_parent":{"__id__":53},"_components":[{"__type__":"cc.Label","node":{"__id__":54},"_materials":[{"__uuid__":"ecpdLyjvZBwrvm+cedCcQy"}],"_useOriginalSize":false,"_fontSize":20,"_lineHeight":20,"_N$horizontalAlign":1,"_N$verticalAlign":1,"_N$overflow":2}],"_prefab":{"__type__":"cc.PrefabInfo","root":{"__id__":1},"asset":{"__uuid__":"87P9ZYBPlHxa2dnwBtJXwI"},"fileId":"96igOK4xBNvIwzdvBV37IW"},"_color":{"__type__":"cc.Color"},"_contentSize":{"__type__":"cc.Size","width":18.4,"height":25.2},"_trs":{"__type__":"TypedArray","ctor":"Float64Array","array":[-0.2,0,0,0,0,0,1,1,1,1]}},{"__type__":"cc.Node","_name":"cicle_icon_red","_parent":{"__id__":53},"_active":false,"_components":[{"__type__":"cc.Sprite","node":{"__id__":55},"_materials":[{"__uuid__":"ecpdLyjvZBwrvm+cedCcQy"}],"_spriteFrame":{"__uuid__":"adJhmKq9lKQ6u6tyZ++Xp6"},"_sizeMode":0}],"_prefab":{"__type__":"cc.PrefabInfo","root":{"__id__":1},"asset":{"__uuid__":"87P9ZYBPlHxa2dnwBtJXwI"},"fileId":"5bUH1xVJdCJrCHV5LDsbTW"},"_contentSize":{"__type__":"cc.Size","width":15,"height":15},"_trs":{"__type__":"TypedArray","ctor":"Float64Array","array":[-8,12.221,0,0,0,0,1,0.5,0.5,1]}},{"__type__":"cc.Node","_name":"cicle_icon_blue","_parent":{"__id__":53},"_active":false,"_components":[{"__type__":"cc.Sprite","node":{"__id__":56},"_materials":[{"__uuid__":"ecpdLyjvZBwrvm+cedCcQy"}],"_spriteFrame":{"__uuid__":"96MFaZ9XhMQ6KVCEqtyspX"},"_sizeMode":0}],"_prefab":{"__type__":"cc.PrefabInfo","root":{"__id__":1},"asset":{"__uuid__":"87P9ZYBPlHxa2dnwBtJXwI"},"fileId":"55lD8gj0JAhKi3z1HaguN8"},"_contentSize":{"__type__":"cc.Size","width":15,"height":15},"_trs":{"__type__":"TypedArray","ctor":"Float64Array","array":[10.824,-10,0,0,0,0,1,0.5,0.5,1]}},{"__type__":"cc.Node","_name":"da_yan_zai_Layout","_parent":{"__id__":1},"_children":[{"__id__":58}],"_components":[{"__type__":"cc.Layout","node":{"__id__":57},"_layoutSize":{"__type__":"cc.Size","width":643,"height":66.7},"_resize":2,"_N$layoutType":3,"_N$cellSize":{"__type__":"cc.Size","width":9,"height":9},"_N$startAxis":1,"_N$paddingLeft":1,"_N$paddingTop":1.5,"_N$spacingX":2.5,"_N$spacingY":2}],"_prefab":{"__type__":"cc.PrefabInfo","root":{"__id__":1},"asset":{"__uuid__":"87P9ZYBPlHxa2dnwBtJXwI"},"fileId":"31INaNDF1A2ImChhafYQ4f"},"_contentSize":{"__type__":"cc.Size","width":643,"height":66.7},"_trs":{"__type__":"TypedArray","ctor":"Float64Array","array":[220.1,-31.7,0,0,0,0,1,1,1,1]}},{"__type__":"cc.Node","_name":"item","_parent":{"__id__":57},"_active":false,"_components":[{"__type__":"cc.Sprite","node":{"__id__":58},"_materials":[{"__uuid__":"ecpdLyjvZBwrvm+cedCcQy"}],"_spriteFrame":{"__uuid__":"6cDrsSLWZMbYWr4Uo6oHrY"},"_sizeMode":0}],"_prefab":{"__type__":"cc.PrefabInfo","root":{"__id__":1},"asset":{"__uuid__":"87P9ZYBPlHxa2dnwBtJXwI"},"fileId":"1f5zXGcvRLW7Kv9WgbeNI8"},"_contentSize":{"__type__":"cc.Size","width":9,"height":9},"_trs":{"__type__":"TypedArray","ctor":"Float64Array","array":[-316,27.35,0,0,0,0,1,1,1,1]}},{"__type__":"cc.Node","_name":"xiaoluLayout","_parent":{"__id__":1},"_children":[{"__id__":60}],"_components":[{"__type__":"cc.Layout","node":{"__id__":59},"_layoutSize":{"__type__":"cc.Size","width":321.9,"height":66.7},"_resize":2,"_N$layoutType":3,"_N$cellSize":{"__type__":"cc.Size","width":9,"height":9},"_N$startAxis":1,"_N$paddingLeft":1,"_N$paddingTop":1.5,"_N$spacingX":2.5,"_N$spacingY":2}],"_prefab":{"__type__":"cc.PrefabInfo","root":{"__id__":1},"asset":{"__uuid__":"87P9ZYBPlHxa2dnwBtJXwI"},"fileId":"a043i145FC27iHB9+BL5II"},"_contentSize":{"__type__":"cc.Size","width":321.9,"height":66.7},"_trs":{"__type__":"TypedArray","ctor":"Float64Array","array":[59.6,-98.5,0,0,0,0,1,1,1,1]}},{"__type__":"cc.Node","_name":"item","_parent":{"__id__":59},"_active":false,"_components":[{"__type__":"cc.Sprite","node":{"__id__":60},"_materials":[{"__uuid__":"ecpdLyjvZBwrvm+cedCcQy"}],"_spriteFrame":{"__uuid__":"96MFaZ9XhMQ6KVCEqtyspX"},"_sizeMode":0}],"_prefab":{"__type__":"cc.PrefabInfo","root":{"__id__":1},"asset":{"__uuid__":"87P9ZYBPlHxa2dnwBtJXwI"},"fileId":"98Ew6z9ulGrpcdofAEdGS9"},"_contentSize":{"__type__":"cc.Size","width":9,"height":9},"_trs":{"__type__":"TypedArray","ctor":"Float64Array","array":[-155.45,27.35,0,0,0,0,1,1,1,1]}},{"__type__":"cc.Node","_name":"yueyouLayout","_parent":{"__id__":1},"_children":[{"__id__":62}],"_components":[{"__type__":"cc.Layout","node":{"__id__":61},"_layoutSize":{"__type__":"cc.Size","width":321.9,"height":66.7},"_resize":2,"_N$layoutType":3,"_N$cellSize":{"__type__":"cc.Size","width":9,"height":9},"_N$startAxis":1,"_N$paddingLeft":1,"_N$paddingTop":1.5,"_N$spacingX":2.5,"_N$spacingY":2}],"_prefab":{"__type__":"cc.PrefabInfo","root":{"__id__":1},"asset":{"__uuid__":"87P9ZYBPlHxa2dnwBtJXwI"},"fileId":"36z3mb2TJHf4dJDuoeh8nb"},"_contentSize":{"__type__":"cc.Size","width":321.9,"height":66.7},"_trs":{"__type__":"TypedArray","ctor":"Float64Array","array":[381.402,-98.5,0,0,0,0,1,1,1,1]}},{"__type__":"cc.Node","_name":"item","_parent":{"__id__":61},"_active":false,"_components":[{"__type__":"cc.Sprite","node":{"__id__":62},"_materials":[{"__uuid__":"ecpdLyjvZBwrvm+cedCcQy"}],"_spriteFrame":{"__uuid__":"cajd1WCOtONJXQvE1zNDW+"},"_sizeMode":0}],"_prefab":{"__type__":"cc.PrefabInfo","root":{"__id__":1},"asset":{"__uuid__":"87P9ZYBPlHxa2dnwBtJXwI"},"fileId":"dfnVCwZYVDbplkiUTZYArx"},"_contentSize":{"__type__":"cc.Size","width":9,"height":9},"_trs":{"__type__":"TypedArray","ctor":"Float64Array","array":[-155.45,27.35,0,0,0,0,1,1,1,1]}},{"__type__":"cc.Node","_name":"startGameBtn","_parent":{"__id__":1},"_components":[{"__type__":"cc.Sprite","node":{"__id__":63},"_materials":[{"__uuid__":"ecpdLyjvZBwrvm+cedCcQy"}],"_spriteFrame":{"__uuid__":"17cj52QpRJaKjFjPeI5+ZA"}},{"__type__":"cc.Button","node":{"__id__":63},"clickEvents":[{"__type__":"cc.ClickEvent","target":{"__id__":1},"_componentId":"883f7m6Y2lNVK0iOYOMhnfI","handler":"startGame"}]}],"_prefab":{"__type__":"cc.PrefabInfo","root":{"__id__":1},"asset":{"__uuid__":"87P9ZYBPlHxa2dnwBtJXwI"},"fileId":"94c693/IFOvKw2vt723oFJ"},"_contentSize":{"__type__":"cc.Size","width":165,"height":53},"_trs":{"__type__":"TypedArray","ctor":"Float64Array","array":[455,-165,0,0,0,0,1,1,1,1]}},{"__type__":"cc.Node","_name":"cencerStartGameBtn","_parent":{"__id__":1},"_components":[{"__type__":"cc.Sprite","node":{"__id__":64},"_materials":[{"__uuid__":"ecpdLyjvZBwrvm+cedCcQy"}],"_spriteFrame":{"__uuid__":"a2MjXRFdtLlYQ5ouAFv/+R"},"_sizeMode":0},{"__type__":"cc.Button","node":{"__id__":64},"clickEvents":[{"__type__":"cc.ClickEvent","target":{"__id__":1},"_componentId":"883f7m6Y2lNVK0iOYOMhnfI","handler":"startGame"}]}],"_prefab":{"__type__":"cc.PrefabInfo","root":{"__id__":1},"asset":{"__uuid__":"87P9ZYBPlHxa2dnwBtJXwI"},"fileId":"7bVsqfs+BL+aMqx2rWMfp7"},"_opacity":0,"_contentSize":{"__type__":"cc.Size","width":931,"height":268},"_trs":{"__type__":"TypedArray","ctor":"Float64Array","array":[76,2,0,0,0,0,1,1,1,1]}},{"__type__":"cc.Node","_name":"curStatus","_parent":{"__id__":1},"_components":[{"__id__":66}],"_prefab":{"__type__":"cc.PrefabInfo","root":{"__id__":1},"asset":{"__uuid__":"87P9ZYBPlHxa2dnwBtJXwI"},"fileId":"1f0M6QufRLRrwOFJdI8Brj"},"_opacity":150,"_color":{"__type__":"cc.Color"},"_contentSize":{"__type__":"cc.Size","width":300,"height":151.2},"_trs":{"__type__":"TypedArray","ctor":"Float64Array","array":[230.324,0,0,0,0,0,1,1,1,1]}},{"__type__":"cc.Label","node":{"__id__":65},"_materials":[{"__uuid__":"ecpdLyjvZBwrvm+cedCcQy"}],"_useOriginalSize":false,"_string":"开牌中","_N$string":"开牌中","_fontSize":100,"_lineHeight":120,"_N$file":{"__uuid__":"46+JuiEWZM24PqUuDl8jKX"},"_isSystemFontUsed":false,"_N$horizontalAlign":1,"_N$verticalAlign":1},{"__type__":"cc.Node","_name":"curResultLab","_parent":{"__id__":1},"_components":[{"__id__":68}],"_prefab":{"__type__":"cc.PrefabInfo","root":{"__id__":1},"asset":{"__uuid__":"87P9ZYBPlHxa2dnwBtJXwI"},"fileId":"dcBvoO5itL86m4815ulW2T"},"_color":{"__type__":"cc.Color","r":41,"g":171,"b":216},"_contentSize":{"__type__":"cc.Size","height":151.2},"_trs":{"__type__":"TypedArray","ctor":"Float64Array","array":[230.324,0,0,0,0,0,1,1,1,1]}},{"__type__":"cc.Label","node":{"__id__":67},"_materials":[{"__uuid__":"ecpdLyjvZBwrvm+cedCcQy"}],"_useOriginalSize":false,"_fontSize":100,"_lineHeight":120,"_N$file":{"__uuid__":"46+JuiEWZM24PqUuDl8jKX"},"_isSystemFontUsed":false,"_N$horizontalAlign":1,"_N$verticalAlign":1}],{"__type__":"cc.SpriteFrame","content":{"name":"cicle_icon_blue","texture":"3dn4uZuXJLSqUYywI1ZTZy","rect":[750,590,24,24],"offset":[0,0],"originalSize":[24,24],"capInsets":[0,0,0,0]}},{"__type__":"cc.SpriteFrame","content":{"name":"wang","texture":"e1yQmXXQ9O3bS0pzleANtn","rect":[831,1233,42,44],"offset":[0,0],"originalSize":[42,44],"rotated":1,"capInsets":[0,0,0,0]}},{"__type__":"cc.SpriteFrame","content":{"name":"default_sprite_splash","texture":"02delMVqdBD70a/HSD99FK","rect":[0,0,2,2],"offset":[0,0],"originalSize":[2,2],"capInsets":[0,0,0,0]}},{"__type__":"cc.SpriteFrame","content":{"name":"cicle_icon_red","texture":"3dn4uZuXJLSqUYywI1ZTZy","rect":[994,558,24,24],"offset":[0,0],"originalSize":[24,24],"capInsets":[0,0,0,0]}},{"__type__":"cc.SpriteFrame","content":{"name":"xian_line","texture":"3dn4uZuXJLSqUYywI1ZTZy","rect":[1010,115,10,10],"offset":[0,0],"originalSize":[10,10],"capInsets":[0,0,0,0]}}]