[[{"__type__":"cc.Prefab","_name":"ToggleScene","data":{"__id__":1}},{"__type__":"cc.Node","_name":"ToggleScene","_children":[{"__id__":2}],"_components":[{"__type__":"cc.Sprite","node":{"__id__":1},"_materials":[{"__uuid__":"ecpdLyjvZBwrvm+cedCcQy"}],"_spriteFrame":{"__uuid__":"a2MjXRFdtLlYQ5ouAFv/+R"},"_sizeMode":0},{"__type__":"cc.Animation","node":{"__id__":1},"_defaultClip":{"__uuid__":"b3X9rjMwNJ8bWXpdBmH6vr"},"_clips":[{"__uuid__":"b3X9rjMwNJ8bWXpdBmH6vr"}]},{"__type__":"5095aBZ/UxM1IlI0Bkyek+a","node":{"__id__":1},"ToggleArr":[{"__id__":4},{"__id__":6},{"__id__":8}]},{"__type__":"cc.Widget","node":{"__id__":1},"_alignFlags":45,"_originalWidth":100,"_originalHeight":100}],"_prefab":{"__type__":"cc.PrefabInfo","root":{"__id__":1},"asset":{"__uuid__":"22qUCAbLhOEpJVURJoqFp4"},"fileId":"a0YjprC7xFrpU6lzGFGI2c"},"_color":{"__type__":"cc.Color"},"_contentSize":{"__type__":"cc.Size","width":1136,"height":640},"_trs":{"__type__":"TypedArray","ctor":"Float64Array","array":[568,320,0,0,0,0,1,1,1,1]}},{"__type__":"cc.Node","_name":"Layout","_parent":{"__id__":1},"_children":[{"__id__":3},{"__id__":5},{"__id__":7}],"_components":[{"__type__":"cc.Layout","node":{"__id__":2},"_layoutSize":{"__type__":"cc.Size","width":340,"height":60},"_resize":1,"_N$layoutType":1,"_N$spacingX":50}],"_prefab":{"__type__":"cc.PrefabInfo","root":{"__id__":1},"asset":{"__uuid__":"22qUCAbLhOEpJVURJoqFp4"},"fileId":"234evSYHtI75WLeU5LSP0g"},"_contentSize":{"__type__":"cc.Size","width":340,"height":60},"_trs":{"__type__":"TypedArray","ctor":"Float64Array","array":[0,0,0,0,0,0,1,1,1,1]}},{"__type__":"cc.Node","_name":"Label","_parent":{"__id__":2},"_components":[{"__id__":4}],"_prefab":{"__type__":"cc.PrefabInfo","root":{"__id__":1},"asset":{"__uuid__":"22qUCAbLhOEpJVURJoqFp4"},"fileId":"deueIKqrtGD4PHD2MQnHSF"},"_color":{"__type__":"cc.Color","r":252,"g":130,"b":24},"_contentSize":{"__type__":"cc.Size","width":80,"height":50.4},"_trs":{"__type__":"TypedArray","ctor":"Float64Array","array":[-130,0,0,0,0,0,1,1,1,1]}},{"__type__":"cc.Label","node":{"__id__":3},"_materials":[{"__uuid__":"ecpdLyjvZBwrvm+cedCcQy"}],"_useOriginalSize":false,"_string":"近景","_N$string":"近景","_N$horizontalAlign":1,"_N$verticalAlign":1},{"__type__":"cc.Node","_name":"Label","_parent":{"__id__":2},"_components":[{"__id__":6}],"_prefab":{"__type__":"cc.PrefabInfo","root":{"__id__":1},"asset":{"__uuid__":"22qUCAbLhOEpJVURJoqFp4"},"fileId":"b0M3ZBVtNOAJrsx+Fjdols"},"_contentSize":{"__type__":"cc.Size","width":80,"height":50.4},"_trs":{"__type__":"TypedArray","ctor":"Float64Array","array":[0,0,0,0,0,0,1,1,1,1]}},{"__type__":"cc.Label","node":{"__id__":5},"_materials":[{"__uuid__":"ecpdLyjvZBwrvm+cedCcQy"}],"_useOriginalSize":false,"_string":"远景","_N$string":"远景","_N$horizontalAlign":1,"_N$verticalAlign":1},{"__type__":"cc.Node","_name":"Label","_parent":{"__id__":2},"_components":[{"__id__":8}],"_prefab":{"__type__":"cc.PrefabInfo","root":{"__id__":1},"asset":{"__uuid__":"22qUCAbLhOEpJVURJoqFp4"},"fileId":"b5D5dGAG9L3pRsQwCRm/xU"},"_contentSize":{"__type__":"cc.Size","width":80,"height":50.4},"_trs":{"__type__":"TypedArray","ctor":"Float64Array","array":[130,0,0,0,0,0,1,1,1,1]}},{"__type__":"cc.Label","node":{"__id__":7},"_materials":[{"__uuid__":"ecpdLyjvZBwrvm+cedCcQy"}],"_useOriginalSize":false,"_string":"大厅","_N$string":"大厅","_N$horizontalAlign":1,"_N$verticalAlign":1}],{"__type__":"cc.SpriteFrame","content":{"name":"default_sprite_splash","texture":"02delMVqdBD70a/HSD99FK","rect":[0,0,2,2],"offset":[0,0],"originalSize":[2,2],"capInsets":[0,0,0,0]}}]