[{"__type__":"cc.SpriteFrame","content":{"name":"last_page_2","texture":"cfCpKgTV5PO4J+8KRBAv+M","rect":[142,884,126,49],"offset":[0,0],"originalSize":[126,49],"rotated":1,"capInsets":[0,0,0,0]}},{"__type__":"cc.SpriteFrame","content":{"name":"normal_tip_bg","texture":"cfCpKgTV5PO4J+8KRBAv+M","rect":[2,2,78,527],"offset":[0,0],"originalSize":[78,527],"capInsets":[26,0,24,0]}},[{"__type__":"cc.Prefab","_name":"RecordView","data":{"__id__":1}},{"__type__":"cc.Node","_name":"RecordView","_children":[{"__id__":2},{"__id__":3},{"__id__":4},{"__id__":5},{"__id__":14},{"__id__":138},{"__id__":140},{"__id__":142}],"_components":[{"__type__":"cc.Widget","node":{"__id__":1},"_alignFlags":45},{"__type__":"e5c81dAx/dHn6JbrH5oX0K4","node":{"__id__":1},"dateLayout":{"__id__":15},"recordLayout":{"__id__":57},"totalSumLab":{"__id__":139},"totalWashCodeLab":{"__id__":141}}],"_prefab":{"__type__":"cc.PrefabInfo","root":{"__id__":1},"asset":{"__uuid__":"2b3SXalPBPWIu4HtmLyHRz"},"fileId":"7bPTBoHdJED4QIkIMwBGDB"},"_contentSize":{"__type__":"cc.Size","width":1136,"height":640},"_trs":{"__type__":"TypedArray","ctor":"Float64Array","array":[568,320,0,0,0,0,1,1,1,1]}},{"__type__":"cc.Node","_name":"bg","_parent":{"__id__":1},"_components":[{"__type__":"cc.Sprite","node":{"__id__":2},"_materials":[{"__uuid__":"ecpdLyjvZBwrvm+cedCcQy"}],"_spriteFrame":{"__uuid__":"24yWtuBDVKdYg4jjClu6j7"},"_type":1,"_sizeMode":0},{"__type__":"cc.Button","node":{"__id__":2}}],"_prefab":{"__type__":"cc.PrefabInfo","root":{"__id__":1},"asset":{"__uuid__":"2b3SXalPBPWIu4HtmLyHRz"},"fileId":"91IEzyaFJGQ5vWZ91o8+uT"},"_contentSize":{"__type__":"cc.Size","width":991,"height":526},"_trs":{"__type__":"TypedArray","ctor":"Float64Array","array":[12,4,0,0,0,0,1,1,1,1]}},{"__type__":"cc.Node","_name":"exitBtn","_parent":{"__id__":1},"_components":[{"__type__":"cc.Sprite","node":{"__id__":3},"_materials":[{"__uuid__":"ecpdLyjvZBwrvm+cedCcQy"}],"_spriteFrame":{"__uuid__":"30Hcj40p5IxKuqJSTx5a7F"}},{"__type__":"cc.Button","node":{"__id__":3},"clickEvents":[{"__type__":"cc.ClickEvent","target":{"__id__":1},"_componentId":"e5c81dAx/dHn6JbrH5oX0K4","handler":"closePanel"}],"_N$transition":3,"transition":3}],"_prefab":{"__type__":"cc.PrefabInfo","root":{"__id__":1},"asset":{"__uuid__":"2b3SXalPBPWIu4HtmLyHRz"},"fileId":"791mWnX8ZAhKYzRO6iXbHm"},"_contentSize":{"__type__":"cc.Size","width":81,"height":78},"_trs":{"__type__":"TypedArray","ctor":"Float64Array","array":[504.596,225.393,0,0,0,0,1,1,1,1]}},{"__type__":"cc.Node","_name":"title","_parent":{"__id__":1},"_components":[{"__type__":"cc.Sprite","node":{"__id__":4},"_materials":[{"__uuid__":"ecpdLyjvZBwrvm+cedCcQy"}],"_spriteFrame":{"__uuid__":"96Zy84m4ZJZa0Q5DEdSqKm"}}],"_prefab":{"__type__":"cc.PrefabInfo","root":{"__id__":1},"asset":{"__uuid__":"2b3SXalPBPWIu4HtmLyHRz"},"fileId":"80SM0f8dVE9rv68Dtu6WbG"},"_contentSize":{"__type__":"cc.Size","width":351,"height":75},"_trs":{"__type__":"TypedArray","ctor":"Float64Array","array":[0,228.69,0,0,0,0,1,1,1,1]}},{"__type__":"cc.Node","_name":"titleLabNode","_parent":{"__id__":1},"_children":[{"__id__":6},{"__id__":7},{"__id__":8},{"__id__":9},{"__id__":10},{"__id__":11},{"__id__":12},{"__id__":13}],"_prefab":{"__type__":"cc.PrefabInfo","root":{"__id__":1},"asset":{"__uuid__":"2b3SXalPBPWIu4HtmLyHRz"},"fileId":"57DKmGBPZCyYztEGBG9iOD"},"_trs":{"__type__":"TypedArray","ctor":"Float64Array","array":[0,151.523,0,0,0,0,1,1,1,1]}},{"__type__":"cc.Node","_name":"label_1","_parent":{"__id__":5},"_components":[{"__type__":"cc.Label","node":{"__id__":6},"_materials":[{"__uuid__":"ecpdLyjvZBwrvm+cedCcQy"}],"_useOriginalSize":false,"_string":"日 期","_N$string":"日 期","_fontSize":14,"_lineHeight":20,"_N$file":{"__uuid__":"6cdYiskGtJJYGqTveEBiCW"},"_isSystemFontUsed":false,"_N$horizontalAlign":1,"_N$verticalAlign":1}],"_prefab":{"__type__":"cc.PrefabInfo","root":{"__id__":1},"asset":{"__uuid__":"2b3SXalPBPWIu4HtmLyHRz"},"fileId":"6emhww/QJN+qWoPnvXgLs1"},"_contentSize":{"__type__":"cc.Size","width":32.66,"height":25.2},"_trs":{"__type__":"TypedArray","ctor":"Float64Array","array":[-393.251,9.889,0,0,0,0,1,1,1,1]}},{"__type__":"cc.Node","_name":"label_2","_parent":{"__id__":5},"_components":[{"__type__":"cc.Label","node":{"__id__":7},"_materials":[{"__uuid__":"ecpdLyjvZBwrvm+cedCcQy"}],"_useOriginalSize":false,"_string":"行 号","_N$string":"行 号","_fontSize":14,"_lineHeight":20,"_N$file":{"__uuid__":"6cdYiskGtJJYGqTveEBiCW"},"_isSystemFontUsed":false,"_N$horizontalAlign":1,"_N$verticalAlign":1}],"_prefab":{"__type__":"cc.PrefabInfo","root":{"__id__":1},"asset":{"__uuid__":"2b3SXalPBPWIu4HtmLyHRz"},"fileId":"f0EvDGaYpKUaMPONYyrarK"},"_contentSize":{"__type__":"cc.Size","width":32.66,"height":25.2},"_trs":{"__type__":"TypedArray","ctor":"Float64Array","array":[-282.14,9.889,0,0,0,0,1,1,1,1]}},{"__type__":"cc.Node","_name":"label_3","_parent":{"__id__":5},"_active":false,"_components":[{"__type__":"cc.Label","node":{"__id__":8},"_materials":[{"__uuid__":"ecpdLyjvZBwrvm+cedCcQy"}],"_useOriginalSize":false,"_string":"注 单 号","_N$string":"注 单 号","_fontSize":14,"_lineHeight":20,"_N$file":{"__uuid__":"6cdYiskGtJJYGqTveEBiCW"},"_isSystemFontUsed":false,"_N$horizontalAlign":1,"_N$verticalAlign":1}],"_prefab":{"__type__":"cc.PrefabInfo","root":{"__id__":1},"asset":{"__uuid__":"2b3SXalPBPWIu4HtmLyHRz"},"fileId":"e3Ja8M74NFb5vklUTiXDYL"},"_contentSize":{"__type__":"cc.Size","width":51.32,"height":25.2},"_trs":{"__type__":"TypedArray","ctor":"Float64Array","array":[-163.466,9.889,0,0,0,0,1,1,1,1]}},{"__type__":"cc.Node","_name":"label_4","_parent":{"__id__":5},"_components":[{"__type__":"cc.Label","node":{"__id__":9},"_materials":[{"__uuid__":"ecpdLyjvZBwrvm+cedCcQy"}],"_useOriginalSize":false,"_string":"时 间","_N$string":"时 间","_fontSize":14,"_lineHeight":20,"_N$file":{"__uuid__":"6cdYiskGtJJYGqTveEBiCW"},"_isSystemFontUsed":false,"_N$horizontalAlign":1,"_N$verticalAlign":1}],"_prefab":{"__type__":"cc.PrefabInfo","root":{"__id__":1},"asset":{"__uuid__":"2b3SXalPBPWIu4HtmLyHRz"},"fileId":"9cU4WeGiRNF7MQxC1e8AIE"},"_contentSize":{"__type__":"cc.Size","width":32.66,"height":25.2},"_trs":{"__type__":"TypedArray","ctor":"Float64Array","array":[-186.19,9.889,0,0,0,0,1,1,1,1]}},{"__type__":"cc.Node","_name":"label_5","_parent":{"__id__":5},"_components":[{"__type__":"cc.Label","node":{"__id__":10},"_materials":[{"__uuid__":"ecpdLyjvZBwrvm+cedCcQy"}],"_useOriginalSize":false,"_string":"详 细 注 单","_N$string":"详 细 注 单","_fontSize":14,"_lineHeight":20,"_N$file":{"__uuid__":"6cdYiskGtJJYGqTveEBiCW"},"_isSystemFontUsed":false,"_N$horizontalAlign":1,"_N$verticalAlign":1}],"_prefab":{"__type__":"cc.PrefabInfo","root":{"__id__":1},"asset":{"__uuid__":"2b3SXalPBPWIu4HtmLyHRz"},"fileId":"3c86o2gdJBMZsg2eEvZOEC"},"_contentSize":{"__type__":"cc.Size","width":69.99,"height":25.2},"_trs":{"__type__":"TypedArray","ctor":"Float64Array","array":[-62.809,9.889,0,0,0,0,1,1,1,1]}},{"__type__":"cc.Node","_name":"label_6","_parent":{"__id__":5},"_components":[{"__type__":"cc.Label","node":{"__id__":11},"_materials":[{"__uuid__":"ecpdLyjvZBwrvm+cedCcQy"}],"_useOriginalSize":false,"_string":"投 注 金 额","_N$string":"投 注 金 额","_fontSize":14,"_lineHeight":20,"_N$file":{"__uuid__":"6cdYiskGtJJYGqTveEBiCW"},"_isSystemFontUsed":false,"_N$horizontalAlign":1,"_N$verticalAlign":1}],"_prefab":{"__type__":"cc.PrefabInfo","root":{"__id__":1},"asset":{"__uuid__":"2b3SXalPBPWIu4HtmLyHRz"},"fileId":"4di1JIL/VFyqfoD0OYeY+R"},"_contentSize":{"__type__":"cc.Size","width":69.99,"height":25.2},"_trs":{"__type__":"TypedArray","ctor":"Float64Array","array":[143.399,9.889,0,0,0,0,1,1,1,1]}},{"__type__":"cc.Node","_name":"label_7","_parent":{"__id__":5},"_components":[{"__type__":"cc.Label","node":{"__id__":12},"_materials":[{"__uuid__":"ecpdLyjvZBwrvm+cedCcQy"}],"_useOriginalSize":false,"_string":"输赢","_N$string":"输赢","_fontSize":14,"_lineHeight":20,"_N$file":{"__uuid__":"6cdYiskGtJJYGqTveEBiCW"},"_isSystemFontUsed":false,"_N$horizontalAlign":1,"_N$verticalAlign":1}],"_prefab":{"__type__":"cc.PrefabInfo","root":{"__id__":1},"asset":{"__uuid__":"2b3SXalPBPWIu4HtmLyHRz"},"fileId":"50jMwm0y5O4b+7rJhO+2Ic"},"_contentSize":{"__type__":"cc.Size","width":28,"height":25.2},"_trs":{"__type__":"TypedArray","ctor":"Float64Array","array":[300,9.889,0,0,0,0,1,1,1,1]}},{"__type__":"cc.Node","_name":"label_8","_parent":{"__id__":5},"_components":[{"__type__":"cc.Label","node":{"__id__":13},"_materials":[{"__uuid__":"ecpdLyjvZBwrvm+cedCcQy"}],"_useOriginalSize":false,"_string":"投 注 状 态","_N$string":"投 注 状 态","_fontSize":14,"_lineHeight":20,"_N$file":{"__uuid__":"6cdYiskGtJJYGqTveEBiCW"},"_isSystemFontUsed":false,"_N$horizontalAlign":1,"_N$verticalAlign":1}],"_prefab":{"__type__":"cc.PrefabInfo","root":{"__id__":1},"asset":{"__uuid__":"2b3SXalPBPWIu4HtmLyHRz"},"fileId":"e8Zgc2KPVJ9oFRAsCHMMa8"},"_contentSize":{"__type__":"cc.Size","width":69.99,"height":25.2},"_trs":{"__type__":"TypedArray","ctor":"Float64Array","array":[426.85,9.889,0,0,0,0,1,1,1,1]}},{"__type__":"cc.Node","_name":"mask","_parent":{"__id__":1},"_children":[{"__id__":15},{"__id__":57}],"_components":[{"__type__":"cc.Mask","node":{"__id__":14},"_materials":[{"__uuid__":"ecpdLyjvZBwrvm+cedCcQy"}],"_N$alphaThreshold":0}],"_prefab":{"__type__":"cc.PrefabInfo","root":{"__id__":1},"asset":{"__uuid__":"2b3SXalPBPWIu4HtmLyHRz"},"fileId":"8fUIlqFsRNJql52l5ydCL8"},"_contentSize":{"__type__":"cc.Size","width":966,"height":292},"_trs":{"__type__":"TypedArray","ctor":"Float64Array","array":[12,-2,0,0,0,0,1,1,1,1]}},{"__type__":"cc.Node","_name":"dateLayout","_parent":{"__id__":14},"_children":[{"__id__":16},{"__id__":25},{"__id__":33},{"__id__":41},{"__id__":49}],"_components":[{"__type__":"cc.Layout","node":{"__id__":15},"_layoutSize":{"__type__":"cc.Size","width":146.5,"height":288},"_resize":1,"_N$layoutType":2,"_N$spacingY":2},{"__id__":24}],"_prefab":{"__type__":"cc.PrefabInfo","root":{"__id__":1},"asset":{"__uuid__":"2b3SXalPBPWIu4HtmLyHRz"},"fileId":"batcS31aFGjrdduz6sZ1Yx"},"_contentSize":{"__type__":"cc.Size","width":146.5,"height":288},"_anchorPoint":{"__type__":"cc.Vec2","x":0.5,"y":1},"_trs":{"__type__":"TypedArray","ctor":"Float64Array","array":[-398.7,145,0,0,0,0,1,1,1,1]}},{"__type__":"cc.Node","_name":"dateItem","_parent":{"__id__":15},"_children":[{"__id__":17},{"__id__":18},{"__id__":20}],"_components":[{"__type__":"d4e0bY8IpBA+Y0szjL+VLUN","node":{"__id__":16},"bgDateLab":{"__id__":19},"checkMarkDateLab":{"__id__":22}},{"__type__":"cc.Toggle","node":{"__id__":16},"_N$transition":3,"transition":3,"toggleGroup":{"__id__":24},"checkMark":{"__id__":23},"checkEvents":[{"__type__":"cc.ClickEvent","target":{"__id__":1},"_componentId":"e5c81dAx/dHn6JbrH5oX0K4","handler":"onClickDateTog"}]}],"_prefab":{"__type__":"cc.PrefabInfo","root":{"__id__":1},"asset":{"__uuid__":"2b3SXalPBPWIu4HtmLyHRz"},"fileId":"b0Ujr/qitE/IAfIhXoVa8L"},"_contentSize":{"__type__":"cc.Size","width":150.7,"height":56},"_trs":{"__type__":"TypedArray","ctor":"Float64Array","array":[0,-28,0,0,0,0,1,1,1,1]}},{"__type__":"cc.Node","_name":"sp","_parent":{"__id__":16},"_components":[{"__type__":"cc.Sprite","node":{"__id__":17},"_materials":[{"__uuid__":"ecpdLyjvZBwrvm+cedCcQy"}],"_spriteFrame":{"__uuid__":"f9BjRs4/NFz4J8t/aKywAJ"},"_type":1,"_sizeMode":0}],"_prefab":{"__type__":"cc.PrefabInfo","root":{"__id__":1},"asset":{"__uuid__":"2b3SXalPBPWIu4HtmLyHRz"},"fileId":"a0pEa/NSVHDY7ksdtgN5Sd"},"_opacity":214,"_contentSize":{"__type__":"cc.Size","width":150.7,"height":56},"_trs":{"__type__":"TypedArray","ctor":"Float64Array","array":[0,0,0,0,0,0,1,1,1,1]}},{"__type__":"cc.Node","_name":"bg","_parent":{"__id__":16},"_components":[{"__id__":19}],"_prefab":{"__type__":"cc.PrefabInfo","root":{"__id__":1},"asset":{"__uuid__":"2b3SXalPBPWIu4HtmLyHRz"},"fileId":"da4/e3w/dKsaxvABhd3Lhd"},"_contentSize":{"__type__":"cc.Size","width":88.91,"height":25.2},"_trs":{"__type__":"TypedArray","ctor":"Float64Array","array":[0,0,0,0,0,0,1,1,1,1]}},{"__type__":"cc.Label","node":{"__id__":18},"_materials":[{"__uuid__":"ecpdLyjvZBwrvm+cedCcQy"}],"_useOriginalSize":false,"_string":"2020-04-07","_N$string":"2020-04-07","_fontSize":16,"_lineHeight":20,"_N$file":{"__uuid__":"6cdYiskGtJJYGqTveEBiCW"},"_isSystemFontUsed":false,"_N$horizontalAlign":1,"_N$verticalAlign":1},{"__type__":"cc.Node","_name":"checkmarkNode","_parent":{"__id__":16},"_children":[{"__id__":21}],"_components":[{"__id__":23}],"_prefab":{"__type__":"cc.PrefabInfo","root":{"__id__":1},"asset":{"__uuid__":"2b3SXalPBPWIu4HtmLyHRz"},"fileId":"bdrXNSqiRMRoGFDlzuI3lk"},"_opacity":214,"_contentSize":{"__type__":"cc.Size","width":150.7,"height":56},"_trs":{"__type__":"TypedArray","ctor":"Float64Array","array":[0,0,0,0,0,0,1,1,1,1]}},{"__type__":"cc.Node","_name":"checkmark","_parent":{"__id__":20},"_components":[{"__id__":22}],"_prefab":{"__type__":"cc.PrefabInfo","root":{"__id__":1},"asset":{"__uuid__":"2b3SXalPBPWIu4HtmLyHRz"},"fileId":"ffiDFmPDRE/4yLslklYvf5"},"_color":{"__type__":"cc.Color","r":255,"g":239},"_contentSize":{"__type__":"cc.Size","width":88.91,"height":25.2},"_trs":{"__type__":"TypedArray","ctor":"Float64Array","array":[0,0,0,0,0,0,1,1,1,1]}},{"__type__":"cc.Label","node":{"__id__":21},"_materials":[{"__uuid__":"ecpdLyjvZBwrvm+cedCcQy"}],"_useOriginalSize":false,"_string":"2020-04-07","_N$string":"2020-04-07","_fontSize":16,"_lineHeight":20,"_N$file":{"__uuid__":"6cdYiskGtJJYGqTveEBiCW"},"_isSystemFontUsed":false,"_N$horizontalAlign":1,"_N$verticalAlign":1},{"__type__":"cc.Sprite","node":{"__id__":20},"_materials":[{"__uuid__":"ecpdLyjvZBwrvm+cedCcQy"}],"_type":1,"_sizeMode":0},{"__type__":"cc.ToggleGroup","node":{"__id__":15}},{"__type__":"cc.Node","_name":"dateItem copy","_parent":{"__id__":15},"_children":[{"__id__":26},{"__id__":27},{"__id__":29}],"_components":[{"__type__":"d4e0bY8IpBA+Y0szjL+VLUN","node":{"__id__":25},"bgDateLab":{"__id__":28},"checkMarkDateLab":{"__id__":31}},{"__type__":"cc.Toggle","node":{"__id__":25},"_N$transition":3,"transition":3,"_N$isChecked":false,"toggleGroup":{"__id__":24},"checkMark":{"__id__":32},"checkEvents":[{"__type__":"cc.ClickEvent","target":{"__id__":1},"_componentId":"e5c81dAx/dHn6JbrH5oX0K4","handler":"onClickDateTog"}]}],"_prefab":{"__type__":"cc.PrefabInfo","root":{"__id__":1},"asset":{"__uuid__":"2b3SXalPBPWIu4HtmLyHRz"},"fileId":"8algKELENM0KDgPUUWUiCn"},"_contentSize":{"__type__":"cc.Size","width":150.7,"height":56},"_trs":{"__type__":"TypedArray","ctor":"Float64Array","array":[0,-86,0,0,0,0,1,1,1,1]}},{"__type__":"cc.Node","_name":"sp","_parent":{"__id__":25},"_components":[{"__type__":"cc.Sprite","node":{"__id__":26},"_materials":[{"__uuid__":"ecpdLyjvZBwrvm+cedCcQy"}],"_spriteFrame":{"__uuid__":"f9BjRs4/NFz4J8t/aKywAJ"},"_type":1,"_sizeMode":0}],"_prefab":{"__type__":"cc.PrefabInfo","root":{"__id__":1},"asset":{"__uuid__":"2b3SXalPBPWIu4HtmLyHRz"},"fileId":"13zbN9jCJOCZqMCU5ZMHJG"},"_opacity":214,"_contentSize":{"__type__":"cc.Size","width":150.7,"height":56},"_trs":{"__type__":"TypedArray","ctor":"Float64Array","array":[0,0,0,0,0,0,1,1,1,1]}},{"__type__":"cc.Node","_name":"bg","_parent":{"__id__":25},"_components":[{"__id__":28}],"_prefab":{"__type__":"cc.PrefabInfo","root":{"__id__":1},"asset":{"__uuid__":"2b3SXalPBPWIu4HtmLyHRz"},"fileId":"a6MynUSspLYofC36OJPOA0"},"_contentSize":{"__type__":"cc.Size","width":88.91,"height":25.2},"_trs":{"__type__":"TypedArray","ctor":"Float64Array","array":[0,0,0,0,0,0,1,1,1,1]}},{"__type__":"cc.Label","node":{"__id__":27},"_materials":[{"__uuid__":"ecpdLyjvZBwrvm+cedCcQy"}],"_useOriginalSize":false,"_string":"2020-04-07","_N$string":"2020-04-07","_fontSize":16,"_lineHeight":20,"_N$file":{"__uuid__":"6cdYiskGtJJYGqTveEBiCW"},"_isSystemFontUsed":false,"_N$horizontalAlign":1,"_N$verticalAlign":1},{"__type__":"cc.Node","_name":"checkmarkNode","_parent":{"__id__":25},"_children":[{"__id__":30}],"_active":false,"_components":[{"__id__":32}],"_prefab":{"__type__":"cc.PrefabInfo","root":{"__id__":1},"asset":{"__uuid__":"2b3SXalPBPWIu4HtmLyHRz"},"fileId":"b1hkZPVDNMQ48aLLl+tMk8"},"_opacity":214,"_contentSize":{"__type__":"cc.Size","width":150.7,"height":56},"_trs":{"__type__":"TypedArray","ctor":"Float64Array","array":[0,0,0,0,0,0,1,1,1,1]}},{"__type__":"cc.Node","_name":"checkmark","_parent":{"__id__":29},"_components":[{"__id__":31}],"_prefab":{"__type__":"cc.PrefabInfo","root":{"__id__":1},"asset":{"__uuid__":"2b3SXalPBPWIu4HtmLyHRz"},"fileId":"424bsQ5PRG+6GUszMKkqqO"},"_color":{"__type__":"cc.Color","r":255,"g":239},"_contentSize":{"__type__":"cc.Size","width":88.91,"height":25.2},"_trs":{"__type__":"TypedArray","ctor":"Float64Array","array":[0,0,0,0,0,0,1,1,1,1]}},{"__type__":"cc.Label","node":{"__id__":30},"_materials":[{"__uuid__":"ecpdLyjvZBwrvm+cedCcQy"}],"_useOriginalSize":false,"_string":"2020-04-07","_N$string":"2020-04-07","_fontSize":16,"_lineHeight":20,"_N$file":{"__uuid__":"6cdYiskGtJJYGqTveEBiCW"},"_isSystemFontUsed":false,"_N$horizontalAlign":1,"_N$verticalAlign":1},{"__type__":"cc.Sprite","node":{"__id__":29},"_materials":[{"__uuid__":"ecpdLyjvZBwrvm+cedCcQy"}],"_type":1,"_sizeMode":0},{"__type__":"cc.Node","_name":"dateItem copy","_parent":{"__id__":15},"_children":[{"__id__":34},{"__id__":35},{"__id__":37}],"_components":[{"__type__":"d4e0bY8IpBA+Y0szjL+VLUN","node":{"__id__":33},"bgDateLab":{"__id__":36},"checkMarkDateLab":{"__id__":39}},{"__type__":"cc.Toggle","node":{"__id__":33},"_N$transition":3,"transition":3,"_N$isChecked":false,"toggleGroup":{"__id__":24},"checkMark":{"__id__":40},"checkEvents":[{"__type__":"cc.ClickEvent","target":{"__id__":1},"_componentId":"e5c81dAx/dHn6JbrH5oX0K4","handler":"onClickDateTog"}]}],"_prefab":{"__type__":"cc.PrefabInfo","root":{"__id__":1},"asset":{"__uuid__":"2b3SXalPBPWIu4HtmLyHRz"},"fileId":"dcOnCMBINHBo+aFvQ4Wrjv"},"_contentSize":{"__type__":"cc.Size","width":150.7,"height":56},"_trs":{"__type__":"TypedArray","ctor":"Float64Array","array":[0,-144,0,0,0,0,1,1,1,1]}},{"__type__":"cc.Node","_name":"sp","_parent":{"__id__":33},"_components":[{"__type__":"cc.Sprite","node":{"__id__":34},"_materials":[{"__uuid__":"ecpdLyjvZBwrvm+cedCcQy"}],"_spriteFrame":{"__uuid__":"f9BjRs4/NFz4J8t/aKywAJ"},"_type":1,"_sizeMode":0}],"_prefab":{"__type__":"cc.PrefabInfo","root":{"__id__":1},"asset":{"__uuid__":"2b3SXalPBPWIu4HtmLyHRz"},"fileId":"e18uTE2pBEzoENIHahjRFX"},"_opacity":214,"_contentSize":{"__type__":"cc.Size","width":150.7,"height":56},"_trs":{"__type__":"TypedArray","ctor":"Float64Array","array":[0,0,0,0,0,0,1,1,1,1]}},{"__type__":"cc.Node","_name":"bg","_parent":{"__id__":33},"_components":[{"__id__":36}],"_prefab":{"__type__":"cc.PrefabInfo","root":{"__id__":1},"asset":{"__uuid__":"2b3SXalPBPWIu4HtmLyHRz"},"fileId":"c1ugFSjMdBlpqlrWCAKuvW"},"_contentSize":{"__type__":"cc.Size","width":88.91,"height":25.2},"_trs":{"__type__":"TypedArray","ctor":"Float64Array","array":[0,0,0,0,0,0,1,1,1,1]}},{"__type__":"cc.Label","node":{"__id__":35},"_materials":[{"__uuid__":"ecpdLyjvZBwrvm+cedCcQy"}],"_useOriginalSize":false,"_string":"2020-04-07","_N$string":"2020-04-07","_fontSize":16,"_lineHeight":20,"_N$file":{"__uuid__":"6cdYiskGtJJYGqTveEBiCW"},"_isSystemFontUsed":false,"_N$horizontalAlign":1,"_N$verticalAlign":1},{"__type__":"cc.Node","_name":"checkmarkNode","_parent":{"__id__":33},"_children":[{"__id__":38}],"_active":false,"_components":[{"__id__":40}],"_prefab":{"__type__":"cc.PrefabInfo","root":{"__id__":1},"asset":{"__uuid__":"2b3SXalPBPWIu4HtmLyHRz"},"fileId":"9eAo6spRxD+6s32iYWJd+l"},"_opacity":214,"_contentSize":{"__type__":"cc.Size","width":150.7,"height":56},"_trs":{"__type__":"TypedArray","ctor":"Float64Array","array":[0,0,0,0,0,0,1,1,1,1]}},{"__type__":"cc.Node","_name":"checkmark","_parent":{"__id__":37},"_components":[{"__id__":39}],"_prefab":{"__type__":"cc.PrefabInfo","root":{"__id__":1},"asset":{"__uuid__":"2b3SXalPBPWIu4HtmLyHRz"},"fileId":"4bioVHkoNKp6FdUiuVwOUd"},"_color":{"__type__":"cc.Color","r":255,"g":239},"_contentSize":{"__type__":"cc.Size","width":88.91,"height":25.2},"_trs":{"__type__":"TypedArray","ctor":"Float64Array","array":[0,0,0,0,0,0,1,1,1,1]}},{"__type__":"cc.Label","node":{"__id__":38},"_materials":[{"__uuid__":"ecpdLyjvZBwrvm+cedCcQy"}],"_useOriginalSize":false,"_string":"2020-04-07","_N$string":"2020-04-07","_fontSize":16,"_lineHeight":20,"_N$file":{"__uuid__":"6cdYiskGtJJYGqTveEBiCW"},"_isSystemFontUsed":false,"_N$horizontalAlign":1,"_N$verticalAlign":1},{"__type__":"cc.Sprite","node":{"__id__":37},"_materials":[{"__uuid__":"ecpdLyjvZBwrvm+cedCcQy"}],"_type":1,"_sizeMode":0},{"__type__":"cc.Node","_name":"dateItem copy","_parent":{"__id__":15},"_children":[{"__id__":42},{"__id__":43},{"__id__":45}],"_components":[{"__type__":"d4e0bY8IpBA+Y0szjL+VLUN","node":{"__id__":41},"bgDateLab":{"__id__":44},"checkMarkDateLab":{"__id__":47}},{"__type__":"cc.Toggle","node":{"__id__":41},"_N$transition":3,"transition":3,"_N$isChecked":false,"toggleGroup":{"__id__":24},"checkMark":{"__id__":48},"checkEvents":[{"__type__":"cc.ClickEvent","target":{"__id__":1},"_componentId":"e5c81dAx/dHn6JbrH5oX0K4","handler":"onClickDateTog"}]}],"_prefab":{"__type__":"cc.PrefabInfo","root":{"__id__":1},"asset":{"__uuid__":"2b3SXalPBPWIu4HtmLyHRz"},"fileId":"a4xXuk2khIIYcM3iLnQ8fj"},"_contentSize":{"__type__":"cc.Size","width":150.7,"height":56},"_trs":{"__type__":"TypedArray","ctor":"Float64Array","array":[0,-202,0,0,0,0,1,1,1,1]}},{"__type__":"cc.Node","_name":"sp","_parent":{"__id__":41},"_components":[{"__type__":"cc.Sprite","node":{"__id__":42},"_materials":[{"__uuid__":"ecpdLyjvZBwrvm+cedCcQy"}],"_spriteFrame":{"__uuid__":"f9BjRs4/NFz4J8t/aKywAJ"},"_type":1,"_sizeMode":0}],"_prefab":{"__type__":"cc.PrefabInfo","root":{"__id__":1},"asset":{"__uuid__":"2b3SXalPBPWIu4HtmLyHRz"},"fileId":"d91v352IBN36NEeihk+LuG"},"_opacity":214,"_contentSize":{"__type__":"cc.Size","width":150.7,"height":56},"_trs":{"__type__":"TypedArray","ctor":"Float64Array","array":[0,0,0,0,0,0,1,1,1,1]}},{"__type__":"cc.Node","_name":"bg","_parent":{"__id__":41},"_components":[{"__id__":44}],"_prefab":{"__type__":"cc.PrefabInfo","root":{"__id__":1},"asset":{"__uuid__":"2b3SXalPBPWIu4HtmLyHRz"},"fileId":"2bKhz3UY5LsIfXBlWNZS14"},"_contentSize":{"__type__":"cc.Size","width":88.91,"height":25.2},"_trs":{"__type__":"TypedArray","ctor":"Float64Array","array":[0,0,0,0,0,0,1,1,1,1]}},{"__type__":"cc.Label","node":{"__id__":43},"_materials":[{"__uuid__":"ecpdLyjvZBwrvm+cedCcQy"}],"_useOriginalSize":false,"_string":"2020-04-07","_N$string":"2020-04-07","_fontSize":16,"_lineHeight":20,"_N$file":{"__uuid__":"6cdYiskGtJJYGqTveEBiCW"},"_isSystemFontUsed":false,"_N$horizontalAlign":1,"_N$verticalAlign":1},{"__type__":"cc.Node","_name":"checkmarkNode","_parent":{"__id__":41},"_children":[{"__id__":46}],"_active":false,"_components":[{"__id__":48}],"_prefab":{"__type__":"cc.PrefabInfo","root":{"__id__":1},"asset":{"__uuid__":"2b3SXalPBPWIu4HtmLyHRz"},"fileId":"39RKXIVWpLxYBt/BdeALn7"},"_opacity":214,"_contentSize":{"__type__":"cc.Size","width":150.7,"height":56},"_trs":{"__type__":"TypedArray","ctor":"Float64Array","array":[0,0,0,0,0,0,1,1,1,1]}},{"__type__":"cc.Node","_name":"checkmark","_parent":{"__id__":45},"_components":[{"__id__":47}],"_prefab":{"__type__":"cc.PrefabInfo","root":{"__id__":1},"asset":{"__uuid__":"2b3SXalPBPWIu4HtmLyHRz"},"fileId":"3dHwcjqJdLirNqn4NFmU8O"},"_color":{"__type__":"cc.Color","r":255,"g":239},"_contentSize":{"__type__":"cc.Size","width":88.91,"height":25.2},"_trs":{"__type__":"TypedArray","ctor":"Float64Array","array":[0,0,0,0,0,0,1,1,1,1]}},{"__type__":"cc.Label","node":{"__id__":46},"_materials":[{"__uuid__":"ecpdLyjvZBwrvm+cedCcQy"}],"_useOriginalSize":false,"_string":"2020-04-07","_N$string":"2020-04-07","_fontSize":16,"_lineHeight":20,"_N$file":{"__uuid__":"6cdYiskGtJJYGqTveEBiCW"},"_isSystemFontUsed":false,"_N$horizontalAlign":1,"_N$verticalAlign":1},{"__type__":"cc.Sprite","node":{"__id__":45},"_materials":[{"__uuid__":"ecpdLyjvZBwrvm+cedCcQy"}],"_type":1,"_sizeMode":0},{"__type__":"cc.Node","_name":"dateItem copy","_parent":{"__id__":15},"_children":[{"__id__":50},{"__id__":51},{"__id__":53}],"_components":[{"__type__":"d4e0bY8IpBA+Y0szjL+VLUN","node":{"__id__":49},"bgDateLab":{"__id__":52},"checkMarkDateLab":{"__id__":55}},{"__type__":"cc.Toggle","node":{"__id__":49},"_N$transition":3,"transition":3,"_N$isChecked":false,"toggleGroup":{"__id__":24},"checkMark":{"__id__":56},"checkEvents":[{"__type__":"cc.ClickEvent","target":{"__id__":1},"_componentId":"e5c81dAx/dHn6JbrH5oX0K4","handler":"onClickDateTog"}]}],"_prefab":{"__type__":"cc.PrefabInfo","root":{"__id__":1},"asset":{"__uuid__":"2b3SXalPBPWIu4HtmLyHRz"},"fileId":"370jKSpmZJcbZr9TtiFko3"},"_contentSize":{"__type__":"cc.Size","width":150.7,"height":56},"_trs":{"__type__":"TypedArray","ctor":"Float64Array","array":[0,-260,0,0,0,0,1,1,1,1]}},{"__type__":"cc.Node","_name":"sp","_parent":{"__id__":49},"_components":[{"__type__":"cc.Sprite","node":{"__id__":50},"_materials":[{"__uuid__":"ecpdLyjvZBwrvm+cedCcQy"}],"_spriteFrame":{"__uuid__":"f9BjRs4/NFz4J8t/aKywAJ"},"_type":1,"_sizeMode":0}],"_prefab":{"__type__":"cc.PrefabInfo","root":{"__id__":1},"asset":{"__uuid__":"2b3SXalPBPWIu4HtmLyHRz"},"fileId":"84DunCnfdC4IRWdU3JuzwO"},"_opacity":214,"_contentSize":{"__type__":"cc.Size","width":150.7,"height":56},"_trs":{"__type__":"TypedArray","ctor":"Float64Array","array":[0,0,0,0,0,0,1,1,1,1]}},{"__type__":"cc.Node","_name":"bg","_parent":{"__id__":49},"_components":[{"__id__":52}],"_prefab":{"__type__":"cc.PrefabInfo","root":{"__id__":1},"asset":{"__uuid__":"2b3SXalPBPWIu4HtmLyHRz"},"fileId":"71kxBlwTNH85I6i++ESJgV"},"_contentSize":{"__type__":"cc.Size","width":88.91,"height":25.2},"_trs":{"__type__":"TypedArray","ctor":"Float64Array","array":[0,0,0,0,0,0,1,1,1,1]}},{"__type__":"cc.Label","node":{"__id__":51},"_materials":[{"__uuid__":"ecpdLyjvZBwrvm+cedCcQy"}],"_useOriginalSize":false,"_string":"2020-04-07","_N$string":"2020-04-07","_fontSize":16,"_lineHeight":20,"_N$file":{"__uuid__":"6cdYiskGtJJYGqTveEBiCW"},"_isSystemFontUsed":false,"_N$horizontalAlign":1,"_N$verticalAlign":1},{"__type__":"cc.Node","_name":"checkmarkNode","_parent":{"__id__":49},"_children":[{"__id__":54}],"_active":false,"_components":[{"__id__":56}],"_prefab":{"__type__":"cc.PrefabInfo","root":{"__id__":1},"asset":{"__uuid__":"2b3SXalPBPWIu4HtmLyHRz"},"fileId":"a4YF2IeeRC1oyD+ZeLBfW7"},"_opacity":214,"_contentSize":{"__type__":"cc.Size","width":150.7,"height":56},"_trs":{"__type__":"TypedArray","ctor":"Float64Array","array":[0,0,0,0,0,0,1,1,1,1]}},{"__type__":"cc.Node","_name":"checkmark","_parent":{"__id__":53},"_components":[{"__id__":55}],"_prefab":{"__type__":"cc.PrefabInfo","root":{"__id__":1},"asset":{"__uuid__":"2b3SXalPBPWIu4HtmLyHRz"},"fileId":"56Rb9gYyVBY62zHnj4pXQv"},"_color":{"__type__":"cc.Color","r":255,"g":239},"_contentSize":{"__type__":"cc.Size","width":88.91,"height":25.2},"_trs":{"__type__":"TypedArray","ctor":"Float64Array","array":[0,0,0,0,0,0,1,1,1,1]}},{"__type__":"cc.Label","node":{"__id__":54},"_materials":[{"__uuid__":"ecpdLyjvZBwrvm+cedCcQy"}],"_useOriginalSize":false,"_string":"2020-04-07","_N$string":"2020-04-07","_fontSize":16,"_lineHeight":20,"_N$file":{"__uuid__":"6cdYiskGtJJYGqTveEBiCW"},"_isSystemFontUsed":false,"_N$horizontalAlign":1,"_N$verticalAlign":1},{"__type__":"cc.Sprite","node":{"__id__":53},"_materials":[{"__uuid__":"ecpdLyjvZBwrvm+cedCcQy"}],"_type":1,"_sizeMode":0},{"__type__":"cc.Node","_name":"itemLayout","_parent":{"__id__":14},"_children":[{"__id__":58},{"__id__":74},{"__id__":90},{"__id__":106},{"__id__":122}],"_components":[{"__type__":"cc.Layout","node":{"__id__":57},"_layoutSize":{"__type__":"cc.Size","width":803,"height":288},"_resize":1,"_N$layoutType":2,"_N$spacingY":2}],"_prefab":{"__type__":"cc.PrefabInfo","root":{"__id__":1},"asset":{"__uuid__":"2b3SXalPBPWIu4HtmLyHRz"},"fileId":"2eIYVcHWhC9qa4OcyaMpWP"},"_contentSize":{"__type__":"cc.Size","width":803,"height":288},"_anchorPoint":{"__type__":"cc.Vec2","x":0.5,"y":1},"_trs":{"__type__":"TypedArray","ctor":"Float64Array","array":[82,145,0,0,0,0,1,1,1,1]}},{"__type__":"cc.Node","_name":"recordItem","_parent":{"__id__":57},"_children":[{"__id__":59},{"__id__":60},{"__id__":62},{"__id__":64},{"__id__":66},{"__id__":68},{"__id__":70},{"__id__":72}],"_components":[{"__type__":"1c85f34cuFM5a9Rj/rAMg6X","node":{"__id__":58},"lineNumLab":{"__id__":61},"orderLab":{"__id__":63},"timeLab":{"__id__":65},"betDetailLab":{"__id__":67},"betNumLab":{"__id__":69},"winOrLoseLab":{"__id__":71},"betStatusLab":{"__id__":73}}],"_prefab":{"__type__":"cc.PrefabInfo","root":{"__id__":1},"asset":{"__uuid__":"2b3SXalPBPWIu4HtmLyHRz"},"fileId":"42rKxTMdJOJ66+GsPHEGqr"},"_contentSize":{"__type__":"cc.Size","width":946,"height":56},"_trs":{"__type__":"TypedArray","ctor":"Float64Array","array":[-83,-28,0,0,0,0,1,1,1,1]}},{"__type__":"cc.Node","_name":"bg","_parent":{"__id__":58},"_components":[{"__type__":"cc.Sprite","node":{"__id__":59},"_materials":[{"__uuid__":"ecpdLyjvZBwrvm+cedCcQy"}],"_spriteFrame":{"__uuid__":"f9BjRs4/NFz4J8t/aKywAJ"},"_type":1,"_sizeMode":0}],"_prefab":{"__type__":"cc.PrefabInfo","root":{"__id__":1},"asset":{"__uuid__":"2b3SXalPBPWIu4HtmLyHRz"},"fileId":"26GB0VMFdEgIGB17NDd9BV"},"_opacity":214,"_contentSize":{"__type__":"cc.Size","width":788.6,"height":56},"_trs":{"__type__":"TypedArray","ctor":"Float64Array","array":[78.7,0,0,0,0,0,1,1,1,1]}},{"__type__":"cc.Node","_name":"lineNumLab","_parent":{"__id__":58},"_components":[{"__id__":61}],"_prefab":{"__type__":"cc.PrefabInfo","root":{"__id__":1},"asset":{"__uuid__":"2b3SXalPBPWIu4HtmLyHRz"},"fileId":"657mvj38FJ+KLIYIaFeiBh"},"_contentSize":{"__type__":"cc.Size","height":25.2},"_trs":{"__type__":"TypedArray","ctor":"Float64Array","array":[-292.227,0,0,0,0,0,1,1,1,1]}},{"__type__":"cc.Label","node":{"__id__":60},"_materials":[{"__uuid__":"ecpdLyjvZBwrvm+cedCcQy"}],"_useOriginalSize":false,"_fontSize":16,"_lineHeight":20,"_N$file":{"__uuid__":"6cdYiskGtJJYGqTveEBiCW"},"_isSystemFontUsed":false,"_N$horizontalAlign":1,"_N$verticalAlign":1},{"__type__":"cc.Node","_name":"orderLab","_parent":{"__id__":58},"_active":false,"_components":[{"__id__":63}],"_prefab":{"__type__":"cc.PrefabInfo","root":{"__id__":1},"asset":{"__uuid__":"2b3SXalPBPWIu4HtmLyHRz"},"fileId":"18gEQ94fdFS57HbPhl3okK"},"_contentSize":{"__type__":"cc.Size","height":25.2},"_trs":{"__type__":"TypedArray","ctor":"Float64Array","array":[-176.202,0,0,0,0,0,1,1,1,1]}},{"__type__":"cc.Label","node":{"__id__":62},"_materials":[{"__uuid__":"ecpdLyjvZBwrvm+cedCcQy"}],"_useOriginalSize":false,"_fontSize":16,"_lineHeight":20,"_N$file":{"__uuid__":"6cdYiskGtJJYGqTveEBiCW"},"_isSystemFontUsed":false,"_N$horizontalAlign":1,"_N$verticalAlign":1},{"__type__":"cc.Node","_name":"timeLab","_parent":{"__id__":58},"_components":[{"__id__":65}],"_prefab":{"__type__":"cc.PrefabInfo","root":{"__id__":1},"asset":{"__uuid__":"2b3SXalPBPWIu4HtmLyHRz"},"fileId":"17pmgMwU9O0LjXvmVoGuxs"},"_contentSize":{"__type__":"cc.Size","height":25.2},"_trs":{"__type__":"TypedArray","ctor":"Float64Array","array":[-200,0,0,0,0,0,1,1,1,1]}},{"__type__":"cc.Label","node":{"__id__":64},"_materials":[{"__uuid__":"ecpdLyjvZBwrvm+cedCcQy"}],"_useOriginalSize":false,"_fontSize":16,"_lineHeight":20,"_N$file":{"__uuid__":"6cdYiskGtJJYGqTveEBiCW"},"_isSystemFontUsed":false,"_N$horizontalAlign":1,"_N$verticalAlign":1},{"__type__":"cc.Node","_name":"betDetailLab","_parent":{"__id__":58},"_components":[{"__id__":67}],"_prefab":{"__type__":"cc.PrefabInfo","root":{"__id__":1},"asset":{"__uuid__":"2b3SXalPBPWIu4HtmLyHRz"},"fileId":"3eqQU52DpAHYuTyUK5Ga4v"},"_contentSize":{"__type__":"cc.Size","height":25.2},"_trs":{"__type__":"TypedArray","ctor":"Float64Array","array":[-75,0,0,0,0,0,1,1,1,1]}},{"__type__":"cc.Label","node":{"__id__":66},"_materials":[{"__uuid__":"ecpdLyjvZBwrvm+cedCcQy"}],"_useOriginalSize":false,"_fontSize":16,"_lineHeight":20,"_N$file":{"__uuid__":"6cdYiskGtJJYGqTveEBiCW"},"_isSystemFontUsed":false,"_N$horizontalAlign":1,"_N$verticalAlign":1},{"__type__":"cc.Node","_name":"betNumLab","_parent":{"__id__":58},"_components":[{"__id__":69}],"_prefab":{"__type__":"cc.PrefabInfo","root":{"__id__":1},"asset":{"__uuid__":"2b3SXalPBPWIu4HtmLyHRz"},"fileId":"0db89/t6JGRIcid1DNn1DY"},"_contentSize":{"__type__":"cc.Size","height":25.2},"_trs":{"__type__":"TypedArray","ctor":"Float64Array","array":[126,0,0,0,0,0,1,1,1,1]}},{"__type__":"cc.Label","node":{"__id__":68},"_materials":[{"__uuid__":"ecpdLyjvZBwrvm+cedCcQy"}],"_useOriginalSize":false,"_fontSize":16,"_lineHeight":20,"_N$file":{"__uuid__":"6cdYiskGtJJYGqTveEBiCW"},"_isSystemFontUsed":false,"_N$horizontalAlign":1,"_N$verticalAlign":1},{"__type__":"cc.Node","_name":"winOrLoseLab","_parent":{"__id__":58},"_components":[{"__id__":71}],"_prefab":{"__type__":"cc.PrefabInfo","root":{"__id__":1},"asset":{"__uuid__":"2b3SXalPBPWIu4HtmLyHRz"},"fileId":"86z4jpHSFM0omGbh4b1V07"},"_contentSize":{"__type__":"cc.Size","height":25.2},"_trs":{"__type__":"TypedArray","ctor":"Float64Array","array":[290,0,0,0,0,0,1,1,1,1]}},{"__type__":"cc.Label","node":{"__id__":70},"_materials":[{"__uuid__":"ecpdLyjvZBwrvm+cedCcQy"}],"_useOriginalSize":false,"_fontSize":16,"_lineHeight":20,"_N$file":{"__uuid__":"6cdYiskGtJJYGqTveEBiCW"},"_isSystemFontUsed":false,"_N$horizontalAlign":1,"_N$verticalAlign":1},{"__type__":"cc.Node","_name":"betStatusLab","_parent":{"__id__":58},"_components":[{"__id__":73}],"_prefab":{"__type__":"cc.PrefabInfo","root":{"__id__":1},"asset":{"__uuid__":"2b3SXalPBPWIu4HtmLyHRz"},"fileId":"43whozN6VM64eJxLVxYDJK"},"_contentSize":{"__type__":"cc.Size","height":25.2},"_trs":{"__type__":"TypedArray","ctor":"Float64Array","array":[413.2,0,0,0,0,0,1,1,1,1]}},{"__type__":"cc.Label","node":{"__id__":72},"_materials":[{"__uuid__":"ecpdLyjvZBwrvm+cedCcQy"}],"_useOriginalSize":false,"_fontSize":16,"_lineHeight":20,"_N$file":{"__uuid__":"6cdYiskGtJJYGqTveEBiCW"},"_isSystemFontUsed":false,"_N$horizontalAlign":1,"_N$verticalAlign":1},{"__type__":"cc.Node","_name":"recordItem copy","_parent":{"__id__":57},"_children":[{"__id__":75},{"__id__":76},{"__id__":78},{"__id__":80},{"__id__":82},{"__id__":84},{"__id__":86},{"__id__":88}],"_components":[{"__type__":"1c85f34cuFM5a9Rj/rAMg6X","node":{"__id__":74},"lineNumLab":{"__id__":77},"orderLab":{"__id__":79},"timeLab":{"__id__":81},"betDetailLab":{"__id__":83},"betNumLab":{"__id__":85},"winOrLoseLab":{"__id__":87},"betStatusLab":{"__id__":89}}],"_prefab":{"__type__":"cc.PrefabInfo","root":{"__id__":1},"asset":{"__uuid__":"2b3SXalPBPWIu4HtmLyHRz"},"fileId":"a3fn/alXxIYphjqbRw04NF"},"_contentSize":{"__type__":"cc.Size","width":946,"height":56},"_trs":{"__type__":"TypedArray","ctor":"Float64Array","array":[-83,-86,0,0,0,0,1,1,1,1]}},{"__type__":"cc.Node","_name":"bg","_parent":{"__id__":74},"_components":[{"__type__":"cc.Sprite","node":{"__id__":75},"_materials":[{"__uuid__":"ecpdLyjvZBwrvm+cedCcQy"}],"_spriteFrame":{"__uuid__":"f9BjRs4/NFz4J8t/aKywAJ"},"_type":1,"_sizeMode":0}],"_prefab":{"__type__":"cc.PrefabInfo","root":{"__id__":1},"asset":{"__uuid__":"2b3SXalPBPWIu4HtmLyHRz"},"fileId":"abdh1G3V5D67q+oZrFT7Am"},"_opacity":214,"_contentSize":{"__type__":"cc.Size","width":788.6,"height":56},"_trs":{"__type__":"TypedArray","ctor":"Float64Array","array":[78.7,0,0,0,0,0,1,1,1,1]}},{"__type__":"cc.Node","_name":"lineNumLab","_parent":{"__id__":74},"_components":[{"__id__":77}],"_prefab":{"__type__":"cc.PrefabInfo","root":{"__id__":1},"asset":{"__uuid__":"2b3SXalPBPWIu4HtmLyHRz"},"fileId":"71sP0+qmRGwbN26VAI2rau"},"_contentSize":{"__type__":"cc.Size","height":25.2},"_trs":{"__type__":"TypedArray","ctor":"Float64Array","array":[-292.227,0,0,0,0,0,1,1,1,1]}},{"__type__":"cc.Label","node":{"__id__":76},"_materials":[{"__uuid__":"ecpdLyjvZBwrvm+cedCcQy"}],"_useOriginalSize":false,"_fontSize":16,"_lineHeight":20,"_N$file":{"__uuid__":"6cdYiskGtJJYGqTveEBiCW"},"_isSystemFontUsed":false,"_N$horizontalAlign":1,"_N$verticalAlign":1},{"__type__":"cc.Node","_name":"orderLab","_parent":{"__id__":74},"_active":false,"_components":[{"__id__":79}],"_prefab":{"__type__":"cc.PrefabInfo","root":{"__id__":1},"asset":{"__uuid__":"2b3SXalPBPWIu4HtmLyHRz"},"fileId":"bfvmLZSpZC6qZMzPjPDMDj"},"_contentSize":{"__type__":"cc.Size","height":25.2},"_trs":{"__type__":"TypedArray","ctor":"Float64Array","array":[-176.202,0,0,0,0,0,1,1,1,1]}},{"__type__":"cc.Label","node":{"__id__":78},"_materials":[{"__uuid__":"ecpdLyjvZBwrvm+cedCcQy"}],"_useOriginalSize":false,"_fontSize":16,"_lineHeight":20,"_N$file":{"__uuid__":"6cdYiskGtJJYGqTveEBiCW"},"_isSystemFontUsed":false,"_N$horizontalAlign":1,"_N$verticalAlign":1},{"__type__":"cc.Node","_name":"timeLab","_parent":{"__id__":74},"_components":[{"__id__":81}],"_prefab":{"__type__":"cc.PrefabInfo","root":{"__id__":1},"asset":{"__uuid__":"2b3SXalPBPWIu4HtmLyHRz"},"fileId":"03g6aTmyhDWal9rVxIOYwO"},"_contentSize":{"__type__":"cc.Size","height":25.2},"_trs":{"__type__":"TypedArray","ctor":"Float64Array","array":[-200,0,0,0,0,0,1,1,1,1]}},{"__type__":"cc.Label","node":{"__id__":80},"_materials":[{"__uuid__":"ecpdLyjvZBwrvm+cedCcQy"}],"_useOriginalSize":false,"_fontSize":16,"_lineHeight":20,"_N$file":{"__uuid__":"6cdYiskGtJJYGqTveEBiCW"},"_isSystemFontUsed":false,"_N$horizontalAlign":1,"_N$verticalAlign":1},{"__type__":"cc.Node","_name":"betDetailLab","_parent":{"__id__":74},"_components":[{"__id__":83}],"_prefab":{"__type__":"cc.PrefabInfo","root":{"__id__":1},"asset":{"__uuid__":"2b3SXalPBPWIu4HtmLyHRz"},"fileId":"7bCdGQ8t1M8qtCCVs1FVu1"},"_contentSize":{"__type__":"cc.Size","height":25.2},"_trs":{"__type__":"TypedArray","ctor":"Float64Array","array":[-75,0,0,0,0,0,1,1,1,1]}},{"__type__":"cc.Label","node":{"__id__":82},"_materials":[{"__uuid__":"ecpdLyjvZBwrvm+cedCcQy"}],"_useOriginalSize":false,"_fontSize":16,"_lineHeight":20,"_N$file":{"__uuid__":"6cdYiskGtJJYGqTveEBiCW"},"_isSystemFontUsed":false,"_N$horizontalAlign":1,"_N$verticalAlign":1},{"__type__":"cc.Node","_name":"betNumLab","_parent":{"__id__":74},"_components":[{"__id__":85}],"_prefab":{"__type__":"cc.PrefabInfo","root":{"__id__":1},"asset":{"__uuid__":"2b3SXalPBPWIu4HtmLyHRz"},"fileId":"730EFp7EdN1q8bF49Y9lXC"},"_contentSize":{"__type__":"cc.Size","height":25.2},"_trs":{"__type__":"TypedArray","ctor":"Float64Array","array":[126,0,0,0,0,0,1,1,1,1]}},{"__type__":"cc.Label","node":{"__id__":84},"_materials":[{"__uuid__":"ecpdLyjvZBwrvm+cedCcQy"}],"_useOriginalSize":false,"_fontSize":16,"_lineHeight":20,"_N$file":{"__uuid__":"6cdYiskGtJJYGqTveEBiCW"},"_isSystemFontUsed":false,"_N$horizontalAlign":1,"_N$verticalAlign":1},{"__type__":"cc.Node","_name":"winOrLoseLab","_parent":{"__id__":74},"_components":[{"__id__":87}],"_prefab":{"__type__":"cc.PrefabInfo","root":{"__id__":1},"asset":{"__uuid__":"2b3SXalPBPWIu4HtmLyHRz"},"fileId":"c3t8OhTehCOo0faoXsmav5"},"_contentSize":{"__type__":"cc.Size","height":25.2},"_trs":{"__type__":"TypedArray","ctor":"Float64Array","array":[290,0,0,0,0,0,1,1,1,1]}},{"__type__":"cc.Label","node":{"__id__":86},"_materials":[{"__uuid__":"ecpdLyjvZBwrvm+cedCcQy"}],"_useOriginalSize":false,"_fontSize":16,"_lineHeight":20,"_N$file":{"__uuid__":"6cdYiskGtJJYGqTveEBiCW"},"_isSystemFontUsed":false,"_N$horizontalAlign":1,"_N$verticalAlign":1},{"__type__":"cc.Node","_name":"betStatusLab","_parent":{"__id__":74},"_components":[{"__id__":89}],"_prefab":{"__type__":"cc.PrefabInfo","root":{"__id__":1},"asset":{"__uuid__":"2b3SXalPBPWIu4HtmLyHRz"},"fileId":"a5fXDT8CZI7quMOIjZMeRq"},"_contentSize":{"__type__":"cc.Size","height":25.2},"_trs":{"__type__":"TypedArray","ctor":"Float64Array","array":[413.2,0,0,0,0,0,1,1,1,1]}},{"__type__":"cc.Label","node":{"__id__":88},"_materials":[{"__uuid__":"ecpdLyjvZBwrvm+cedCcQy"}],"_useOriginalSize":false,"_fontSize":16,"_lineHeight":20,"_N$file":{"__uuid__":"6cdYiskGtJJYGqTveEBiCW"},"_isSystemFontUsed":false,"_N$horizontalAlign":1,"_N$verticalAlign":1},{"__type__":"cc.Node","_name":"recordItem copy","_parent":{"__id__":57},"_children":[{"__id__":91},{"__id__":92},{"__id__":94},{"__id__":96},{"__id__":98},{"__id__":100},{"__id__":102},{"__id__":104}],"_components":[{"__type__":"1c85f34cuFM5a9Rj/rAMg6X","node":{"__id__":90},"lineNumLab":{"__id__":93},"orderLab":{"__id__":95},"timeLab":{"__id__":97},"betDetailLab":{"__id__":99},"betNumLab":{"__id__":101},"winOrLoseLab":{"__id__":103},"betStatusLab":{"__id__":105}}],"_prefab":{"__type__":"cc.PrefabInfo","root":{"__id__":1},"asset":{"__uuid__":"2b3SXalPBPWIu4HtmLyHRz"},"fileId":"29lViqYO1H75dnsQFmUuAj"},"_contentSize":{"__type__":"cc.Size","width":946,"height":56},"_trs":{"__type__":"TypedArray","ctor":"Float64Array","array":[-83,-144,0,0,0,0,1,1,1,1]}},{"__type__":"cc.Node","_name":"bg","_parent":{"__id__":90},"_components":[{"__type__":"cc.Sprite","node":{"__id__":91},"_materials":[{"__uuid__":"ecpdLyjvZBwrvm+cedCcQy"}],"_spriteFrame":{"__uuid__":"f9BjRs4/NFz4J8t/aKywAJ"},"_type":1,"_sizeMode":0}],"_prefab":{"__type__":"cc.PrefabInfo","root":{"__id__":1},"asset":{"__uuid__":"2b3SXalPBPWIu4HtmLyHRz"},"fileId":"c6jOGxsQNGRqSriGtpVsyB"},"_opacity":214,"_contentSize":{"__type__":"cc.Size","width":788.6,"height":56},"_trs":{"__type__":"TypedArray","ctor":"Float64Array","array":[78.7,0,0,0,0,0,1,1,1,1]}},{"__type__":"cc.Node","_name":"lineNumLab","_parent":{"__id__":90},"_components":[{"__id__":93}],"_prefab":{"__type__":"cc.PrefabInfo","root":{"__id__":1},"asset":{"__uuid__":"2b3SXalPBPWIu4HtmLyHRz"},"fileId":"20BN3ZFm1F35saMUeGEAnL"},"_contentSize":{"__type__":"cc.Size","height":25.2},"_trs":{"__type__":"TypedArray","ctor":"Float64Array","array":[-292.227,0,0,0,0,0,1,1,1,1]}},{"__type__":"cc.Label","node":{"__id__":92},"_materials":[{"__uuid__":"ecpdLyjvZBwrvm+cedCcQy"}],"_useOriginalSize":false,"_fontSize":16,"_lineHeight":20,"_N$file":{"__uuid__":"6cdYiskGtJJYGqTveEBiCW"},"_isSystemFontUsed":false,"_N$horizontalAlign":1,"_N$verticalAlign":1},{"__type__":"cc.Node","_name":"orderLab","_parent":{"__id__":90},"_active":false,"_components":[{"__id__":95}],"_prefab":{"__type__":"cc.PrefabInfo","root":{"__id__":1},"asset":{"__uuid__":"2b3SXalPBPWIu4HtmLyHRz"},"fileId":"65txMTnrFLl4nVB9+S7n5O"},"_contentSize":{"__type__":"cc.Size","height":25.2},"_trs":{"__type__":"TypedArray","ctor":"Float64Array","array":[-176.202,0,0,0,0,0,1,1,1,1]}},{"__type__":"cc.Label","node":{"__id__":94},"_materials":[{"__uuid__":"ecpdLyjvZBwrvm+cedCcQy"}],"_useOriginalSize":false,"_fontSize":16,"_lineHeight":20,"_N$file":{"__uuid__":"6cdYiskGtJJYGqTveEBiCW"},"_isSystemFontUsed":false,"_N$horizontalAlign":1,"_N$verticalAlign":1},{"__type__":"cc.Node","_name":"timeLab","_parent":{"__id__":90},"_components":[{"__id__":97}],"_prefab":{"__type__":"cc.PrefabInfo","root":{"__id__":1},"asset":{"__uuid__":"2b3SXalPBPWIu4HtmLyHRz"},"fileId":"90SUx1KwdDRr/LO2HR8KVI"},"_contentSize":{"__type__":"cc.Size","height":25.2},"_trs":{"__type__":"TypedArray","ctor":"Float64Array","array":[-200,0,0,0,0,0,1,1,1,1]}},{"__type__":"cc.Label","node":{"__id__":96},"_materials":[{"__uuid__":"ecpdLyjvZBwrvm+cedCcQy"}],"_useOriginalSize":false,"_fontSize":16,"_lineHeight":20,"_N$file":{"__uuid__":"6cdYiskGtJJYGqTveEBiCW"},"_isSystemFontUsed":false,"_N$horizontalAlign":1,"_N$verticalAlign":1},{"__type__":"cc.Node","_name":"betDetailLab","_parent":{"__id__":90},"_components":[{"__id__":99}],"_prefab":{"__type__":"cc.PrefabInfo","root":{"__id__":1},"asset":{"__uuid__":"2b3SXalPBPWIu4HtmLyHRz"},"fileId":"3fHmOBkm5CfKmspEFE7TNh"},"_contentSize":{"__type__":"cc.Size","height":25.2},"_trs":{"__type__":"TypedArray","ctor":"Float64Array","array":[-75,0,0,0,0,0,1,1,1,1]}},{"__type__":"cc.Label","node":{"__id__":98},"_materials":[{"__uuid__":"ecpdLyjvZBwrvm+cedCcQy"}],"_useOriginalSize":false,"_fontSize":16,"_lineHeight":20,"_N$file":{"__uuid__":"6cdYiskGtJJYGqTveEBiCW"},"_isSystemFontUsed":false,"_N$horizontalAlign":1,"_N$verticalAlign":1},{"__type__":"cc.Node","_name":"betNumLab","_parent":{"__id__":90},"_components":[{"__id__":101}],"_prefab":{"__type__":"cc.PrefabInfo","root":{"__id__":1},"asset":{"__uuid__":"2b3SXalPBPWIu4HtmLyHRz"},"fileId":"b44t901BVBbZ7AxMMSsh0X"},"_contentSize":{"__type__":"cc.Size","height":25.2},"_trs":{"__type__":"TypedArray","ctor":"Float64Array","array":[126,0,0,0,0,0,1,1,1,1]}},{"__type__":"cc.Label","node":{"__id__":100},"_materials":[{"__uuid__":"ecpdLyjvZBwrvm+cedCcQy"}],"_useOriginalSize":false,"_fontSize":16,"_lineHeight":20,"_N$file":{"__uuid__":"6cdYiskGtJJYGqTveEBiCW"},"_isSystemFontUsed":false,"_N$horizontalAlign":1,"_N$verticalAlign":1},{"__type__":"cc.Node","_name":"winOrLoseLab","_parent":{"__id__":90},"_components":[{"__id__":103}],"_prefab":{"__type__":"cc.PrefabInfo","root":{"__id__":1},"asset":{"__uuid__":"2b3SXalPBPWIu4HtmLyHRz"},"fileId":"64E69Rw3RD35xfcSD/mssf"},"_contentSize":{"__type__":"cc.Size","height":25.2},"_trs":{"__type__":"TypedArray","ctor":"Float64Array","array":[290,0,0,0,0,0,1,1,1,1]}},{"__type__":"cc.Label","node":{"__id__":102},"_materials":[{"__uuid__":"ecpdLyjvZBwrvm+cedCcQy"}],"_useOriginalSize":false,"_fontSize":16,"_lineHeight":20,"_N$file":{"__uuid__":"6cdYiskGtJJYGqTveEBiCW"},"_isSystemFontUsed":false,"_N$horizontalAlign":1,"_N$verticalAlign":1},{"__type__":"cc.Node","_name":"betStatusLab","_parent":{"__id__":90},"_components":[{"__id__":105}],"_prefab":{"__type__":"cc.PrefabInfo","root":{"__id__":1},"asset":{"__uuid__":"2b3SXalPBPWIu4HtmLyHRz"},"fileId":"f0u/E0oaBDUZ4te3pw5wSH"},"_contentSize":{"__type__":"cc.Size","height":25.2},"_trs":{"__type__":"TypedArray","ctor":"Float64Array","array":[413.2,0,0,0,0,0,1,1,1,1]}},{"__type__":"cc.Label","node":{"__id__":104},"_materials":[{"__uuid__":"ecpdLyjvZBwrvm+cedCcQy"}],"_useOriginalSize":false,"_fontSize":16,"_lineHeight":20,"_N$file":{"__uuid__":"6cdYiskGtJJYGqTveEBiCW"},"_isSystemFontUsed":false,"_N$horizontalAlign":1,"_N$verticalAlign":1},{"__type__":"cc.Node","_name":"recordItem copy","_parent":{"__id__":57},"_children":[{"__id__":107},{"__id__":108},{"__id__":110},{"__id__":112},{"__id__":114},{"__id__":116},{"__id__":118},{"__id__":120}],"_components":[{"__type__":"1c85f34cuFM5a9Rj/rAMg6X","node":{"__id__":106},"lineNumLab":{"__id__":109},"orderLab":{"__id__":111},"timeLab":{"__id__":113},"betDetailLab":{"__id__":115},"betNumLab":{"__id__":117},"winOrLoseLab":{"__id__":119},"betStatusLab":{"__id__":121}}],"_prefab":{"__type__":"cc.PrefabInfo","root":{"__id__":1},"asset":{"__uuid__":"2b3SXalPBPWIu4HtmLyHRz"},"fileId":"8eV01nNBxL+pJtjt2zqAjm"},"_contentSize":{"__type__":"cc.Size","width":946,"height":56},"_trs":{"__type__":"TypedArray","ctor":"Float64Array","array":[-83,-202,0,0,0,0,1,1,1,1]}},{"__type__":"cc.Node","_name":"bg","_parent":{"__id__":106},"_components":[{"__type__":"cc.Sprite","node":{"__id__":107},"_materials":[{"__uuid__":"ecpdLyjvZBwrvm+cedCcQy"}],"_spriteFrame":{"__uuid__":"f9BjRs4/NFz4J8t/aKywAJ"},"_type":1,"_sizeMode":0}],"_prefab":{"__type__":"cc.PrefabInfo","root":{"__id__":1},"asset":{"__uuid__":"2b3SXalPBPWIu4HtmLyHRz"},"fileId":"e5zIZvcWxFwZT7FlC0XxjW"},"_opacity":214,"_contentSize":{"__type__":"cc.Size","width":788.6,"height":56},"_trs":{"__type__":"TypedArray","ctor":"Float64Array","array":[78.7,0,0,0,0,0,1,1,1,1]}},{"__type__":"cc.Node","_name":"lineNumLab","_parent":{"__id__":106},"_components":[{"__id__":109}],"_prefab":{"__type__":"cc.PrefabInfo","root":{"__id__":1},"asset":{"__uuid__":"2b3SXalPBPWIu4HtmLyHRz"},"fileId":"d9VLtgE3JKiI3ARMGpJBji"},"_contentSize":{"__type__":"cc.Size","height":25.2},"_trs":{"__type__":"TypedArray","ctor":"Float64Array","array":[-292.227,0,0,0,0,0,1,1,1,1]}},{"__type__":"cc.Label","node":{"__id__":108},"_materials":[{"__uuid__":"ecpdLyjvZBwrvm+cedCcQy"}],"_useOriginalSize":false,"_fontSize":16,"_lineHeight":20,"_N$file":{"__uuid__":"6cdYiskGtJJYGqTveEBiCW"},"_isSystemFontUsed":false,"_N$horizontalAlign":1,"_N$verticalAlign":1},{"__type__":"cc.Node","_name":"orderLab","_parent":{"__id__":106},"_active":false,"_components":[{"__id__":111}],"_prefab":{"__type__":"cc.PrefabInfo","root":{"__id__":1},"asset":{"__uuid__":"2b3SXalPBPWIu4HtmLyHRz"},"fileId":"8cBug+GHJOnbyrHuVEHIBl"},"_contentSize":{"__type__":"cc.Size","height":25.2},"_trs":{"__type__":"TypedArray","ctor":"Float64Array","array":[-176.202,0,0,0,0,0,1,1,1,1]}},{"__type__":"cc.Label","node":{"__id__":110},"_materials":[{"__uuid__":"ecpdLyjvZBwrvm+cedCcQy"}],"_useOriginalSize":false,"_fontSize":16,"_lineHeight":20,"_N$file":{"__uuid__":"6cdYiskGtJJYGqTveEBiCW"},"_isSystemFontUsed":false,"_N$horizontalAlign":1,"_N$verticalAlign":1},{"__type__":"cc.Node","_name":"timeLab","_parent":{"__id__":106},"_components":[{"__id__":113}],"_prefab":{"__type__":"cc.PrefabInfo","root":{"__id__":1},"asset":{"__uuid__":"2b3SXalPBPWIu4HtmLyHRz"},"fileId":"9bd8N4SydBtY6QPRRmj9Ea"},"_contentSize":{"__type__":"cc.Size","height":25.2},"_trs":{"__type__":"TypedArray","ctor":"Float64Array","array":[-200,0,0,0,0,0,1,1,1,1]}},{"__type__":"cc.Label","node":{"__id__":112},"_materials":[{"__uuid__":"ecpdLyjvZBwrvm+cedCcQy"}],"_useOriginalSize":false,"_fontSize":16,"_lineHeight":20,"_N$file":{"__uuid__":"6cdYiskGtJJYGqTveEBiCW"},"_isSystemFontUsed":false,"_N$horizontalAlign":1,"_N$verticalAlign":1},{"__type__":"cc.Node","_name":"betDetailLab","_parent":{"__id__":106},"_components":[{"__id__":115}],"_prefab":{"__type__":"cc.PrefabInfo","root":{"__id__":1},"asset":{"__uuid__":"2b3SXalPBPWIu4HtmLyHRz"},"fileId":"2crchlqTpPmbcU9Wq57/a+"},"_contentSize":{"__type__":"cc.Size","height":25.2},"_trs":{"__type__":"TypedArray","ctor":"Float64Array","array":[-75,0,0,0,0,0,1,1,1,1]}},{"__type__":"cc.Label","node":{"__id__":114},"_materials":[{"__uuid__":"ecpdLyjvZBwrvm+cedCcQy"}],"_useOriginalSize":false,"_fontSize":16,"_lineHeight":20,"_N$file":{"__uuid__":"6cdYiskGtJJYGqTveEBiCW"},"_isSystemFontUsed":false,"_N$horizontalAlign":1,"_N$verticalAlign":1},{"__type__":"cc.Node","_name":"betNumLab","_parent":{"__id__":106},"_components":[{"__id__":117}],"_prefab":{"__type__":"cc.PrefabInfo","root":{"__id__":1},"asset":{"__uuid__":"2b3SXalPBPWIu4HtmLyHRz"},"fileId":"e4E2L/j6ZAm43ZbW1JuU7h"},"_contentSize":{"__type__":"cc.Size","height":25.2},"_trs":{"__type__":"TypedArray","ctor":"Float64Array","array":[126,0,0,0,0,0,1,1,1,1]}},{"__type__":"cc.Label","node":{"__id__":116},"_materials":[{"__uuid__":"ecpdLyjvZBwrvm+cedCcQy"}],"_useOriginalSize":false,"_fontSize":16,"_lineHeight":20,"_N$file":{"__uuid__":"6cdYiskGtJJYGqTveEBiCW"},"_isSystemFontUsed":false,"_N$horizontalAlign":1,"_N$verticalAlign":1},{"__type__":"cc.Node","_name":"winOrLoseLab","_parent":{"__id__":106},"_components":[{"__id__":119}],"_prefab":{"__type__":"cc.PrefabInfo","root":{"__id__":1},"asset":{"__uuid__":"2b3SXalPBPWIu4HtmLyHRz"},"fileId":"c0DG7PnvhPn7UquMJ/xg8n"},"_contentSize":{"__type__":"cc.Size","height":25.2},"_trs":{"__type__":"TypedArray","ctor":"Float64Array","array":[290,0,0,0,0,0,1,1,1,1]}},{"__type__":"cc.Label","node":{"__id__":118},"_materials":[{"__uuid__":"ecpdLyjvZBwrvm+cedCcQy"}],"_useOriginalSize":false,"_fontSize":16,"_lineHeight":20,"_N$file":{"__uuid__":"6cdYiskGtJJYGqTveEBiCW"},"_isSystemFontUsed":false,"_N$horizontalAlign":1,"_N$verticalAlign":1},{"__type__":"cc.Node","_name":"betStatusLab","_parent":{"__id__":106},"_components":[{"__id__":121}],"_prefab":{"__type__":"cc.PrefabInfo","root":{"__id__":1},"asset":{"__uuid__":"2b3SXalPBPWIu4HtmLyHRz"},"fileId":"c4P0UCwlBFS7/0s26Sc7DL"},"_contentSize":{"__type__":"cc.Size","height":25.2},"_trs":{"__type__":"TypedArray","ctor":"Float64Array","array":[413.2,0,0,0,0,0,1,1,1,1]}},{"__type__":"cc.Label","node":{"__id__":120},"_materials":[{"__uuid__":"ecpdLyjvZBwrvm+cedCcQy"}],"_useOriginalSize":false,"_fontSize":16,"_lineHeight":20,"_N$file":{"__uuid__":"6cdYiskGtJJYGqTveEBiCW"},"_isSystemFontUsed":false,"_N$horizontalAlign":1,"_N$verticalAlign":1},{"__type__":"cc.Node","_name":"recordItem copy","_parent":{"__id__":57},"_children":[{"__id__":123},{"__id__":124},{"__id__":126},{"__id__":128},{"__id__":130},{"__id__":132},{"__id__":134},{"__id__":136}],"_components":[{"__type__":"1c85f34cuFM5a9Rj/rAMg6X","node":{"__id__":122},"lineNumLab":{"__id__":125},"orderLab":{"__id__":127},"timeLab":{"__id__":129},"betDetailLab":{"__id__":131},"betNumLab":{"__id__":133},"winOrLoseLab":{"__id__":135},"betStatusLab":{"__id__":137}}],"_prefab":{"__type__":"cc.PrefabInfo","root":{"__id__":1},"asset":{"__uuid__":"2b3SXalPBPWIu4HtmLyHRz"},"fileId":"69hxu1zhBHj4JQStnaZ84p"},"_contentSize":{"__type__":"cc.Size","width":946,"height":56},"_trs":{"__type__":"TypedArray","ctor":"Float64Array","array":[-83,-260,0,0,0,0,1,1,1,1]}},{"__type__":"cc.Node","_name":"bg","_parent":{"__id__":122},"_components":[{"__type__":"cc.Sprite","node":{"__id__":123},"_materials":[{"__uuid__":"ecpdLyjvZBwrvm+cedCcQy"}],"_spriteFrame":{"__uuid__":"f9BjRs4/NFz4J8t/aKywAJ"},"_type":1,"_sizeMode":0}],"_prefab":{"__type__":"cc.PrefabInfo","root":{"__id__":1},"asset":{"__uuid__":"2b3SXalPBPWIu4HtmLyHRz"},"fileId":"a4MOsgJ01GHosKxu2Jp7OJ"},"_opacity":214,"_contentSize":{"__type__":"cc.Size","width":788.6,"height":56},"_trs":{"__type__":"TypedArray","ctor":"Float64Array","array":[78.7,0,0,0,0,0,1,1,1,1]}},{"__type__":"cc.Node","_name":"lineNumLab","_parent":{"__id__":122},"_components":[{"__id__":125}],"_prefab":{"__type__":"cc.PrefabInfo","root":{"__id__":1},"asset":{"__uuid__":"2b3SXalPBPWIu4HtmLyHRz"},"fileId":"8bdbHF7F1A87n5YvTwZOYL"},"_contentSize":{"__type__":"cc.Size","height":25.2},"_trs":{"__type__":"TypedArray","ctor":"Float64Array","array":[-292.227,0,0,0,0,0,1,1,1,1]}},{"__type__":"cc.Label","node":{"__id__":124},"_materials":[{"__uuid__":"ecpdLyjvZBwrvm+cedCcQy"}],"_useOriginalSize":false,"_fontSize":16,"_lineHeight":20,"_N$file":{"__uuid__":"6cdYiskGtJJYGqTveEBiCW"},"_isSystemFontUsed":false,"_N$horizontalAlign":1,"_N$verticalAlign":1},{"__type__":"cc.Node","_name":"orderLab","_parent":{"__id__":122},"_active":false,"_components":[{"__id__":127}],"_prefab":{"__type__":"cc.PrefabInfo","root":{"__id__":1},"asset":{"__uuid__":"2b3SXalPBPWIu4HtmLyHRz"},"fileId":"bbSuNs+Y5FTJhGodfh0kgi"},"_contentSize":{"__type__":"cc.Size","height":25.2},"_trs":{"__type__":"TypedArray","ctor":"Float64Array","array":[-176.202,0,0,0,0,0,1,1,1,1]}},{"__type__":"cc.Label","node":{"__id__":126},"_materials":[{"__uuid__":"ecpdLyjvZBwrvm+cedCcQy"}],"_useOriginalSize":false,"_fontSize":16,"_lineHeight":20,"_N$file":{"__uuid__":"6cdYiskGtJJYGqTveEBiCW"},"_isSystemFontUsed":false,"_N$horizontalAlign":1,"_N$verticalAlign":1},{"__type__":"cc.Node","_name":"timeLab","_parent":{"__id__":122},"_components":[{"__id__":129}],"_prefab":{"__type__":"cc.PrefabInfo","root":{"__id__":1},"asset":{"__uuid__":"2b3SXalPBPWIu4HtmLyHRz"},"fileId":"0eUqtvyuRJtKp7vpUomifG"},"_contentSize":{"__type__":"cc.Size","height":25.2},"_trs":{"__type__":"TypedArray","ctor":"Float64Array","array":[-200,0,0,0,0,0,1,1,1,1]}},{"__type__":"cc.Label","node":{"__id__":128},"_materials":[{"__uuid__":"ecpdLyjvZBwrvm+cedCcQy"}],"_useOriginalSize":false,"_fontSize":16,"_lineHeight":20,"_N$file":{"__uuid__":"6cdYiskGtJJYGqTveEBiCW"},"_isSystemFontUsed":false,"_N$horizontalAlign":1,"_N$verticalAlign":1},{"__type__":"cc.Node","_name":"betDetailLab","_parent":{"__id__":122},"_components":[{"__id__":131}],"_prefab":{"__type__":"cc.PrefabInfo","root":{"__id__":1},"asset":{"__uuid__":"2b3SXalPBPWIu4HtmLyHRz"},"fileId":"bbgehu5vhHVL8YlHBBPOKQ"},"_contentSize":{"__type__":"cc.Size","height":25.2},"_trs":{"__type__":"TypedArray","ctor":"Float64Array","array":[-75,0,0,0,0,0,1,1,1,1]}},{"__type__":"cc.Label","node":{"__id__":130},"_materials":[{"__uuid__":"ecpdLyjvZBwrvm+cedCcQy"}],"_useOriginalSize":false,"_fontSize":16,"_lineHeight":20,"_N$file":{"__uuid__":"6cdYiskGtJJYGqTveEBiCW"},"_isSystemFontUsed":false,"_N$horizontalAlign":1,"_N$verticalAlign":1},{"__type__":"cc.Node","_name":"betNumLab","_parent":{"__id__":122},"_components":[{"__id__":133}],"_prefab":{"__type__":"cc.PrefabInfo","root":{"__id__":1},"asset":{"__uuid__":"2b3SXalPBPWIu4HtmLyHRz"},"fileId":"c7gV21s0xNbLR6Royz51uG"},"_contentSize":{"__type__":"cc.Size","height":25.2},"_trs":{"__type__":"TypedArray","ctor":"Float64Array","array":[126,0,0,0,0,0,1,1,1,1]}},{"__type__":"cc.Label","node":{"__id__":132},"_materials":[{"__uuid__":"ecpdLyjvZBwrvm+cedCcQy"}],"_useOriginalSize":false,"_fontSize":16,"_lineHeight":20,"_N$file":{"__uuid__":"6cdYiskGtJJYGqTveEBiCW"},"_isSystemFontUsed":false,"_N$horizontalAlign":1,"_N$verticalAlign":1},{"__type__":"cc.Node","_name":"winOrLoseLab","_parent":{"__id__":122},"_components":[{"__id__":135}],"_prefab":{"__type__":"cc.PrefabInfo","root":{"__id__":1},"asset":{"__uuid__":"2b3SXalPBPWIu4HtmLyHRz"},"fileId":"0eK3cAdO5Djrp4H5RH63KG"},"_contentSize":{"__type__":"cc.Size","height":25.2},"_trs":{"__type__":"TypedArray","ctor":"Float64Array","array":[290,0,0,0,0,0,1,1,1,1]}},{"__type__":"cc.Label","node":{"__id__":134},"_materials":[{"__uuid__":"ecpdLyjvZBwrvm+cedCcQy"}],"_useOriginalSize":false,"_fontSize":16,"_lineHeight":20,"_N$file":{"__uuid__":"6cdYiskGtJJYGqTveEBiCW"},"_isSystemFontUsed":false,"_N$horizontalAlign":1,"_N$verticalAlign":1},{"__type__":"cc.Node","_name":"betStatusLab","_parent":{"__id__":122},"_components":[{"__id__":137}],"_prefab":{"__type__":"cc.PrefabInfo","root":{"__id__":1},"asset":{"__uuid__":"2b3SXalPBPWIu4HtmLyHRz"},"fileId":"3cNKIAcPxDEKjPriiCnjQu"},"_contentSize":{"__type__":"cc.Size","height":25.2},"_trs":{"__type__":"TypedArray","ctor":"Float64Array","array":[413.2,0,0,0,0,0,1,1,1,1]}},{"__type__":"cc.Label","node":{"__id__":136},"_materials":[{"__uuid__":"ecpdLyjvZBwrvm+cedCcQy"}],"_useOriginalSize":false,"_fontSize":16,"_lineHeight":20,"_N$file":{"__uuid__":"6cdYiskGtJJYGqTveEBiCW"},"_isSystemFontUsed":false,"_N$horizontalAlign":1,"_N$verticalAlign":1},{"__type__":"cc.Node","_name":"totalWinLab","_parent":{"__id__":1},"_components":[{"__id__":139}],"_prefab":{"__type__":"cc.PrefabInfo","root":{"__id__":1},"asset":{"__uuid__":"2b3SXalPBPWIu4HtmLyHRz"},"fileId":"5aUeMLLUxNAKHNJZJdHnO6"},"_contentSize":{"__type__":"cc.Size","width":72,"height":25.2},"_anchorPoint":{"__type__":"cc.Vec2","y":0.5},"_trs":{"__type__":"TypedArray","ctor":"Float64Array","array":[-449.826,-202.669,0,0,0,0,1,1,1,1]}},{"__type__":"cc.Label","node":{"__id__":138},"_materials":[{"__uuid__":"ecpdLyjvZBwrvm+cedCcQy"}],"_useOriginalSize":false,"_string":"总输赢：","_N$string":"总输赢：","_fontSize":18,"_lineHeight":20,"_N$file":{"__uuid__":"6cdYiskGtJJYGqTveEBiCW"},"_isSystemFontUsed":false,"_N$horizontalAlign":1,"_N$verticalAlign":1},{"__type__":"cc.Node","_name":"totalChipLab","_parent":{"__id__":1},"_components":[{"__id__":141}],"_prefab":{"__type__":"cc.PrefabInfo","root":{"__id__":1},"asset":{"__uuid__":"2b3SXalPBPWIu4HtmLyHRz"},"fileId":"50IPGqHg9EkYGGU6bKLrVS"},"_contentSize":{"__type__":"cc.Size","width":72,"height":25.2},"_anchorPoint":{"__type__":"cc.Vec2","y":0.5},"_trs":{"__type__":"TypedArray","ctor":"Float64Array","array":[-292.527,-202.669,0,0,0,0,1,1,1,1]}},{"__type__":"cc.Label","node":{"__id__":140},"_materials":[{"__uuid__":"ecpdLyjvZBwrvm+cedCcQy"}],"_useOriginalSize":false,"_string":"总洗码：","_N$string":"总洗码：","_fontSize":18,"_lineHeight":20,"_N$file":{"__uuid__":"6cdYiskGtJJYGqTveEBiCW"},"_isSystemFontUsed":false,"_N$horizontalAlign":1,"_N$verticalAlign":1},{"__type__":"cc.Node","_name":"pagetBtnLayout","_parent":{"__id__":1},"_children":[{"__id__":143},{"__id__":144}],"_components":[{"__type__":"cc.Layout","node":{"__id__":142},"_layoutSize":{"__type__":"cc.Size","width":297,"height":50},"_resize":1,"_N$layoutType":1,"_N$spacingX":45},{"__type__":"cc.ToggleGroup","node":{"__id__":142},"_enabled":false}],"_prefab":{"__type__":"cc.PrefabInfo","root":{"__id__":1},"asset":{"__uuid__":"2b3SXalPBPWIu4HtmLyHRz"},"fileId":"b2rkUm+w9NsJ+S3K901sFk"},"_contentSize":{"__type__":"cc.Size","width":297,"height":50},"_trs":{"__type__":"TypedArray","ctor":"Float64Array","array":[307.858,-207.712,0,0,0,0,1,1,1,1]}},{"__type__":"cc.Node","_name":"lastPageBtn","_parent":{"__id__":142},"_components":[{"__type__":"cc.Sprite","node":{"__id__":143},"_materials":[{"__uuid__":"ecpdLyjvZBwrvm+cedCcQy"}],"_spriteFrame":{"__uuid__":"18Ev7oOz5CF65UlSS/jUnl"}},{"__type__":"cc.Button","node":{"__id__":143},"_normalMaterial":{"__uuid__":"ecpdLyjvZBwrvm+cedCcQy"},"clickEvents":[{"__type__":"cc.ClickEvent","target":{"__id__":1},"_componentId":"e5c81dAx/dHn6JbrH5oX0K4","handler":"lastPage"}],"_N$transition":3,"transition":3}],"_prefab":{"__type__":"cc.PrefabInfo","root":{"__id__":1},"asset":{"__uuid__":"2b3SXalPBPWIu4HtmLyHRz"},"fileId":"f6HQOh839EOKgNMwFkIw0W"},"_contentSize":{"__type__":"cc.Size","width":126,"height":49},"_trs":{"__type__":"TypedArray","ctor":"Float64Array","array":[-85.5,0.62,0,0,0,0,1,1,1,1]}},{"__type__":"cc.Node","_name":"nextPageBtn","_parent":{"__id__":142},"_children":[{"__id__":145}],"_components":[{"__type__":"cc.Sprite","node":{"__id__":144},"_materials":[{"__uuid__":"ecpdLyjvZBwrvm+cedCcQy"}],"_spriteFrame":{"__uuid__":"fceWhJvj9EfZAsLnlz76ju"},"_sizeMode":0},{"__type__":"cc.Button","node":{"__id__":144},"_normalMaterial":{"__uuid__":"ecpdLyjvZBwrvm+cedCcQy"},"clickEvents":[{"__type__":"cc.ClickEvent","target":{"__id__":1},"_componentId":"e5c81dAx/dHn6JbrH5oX0K4","handler":"nextPage"}],"_N$transition":3,"transition":3}],"_prefab":{"__type__":"cc.PrefabInfo","root":{"__id__":1},"asset":{"__uuid__":"2b3SXalPBPWIu4HtmLyHRz"},"fileId":"b8wmecVSpDF5bizFYxQQm8"},"_contentSize":{"__type__":"cc.Size","width":126,"height":49},"_trs":{"__type__":"TypedArray","ctor":"Float64Array","array":[85.5,2.064,0,0,0,0,1,1,1,1]}},{"__type__":"cc.Node","_name":"label","_parent":{"__id__":144},"_components":[{"__type__":"cc.Label","node":{"__id__":145},"_materials":[{"__uuid__":"ecpdLyjvZBwrvm+cedCcQy"}],"_useOriginalSize":false,"_string":"下 一 页","_N$string":"下 一 页","_fontSize":18,"_N$file":{"__uuid__":"6cdYiskGtJJYGqTveEBiCW"},"_isSystemFontUsed":false,"_N$horizontalAlign":1,"_N$verticalAlign":1}],"_prefab":{"__type__":"cc.PrefabInfo","root":{"__id__":1},"asset":{"__uuid__":"2b3SXalPBPWIu4HtmLyHRz"},"fileId":"4dOW/VZVlFl6UZc5vfn34z"},"_contentSize":{"__type__":"cc.Size","width":65.99,"height":50.4},"_trs":{"__type__":"TypedArray","ctor":"Float64Array","array":[0,0,0,0,0,0,1,1,1,1]}}],{"__type__":"cc.SpriteFrame","content":{"name":"close_btn","texture":"cfCpKgTV5PO4J+8KRBAv+M","rect":[578,812,81,78],"offset":[0,0],"originalSize":[81,78],"rotated":1,"capInsets":[0,0,0,0]}},{"__type__":"cc.SpriteFrame","content":{"name":"record_title","texture":"cfCpKgTV5PO4J+8KRBAv+M","rect":[236,2,351,75],"offset":[0,0],"originalSize":[351,75],"rotated":1,"capInsets":[0,0,0,0]}},{"__type__":"cc.SpriteFrame","content":{"name":"record_bg","texture":"cfCpKgTV5PO4J+8KRBAv+M","rect":[335,990,30,26],"offset":[0,0],"originalSize":[30,26],"rotated":1,"capInsets":[8,0,8,0]}},{"__type__":"cc.SpriteFrame","content":{"name":"normal_btn_1","texture":"cfCpKgTV5PO4J+8KRBAv+M","rect":[2,884,138,53],"offset":[0,0],"originalSize":[138,53],"rotated":1,"capInsets":[39,0,50,0]}}]