[{"__type__":"cc.SpriteFrame","content":{"name":"LockUI_01","texture":"41An2QMaVBU6YBLmZlsLRa","rect":[109,323,105,105],"offset":[0,0],"originalSize":[105,105],"capInsets":[0,0,0,0]}},{"__type__":"cc.SpriteFrame","content":{"name":"default_panel","texture":"d8HsitJHxOYqo801xBk8ev","rect":[0,0,20,20],"offset":[0,0],"originalSize":[20,20],"capInsets":[6,6,6,6]}},[{"__type__":"cc.Prefab","_name":"UILock","data":{"__id__":1}},{"__type__":"cc.Node","_name":"UILock","_children":[{"__id__":2},{"__id__":3}],"_prefab":{"__type__":"cc.PrefabInfo","root":{"__id__":1},"asset":{"__uuid__":"b0IERImthJQbJz9iv1rTeR"},"fileId":"07E1wUFkZG95+aIiPVmUAu"},"_trs":{"__type__":"TypedArray","ctor":"Float64Array","array":[0,0,0,0,0,0,1,1,1,1]}},{"__type__":"cc.Node","_name":"mask","_parent":{"__id__":1},"_components":[{"__type__":"cc.Sprite","node":{"__id__":2},"_materials":[{"__uuid__":"ecpdLyjvZBwrvm+cedCcQy"}],"_spriteFrame":{"__uuid__":"9bvaMerUlDyary99mJa6xp"},"_type":1,"_sizeMode":0},{"__type__":"cc.Button","node":{"__id__":2}}],"_prefab":{"__type__":"cc.PrefabInfo","root":{"__id__":1},"asset":{"__uuid__":"b0IERImthJQbJz9iv1rTeR"},"fileId":"34B8Phj/hDkqHeo2edxv+s"},"_opacity":120,"_color":{"__type__":"cc.Color"},"_contentSize":{"__type__":"cc.Size","width":1920,"height":1500},"_trs":{"__type__":"TypedArray","ctor":"Float64Array","array":[0,0,0,0,0,0,1,1,1,1]}},{"__type__":"cc.Node","_name":"lock","_parent":{"__id__":1},"_components":[{"__type__":"cc.Sprite","node":{"__id__":3},"_materials":[{"__uuid__":"ecpdLyjvZBwrvm+cedCcQy"}],"_spriteFrame":{"__uuid__":"33/+mvQiZDm6KH8i9/qqvr"},"_isTrimmedMode":false},{"__type__":"f26143bYfpJub1yT32nNfKA","node":{"__id__":3},"atlas":[{"__uuid__":"c0LVi+e/tOQLL3VGaxIhb6"}],"frameName":"LockUI_","frameNum":8,"intervalTime":3}],"_prefab":{"__type__":"cc.PrefabInfo","root":{"__id__":1},"asset":{"__uuid__":"b0IERImthJQbJz9iv1rTeR"},"fileId":"3em4l+CbBBWKp89TazPzl9"},"_contentSize":{"__type__":"cc.Size","width":105,"height":105},"_trs":{"__type__":"TypedArray","ctor":"Float64Array","array":[0,0,0,0,0,0,1,1,1,1]}}]]