[{"__type__":"cc.SpriteFrame","content":{"name":"niuniu_on","texture":"cfCpKgTV5PO4J+8KRBAv+M","rect":[336,355,139,54],"offset":[0,0],"originalSize":[139,54],"rotated":1,"capInsets":[0,0,0,0]}},{"__type__":"cc.SpriteFrame","content":{"name":"login_tip_bg","texture":"ebmdEg3GZG5bu83hkMIeDJ","rect":[2,2,69,432],"offset":[0,0],"originalSize":[69,432],"capInsets":[20,0,20,0]}},{"__type__":"cc.SpriteFrame","content":{"name":"rule_title","texture":"cfCpKgTV5PO4J+8KRBAv+M","rect":[156,520,351,75],"offset":[0,0],"originalSize":[351,75],"rotated":1,"capInsets":[0,0,0,0]}},{"__type__":"cc.SpriteFrame","content":{"name":"sangong_on","texture":"cfCpKgTV5PO4J+8KRBAv+M","rect":[280,355,139,54],"offset":[0,0],"originalSize":[139,54],"rotated":1,"capInsets":[0,0,0,0]}},{"__type__":"cc.SpriteFrame","content":{"name":"longhu_on","texture":"cfCpKgTV5PO4J+8KRBAv+M","rect":[335,849,139,54],"offset":[0,0],"originalSize":[139,54],"rotated":1,"capInsets":[0,0,0,0]}},{"__type__":"cc.SpriteFrame","content":{"name":"close_btn","texture":"ebmdEg3GZG5bu83hkMIeDJ","rect":[306,217,81,78],"offset":[0,0],"originalSize":[81,78],"capInsets":[0,0,0,0]}},{"__type__":"cc.SpriteFrame","content":{"name":"baijiale_rule","texture":"b8P8shNuRLdYPUMspI/isZ","rect":[0,0,980,426],"offset":[0,8],"originalSize":[980,442],"capInsets":[0,0,0,0]}},{"__type__":"cc.SpriteFrame","content":{"name":"baijiale_on","texture":"cfCpKgTV5PO4J+8KRBAv+M","rect":[392,355,139,54],"offset":[0,0],"originalSize":[139,54],"rotated":1,"capInsets":[0,0,0,0]}},{"__type__":"cc.SpriteFrame","content":{"name":"A89_on","texture":"cfCpKgTV5PO4J+8KRBAv+M","rect":[448,355,139,54],"offset":[0,0],"originalSize":[139,54],"rotated":1,"capInsets":[0,0,0,0]}},{"__type__":"cc.SpriteFrame","content":{"name":"normal_btn_1","texture":"cfCpKgTV5PO4J+8KRBAv+M","rect":[2,884,138,53],"offset":[0,0],"originalSize":[138,53],"rotated":1,"capInsets":[39,0,50,0]}},[{"__type__":"cc.Prefab","_name":"RuleView","data":{"__id__":1}},{"__type__":"cc.Node","_name":"RuleView","_children":[{"__id__":2},{"__id__":5},{"__id__":37}],"_components":[{"__type__":"cc.Widget","node":{"__id__":1},"_alignFlags":45},{"__type__":"5fd04vIxhdB/Zfg/mGn1RIm","node":{"__id__":1},"ruleLabArray":[{"__id__":41},{"__id__":42},{"__id__":43},{"__id__":44}],"ruleSprite":{"__id__":40},"content":{"__id__":39},"togList":[{"__id__":11},{"__id__":18},{"__id__":24},{"__id__":30},{"__id__":36}]}],"_prefab":{"__type__":"cc.PrefabInfo","root":{"__id__":1},"asset":{"__uuid__":"ffhkT9PbZLGKPW9p7eQQ9K"},"fileId":"beOwdIO6xO5bklBejbZqAF"},"_contentSize":{"__type__":"cc.Size","width":1920,"height":1080},"_trs":{"__type__":"TypedArray","ctor":"Float64Array","array":[960,540,0,0,0,0,1,1,1,1]}},{"__type__":"cc.Node","_name":"bg","_parent":{"__id__":1},"_children":[{"__id__":3},{"__id__":4}],"_components":[{"__type__":"cc.Sprite","node":{"__id__":2},"_materials":[{"__uuid__":"ecpdLyjvZBwrvm+cedCcQy"}],"_spriteFrame":{"__uuid__":"20FVgdK5NKsIYJNTlRrc3L"},"_type":1,"_sizeMode":0}],"_prefab":{"__type__":"cc.PrefabInfo","root":{"__id__":1},"asset":{"__uuid__":"ffhkT9PbZLGKPW9p7eQQ9K"},"fileId":"58hoLDvC1OX5QxYf94olpB"},"_contentSize":{"__type__":"cc.Size","width":987,"height":660},"_trs":{"__type__":"TypedArray","ctor":"Float64Array","array":[12,4,0,0,0,0,1,1,1,1]}},{"__type__":"cc.Node","_name":"title","_parent":{"__id__":2},"_components":[{"__type__":"cc.Sprite","node":{"__id__":3},"_materials":[{"__uuid__":"ecpdLyjvZBwrvm+cedCcQy"}],"_spriteFrame":{"__uuid__":"2ctDxQPHpDUYVogoHv5l6V"}},{"__type__":"cc.Widget","node":{"__id__":3},"_alignFlags":1}],"_prefab":{"__type__":"cc.PrefabInfo","root":{"__id__":1},"asset":{"__uuid__":"ffhkT9PbZLGKPW9p7eQQ9K"},"fileId":"12sGkVH/BEs5SY4P67MqBm"},"_contentSize":{"__type__":"cc.Size","width":351,"height":75},"_trs":{"__type__":"TypedArray","ctor":"Float64Array","array":[-2,292.5,0,0,0,0,1,1,1,1]}},{"__type__":"cc.Node","_name":"exitBtn","_parent":{"__id__":2},"_components":[{"__type__":"cc.Sprite","node":{"__id__":4},"_materials":[{"__uuid__":"ecpdLyjvZBwrvm+cedCcQy"}],"_spriteFrame":{"__uuid__":"c6D01mhoNBoZ0RPnMByWJX"},"_sizeMode":0},{"__type__":"cc.Button","node":{"__id__":4},"clickEvents":[{"__type__":"cc.ClickEvent","target":{"__id__":1},"_componentId":"5fd04vIxhdB/Zfg/mGn1RIm","handler":"closePanel"}]},{"__type__":"cc.Widget","node":{"__id__":4},"_alignFlags":1}],"_prefab":{"__type__":"cc.PrefabInfo","root":{"__id__":1},"asset":{"__uuid__":"ffhkT9PbZLGKPW9p7eQQ9K"},"fileId":"bc0slqOYlDnZ0kB+NanL/o"},"_contentSize":{"__type__":"cc.Size","width":100,"height":100},"_trs":{"__type__":"TypedArray","ctor":"Float64Array","array":[494.507,290,0,0,0,0,1,0.8,0.8,0.8]}},{"__type__":"cc.Node","_name":"Layout","_parent":{"__id__":1},"_children":[{"__id__":6},{"__id__":13},{"__id__":19},{"__id__":25},{"__id__":31}],"_components":[{"__type__":"cc.Layout","node":{"__id__":5},"_layoutSize":{"__type__":"cc.Size","width":734,"height":85},"_resize":1,"_N$layoutType":1,"_N$spacingX":11},{"__id__":12}],"_prefab":{"__type__":"cc.PrefabInfo","root":{"__id__":1},"asset":{"__uuid__":"ffhkT9PbZLGKPW9p7eQQ9K"},"fileId":"3flRTQCSlEuLOtGpzdrZkg"},"_contentSize":{"__type__":"cc.Size","width":734,"height":85},"_anchorPoint":{"__type__":"cc.Vec2","y":0.5},"_trs":{"__type__":"TypedArray","ctor":"Float64Array","array":[-432.522,212.523,0,0,0,0,1,1,1,1]}},{"__type__":"cc.Node","_name":"toggle_1","_parent":{"__id__":5},"_children":[{"__id__":7},{"__id__":9}],"_components":[{"__id__":11}],"_prefab":{"__type__":"cc.PrefabInfo","root":{"__id__":1},"asset":{"__uuid__":"ffhkT9PbZLGKPW9p7eQQ9K"},"fileId":"aa9DbFdVZHCKlVdxqW499S"},"_contentSize":{"__type__":"cc.Size","width":138,"height":53},"_trs":{"__type__":"TypedArray","ctor":"Float64Array","array":[69,-1,0,0,0,0,1,1,1,1]}},{"__type__":"cc.Node","_name":"Background","_parent":{"__id__":6},"_children":[{"__id__":8}],"_components":[{"__type__":"cc.Sprite","node":{"__id__":7},"_materials":[{"__uuid__":"ecpdLyjvZBwrvm+cedCcQy"}],"_spriteFrame":{"__uuid__":"fceWhJvj9EfZAsLnlz76ju"}}],"_prefab":{"__type__":"cc.PrefabInfo","root":{"__id__":1},"asset":{"__uuid__":"ffhkT9PbZLGKPW9p7eQQ9K"},"fileId":"81hzDx9gdNwrgEm6MUoYjv"},"_contentSize":{"__type__":"cc.Size","width":138,"height":53},"_trs":{"__type__":"TypedArray","ctor":"Float64Array","array":[0,0,0,0,0,0,1,1,1,1]}},{"__type__":"cc.Node","_name":"label","_parent":{"__id__":7},"_components":[{"__type__":"cc.Label","node":{"__id__":8},"_materials":[{"__uuid__":"ecpdLyjvZBwrvm+cedCcQy"}],"_useOriginalSize":false,"_string":"百家乐","_N$string":"百家乐","_fontSize":21,"_N$file":{"__uuid__":"6cdYiskGtJJYGqTveEBiCW"},"_isSystemFontUsed":false,"_N$horizontalAlign":1,"_N$verticalAlign":1}],"_prefab":{"__type__":"cc.PrefabInfo","root":{"__id__":1},"asset":{"__uuid__":"ffhkT9PbZLGKPW9p7eQQ9K"},"fileId":"8dtY5Qf1lCsJ3M6yxt/A3I"},"_contentSize":{"__type__":"cc.Size","width":63,"height":50.4},"_trs":{"__type__":"TypedArray","ctor":"Float64Array","array":[0,0,0,0,0,0,1,1,1,1]}},{"__type__":"cc.Node","_name":"checkmark","_parent":{"__id__":6},"_components":[{"__id__":10}],"_prefab":{"__type__":"cc.PrefabInfo","root":{"__id__":1},"asset":{"__uuid__":"ffhkT9PbZLGKPW9p7eQQ9K"},"fileId":"9b2LrepJxPvIHAv/cN+v7x"},"_contentSize":{"__type__":"cc.Size","width":139,"height":54},"_trs":{"__type__":"TypedArray","ctor":"Float64Array","array":[0,0,0,0,0,0,1,1,1,1]}},{"__type__":"cc.Sprite","node":{"__id__":9},"_materials":[{"__uuid__":"ecpdLyjvZBwrvm+cedCcQy"}],"_spriteFrame":{"__uuid__":"cbkN0IjxVOuIBHkuap2z0N"},"_sizeMode":2,"_isTrimmedMode":false},{"__type__":"cc.Toggle","node":{"__id__":6},"_N$normalColor":{"__type__":"cc.Color","r":214,"g":214,"b":214},"_N$target":{"__id__":7},"toggleGroup":{"__id__":12},"checkMark":{"__id__":10},"checkEvents":[{"__type__":"cc.ClickEvent","target":{"__id__":1},"_componentId":"5fd04vIxhdB/Zfg/mGn1RIm","handler":"onToggle"}]},{"__type__":"cc.ToggleGroup","node":{"__id__":5}},{"__type__":"cc.Node","_name":"toggle_2","_parent":{"__id__":5},"_children":[{"__id__":14},{"__id__":16}],"_components":[{"__id__":18}],"_prefab":{"__type__":"cc.PrefabInfo","root":{"__id__":1},"asset":{"__uuid__":"ffhkT9PbZLGKPW9p7eQQ9K"},"fileId":"6284Zah39PlLPYcH0NOj9v"},"_contentSize":{"__type__":"cc.Size","width":138,"height":53},"_trs":{"__type__":"TypedArray","ctor":"Float64Array","array":[218,-1,0,0,0,0,1,1,1,1]}},{"__type__":"cc.Node","_name":"Background","_parent":{"__id__":13},"_children":[{"__id__":15}],"_components":[{"__type__":"cc.Sprite","node":{"__id__":14},"_materials":[{"__uuid__":"ecpdLyjvZBwrvm+cedCcQy"}],"_spriteFrame":{"__uuid__":"fceWhJvj9EfZAsLnlz76ju"}}],"_prefab":{"__type__":"cc.PrefabInfo","root":{"__id__":1},"asset":{"__uuid__":"ffhkT9PbZLGKPW9p7eQQ9K"},"fileId":"41oZ0hLP1I67viBfmoJfmF"},"_contentSize":{"__type__":"cc.Size","width":138,"height":53},"_trs":{"__type__":"TypedArray","ctor":"Float64Array","array":[0,0,0,0,0,0,1,1,1,1]}},{"__type__":"cc.Node","_name":"label","_parent":{"__id__":14},"_components":[{"__type__":"cc.Label","node":{"__id__":15},"_materials":[{"__uuid__":"ecpdLyjvZBwrvm+cedCcQy"}],"_useOriginalSize":false,"_string":"龙虎","_N$string":"龙虎","_fontSize":21,"_N$file":{"__uuid__":"6cdYiskGtJJYGqTveEBiCW"},"_isSystemFontUsed":false,"_N$horizontalAlign":1,"_N$verticalAlign":1}],"_prefab":{"__type__":"cc.PrefabInfo","root":{"__id__":1},"asset":{"__uuid__":"ffhkT9PbZLGKPW9p7eQQ9K"},"fileId":"53AsFIsYpC2KnIICXXPo3U"},"_contentSize":{"__type__":"cc.Size","width":42,"height":50.4},"_trs":{"__type__":"TypedArray","ctor":"Float64Array","array":[0,0,0,0,0,0,1,1,1,1]}},{"__type__":"cc.Node","_name":"checkmark","_parent":{"__id__":13},"_active":false,"_components":[{"__id__":17}],"_prefab":{"__type__":"cc.PrefabInfo","root":{"__id__":1},"asset":{"__uuid__":"ffhkT9PbZLGKPW9p7eQQ9K"},"fileId":"09LzxuwKxHfo1WQTQAL4FG"},"_contentSize":{"__type__":"cc.Size","width":139,"height":54},"_trs":{"__type__":"TypedArray","ctor":"Float64Array","array":[0,0,0,0,0,0,1,1,1,1]}},{"__type__":"cc.Sprite","node":{"__id__":16},"_materials":[{"__uuid__":"ecpdLyjvZBwrvm+cedCcQy"}],"_spriteFrame":{"__uuid__":"99JwjTBBZHLbQtbIPrILWU"},"_sizeMode":2,"_isTrimmedMode":false},{"__type__":"cc.Toggle","node":{"__id__":13},"_N$normalColor":{"__type__":"cc.Color","r":214,"g":214,"b":214},"_N$target":{"__id__":14},"_N$isChecked":false,"toggleGroup":{"__id__":12},"checkMark":{"__id__":17},"checkEvents":[{"__type__":"cc.ClickEvent","target":{"__id__":1},"_componentId":"5fd04vIxhdB/Zfg/mGn1RIm","handler":"onToggle"}]},{"__type__":"cc.Node","_name":"toggle_3","_parent":{"__id__":5},"_children":[{"__id__":20},{"__id__":22}],"_components":[{"__id__":24}],"_prefab":{"__type__":"cc.PrefabInfo","root":{"__id__":1},"asset":{"__uuid__":"ffhkT9PbZLGKPW9p7eQQ9K"},"fileId":"48OFTNxiJE3a+pglxNNdrn"},"_contentSize":{"__type__":"cc.Size","width":138,"height":53},"_trs":{"__type__":"TypedArray","ctor":"Float64Array","array":[367,-1,0,0,0,0,1,1,1,1]}},{"__type__":"cc.Node","_name":"Background","_parent":{"__id__":19},"_children":[{"__id__":21}],"_components":[{"__type__":"cc.Sprite","node":{"__id__":20},"_materials":[{"__uuid__":"ecpdLyjvZBwrvm+cedCcQy"}],"_spriteFrame":{"__uuid__":"fceWhJvj9EfZAsLnlz76ju"}}],"_prefab":{"__type__":"cc.PrefabInfo","root":{"__id__":1},"asset":{"__uuid__":"ffhkT9PbZLGKPW9p7eQQ9K"},"fileId":"496dvKFAxD14cFqROChnM1"},"_contentSize":{"__type__":"cc.Size","width":138,"height":53},"_trs":{"__type__":"TypedArray","ctor":"Float64Array","array":[0,0,0,0,0,0,1,1,1,1]}},{"__type__":"cc.Node","_name":"label","_parent":{"__id__":20},"_components":[{"__type__":"cc.Label","node":{"__id__":21},"_materials":[{"__uuid__":"ecpdLyjvZBwrvm+cedCcQy"}],"_useOriginalSize":false,"_string":"牛牛","_N$string":"牛牛","_fontSize":21,"_N$file":{"__uuid__":"6cdYiskGtJJYGqTveEBiCW"},"_isSystemFontUsed":false,"_N$horizontalAlign":1,"_N$verticalAlign":1}],"_prefab":{"__type__":"cc.PrefabInfo","root":{"__id__":1},"asset":{"__uuid__":"ffhkT9PbZLGKPW9p7eQQ9K"},"fileId":"83ngoHMg5Azp6E7C7dm1Y+"},"_contentSize":{"__type__":"cc.Size","width":42,"height":50.4},"_trs":{"__type__":"TypedArray","ctor":"Float64Array","array":[0,0,0,0,0,0,1,1,1,1]}},{"__type__":"cc.Node","_name":"checkmark","_parent":{"__id__":19},"_active":false,"_components":[{"__id__":23}],"_prefab":{"__type__":"cc.PrefabInfo","root":{"__id__":1},"asset":{"__uuid__":"ffhkT9PbZLGKPW9p7eQQ9K"},"fileId":"f2tQC7mu5D+qbMcDz5ZzM4"},"_contentSize":{"__type__":"cc.Size","width":139,"height":54},"_trs":{"__type__":"TypedArray","ctor":"Float64Array","array":[0,0,0,0,0,0,1,1,1,1]}},{"__type__":"cc.Sprite","node":{"__id__":22},"_materials":[{"__uuid__":"ecpdLyjvZBwrvm+cedCcQy"}],"_spriteFrame":{"__uuid__":"08c3UjEyRHpZo8X4HFGu46"},"_sizeMode":2,"_isTrimmedMode":false},{"__type__":"cc.Toggle","node":{"__id__":19},"_N$normalColor":{"__type__":"cc.Color","r":214,"g":214,"b":214},"_N$target":{"__id__":20},"_N$isChecked":false,"toggleGroup":{"__id__":12},"checkMark":{"__id__":23},"checkEvents":[{"__type__":"cc.ClickEvent","target":{"__id__":1},"_componentId":"5fd04vIxhdB/Zfg/mGn1RIm","handler":"onToggle"}]},{"__type__":"cc.Node","_name":"toggle_4","_parent":{"__id__":5},"_children":[{"__id__":26},{"__id__":28}],"_components":[{"__id__":30}],"_prefab":{"__type__":"cc.PrefabInfo","root":{"__id__":1},"asset":{"__uuid__":"ffhkT9PbZLGKPW9p7eQQ9K"},"fileId":"ebgonQ5C9OlJt4bW2+R3FN"},"_contentSize":{"__type__":"cc.Size","width":138,"height":53},"_trs":{"__type__":"TypedArray","ctor":"Float64Array","array":[516,-1,0,0,0,0,1,1,1,1]}},{"__type__":"cc.Node","_name":"Background","_parent":{"__id__":25},"_children":[{"__id__":27}],"_components":[{"__type__":"cc.Sprite","node":{"__id__":26},"_materials":[{"__uuid__":"ecpdLyjvZBwrvm+cedCcQy"}],"_spriteFrame":{"__uuid__":"fceWhJvj9EfZAsLnlz76ju"}}],"_prefab":{"__type__":"cc.PrefabInfo","root":{"__id__":1},"asset":{"__uuid__":"ffhkT9PbZLGKPW9p7eQQ9K"},"fileId":"03VoHFdylL7Kv+mwmsGwJS"},"_contentSize":{"__type__":"cc.Size","width":138,"height":53},"_trs":{"__type__":"TypedArray","ctor":"Float64Array","array":[0,0,0,0,0,0,1,1,1,1]}},{"__type__":"cc.Node","_name":"label","_parent":{"__id__":26},"_components":[{"__type__":"cc.Label","node":{"__id__":27},"_materials":[{"__uuid__":"ecpdLyjvZBwrvm+cedCcQy"}],"_useOriginalSize":false,"_string":"三公","_N$string":"三公","_fontSize":21,"_N$file":{"__uuid__":"6cdYiskGtJJYGqTveEBiCW"},"_isSystemFontUsed":false,"_N$horizontalAlign":1,"_N$verticalAlign":1}],"_prefab":{"__type__":"cc.PrefabInfo","root":{"__id__":1},"asset":{"__uuid__":"ffhkT9PbZLGKPW9p7eQQ9K"},"fileId":"7e7EUd3sVORpXC6lMbZLrK"},"_contentSize":{"__type__":"cc.Size","width":42,"height":50.4},"_trs":{"__type__":"TypedArray","ctor":"Float64Array","array":[0,0,0,0,0,0,1,1,1,1]}},{"__type__":"cc.Node","_name":"checkmark","_parent":{"__id__":25},"_active":false,"_components":[{"__id__":29}],"_prefab":{"__type__":"cc.PrefabInfo","root":{"__id__":1},"asset":{"__uuid__":"ffhkT9PbZLGKPW9p7eQQ9K"},"fileId":"a17fnI0xBNA6zRSciYcFY5"},"_contentSize":{"__type__":"cc.Size","width":139,"height":54},"_trs":{"__type__":"TypedArray","ctor":"Float64Array","array":[0,0,0,0,0,0,1,1,1,1]}},{"__type__":"cc.Sprite","node":{"__id__":28},"_materials":[{"__uuid__":"ecpdLyjvZBwrvm+cedCcQy"}],"_spriteFrame":{"__uuid__":"88q/elXOVByJhvlQ0fs1tQ"},"_sizeMode":2,"_isTrimmedMode":false},{"__type__":"cc.Toggle","node":{"__id__":25},"_N$normalColor":{"__type__":"cc.Color","r":214,"g":214,"b":214},"_N$target":{"__id__":26},"_N$isChecked":false,"toggleGroup":{"__id__":12},"checkMark":{"__id__":29},"checkEvents":[{"__type__":"cc.ClickEvent","target":{"__id__":1},"_componentId":"5fd04vIxhdB/Zfg/mGn1RIm","handler":"onToggle"}]},{"__type__":"cc.Node","_name":"toggle_5","_parent":{"__id__":5},"_children":[{"__id__":32},{"__id__":34}],"_components":[{"__id__":36}],"_prefab":{"__type__":"cc.PrefabInfo","root":{"__id__":1},"asset":{"__uuid__":"ffhkT9PbZLGKPW9p7eQQ9K"},"fileId":"9cHdNhVqFC2Kxf7Smqog7h"},"_contentSize":{"__type__":"cc.Size","width":138,"height":53},"_trs":{"__type__":"TypedArray","ctor":"Float64Array","array":[665,-1,0,0,0,0,1,1,1,1]}},{"__type__":"cc.Node","_name":"Background","_parent":{"__id__":31},"_children":[{"__id__":33}],"_components":[{"__type__":"cc.Sprite","node":{"__id__":32},"_materials":[{"__uuid__":"ecpdLyjvZBwrvm+cedCcQy"}],"_spriteFrame":{"__uuid__":"fceWhJvj9EfZAsLnlz76ju"}}],"_prefab":{"__type__":"cc.PrefabInfo","root":{"__id__":1},"asset":{"__uuid__":"ffhkT9PbZLGKPW9p7eQQ9K"},"fileId":"4eQTEOwM1LNpXaTrSL7qfn"},"_contentSize":{"__type__":"cc.Size","width":138,"height":53},"_trs":{"__type__":"TypedArray","ctor":"Float64Array","array":[0,0,0,0,0,0,1,1,1,1]}},{"__type__":"cc.Node","_name":"label","_parent":{"__id__":32},"_components":[{"__type__":"cc.Label","node":{"__id__":33},"_materials":[{"__uuid__":"ecpdLyjvZBwrvm+cedCcQy"}],"_useOriginalSize":false,"_string":"A89","_N$string":"A89","_fontSize":21,"_N$file":{"__uuid__":"6cdYiskGtJJYGqTveEBiCW"},"_isSystemFontUsed":false,"_N$horizontalAlign":1,"_N$verticalAlign":1}],"_prefab":{"__type__":"cc.PrefabInfo","root":{"__id__":1},"asset":{"__uuid__":"ffhkT9PbZLGKPW9p7eQQ9K"},"fileId":"9abH6GGqBHFpbSAiB1sEVC"},"_contentSize":{"__type__":"cc.Size","width":39.41,"height":50.4},"_trs":{"__type__":"TypedArray","ctor":"Float64Array","array":[0,0,0,0,0,0,1,1,1,1]}},{"__type__":"cc.Node","_name":"checkmark","_parent":{"__id__":31},"_active":false,"_components":[{"__id__":35}],"_prefab":{"__type__":"cc.PrefabInfo","root":{"__id__":1},"asset":{"__uuid__":"ffhkT9PbZLGKPW9p7eQQ9K"},"fileId":"55ojDtWL1Ci7WGWlyPo0GZ"},"_contentSize":{"__type__":"cc.Size","width":139,"height":54},"_trs":{"__type__":"TypedArray","ctor":"Float64Array","array":[0,0,0,0,0,0,1,1,1,1]}},{"__type__":"cc.Sprite","node":{"__id__":34},"_materials":[{"__uuid__":"ecpdLyjvZBwrvm+cedCcQy"}],"_spriteFrame":{"__uuid__":"dc1XCBTtROy7cZZ7YCfte0"},"_sizeMode":2,"_isTrimmedMode":false},{"__type__":"cc.Toggle","node":{"__id__":31},"_N$normalColor":{"__type__":"cc.Color","r":214,"g":214,"b":214},"_N$target":{"__id__":32},"_N$isChecked":false,"toggleGroup":{"__id__":12},"checkMark":{"__id__":35},"checkEvents":[{"__type__":"cc.ClickEvent","target":{"__id__":1},"_componentId":"5fd04vIxhdB/Zfg/mGn1RIm","handler":"onToggle"}]},{"__type__":"cc.Node","_name":"ScrollView","_parent":{"__id__":1},"_children":[{"__id__":38}],"_components":[{"__type__":"cc.ScrollView","node":{"__id__":37},"horizontal":false,"brake":0.75,"bounceDuration":0.23,"_N$content":{"__id__":39},"content":{"__id__":39},"_N$horizontalScrollBar":null,"_N$verticalScrollBar":null}],"_prefab":{"__type__":"cc.PrefabInfo","root":{"__id__":1},"asset":{"__uuid__":"ffhkT9PbZLGKPW9p7eQQ9K"},"fileId":"42t26vhrdLnJCdUP2nE4f+"},"_contentSize":{"__type__":"cc.Size","width":950,"height":450},"_trs":{"__type__":"TypedArray","ctor":"Float64Array","array":[10,-60,0,0,0,0,1,1,1,1]}},{"__type__":"cc.Node","_name":"view","_parent":{"__id__":37},"_children":[{"__id__":39}],"_components":[{"__type__":"cc.Mask","node":{"__id__":38},"_materials":[{"__uuid__":"ecpdLyjvZBwrvm+cedCcQy"}],"_N$alphaThreshold":0},{"__type__":"cc.Widget","node":{"__id__":38},"_alignFlags":45,"_originalWidth":240,"_originalHeight":250}],"_prefab":{"__type__":"cc.PrefabInfo","root":{"__id__":1},"asset":{"__uuid__":"ffhkT9PbZLGKPW9p7eQQ9K"},"fileId":"bbvPoOo91OCqpnKrkcAvH8"},"_contentSize":{"__type__":"cc.Size","width":950,"height":450},"_anchorPoint":{"__type__":"cc.Vec2","x":0.5,"y":1},"_trs":{"__type__":"TypedArray","ctor":"Float64Array","array":[0,225,0,0,0,0,1,1,1,1]}},{"__type__":"cc.Node","_name":"content","_parent":{"__id__":38},"_children":[{"__id__":40},{"__id__":41},{"__id__":42},{"__id__":43},{"__id__":44}],"_components":[{"__type__":"cc.Layout","node":{"__id__":39},"_layoutSize":{"__type__":"cc.Size","width":926,"height":426},"_resize":1,"_N$layoutType":2,"_N$spacingY":30}],"_prefab":{"__type__":"cc.PrefabInfo","root":{"__id__":1},"asset":{"__uuid__":"ffhkT9PbZLGKPW9p7eQQ9K"},"fileId":"9fcC83DOxJuL3H8HmcZ1Nl"},"_contentSize":{"__type__":"cc.Size","width":926,"height":426},"_anchorPoint":{"__type__":"cc.Vec2","x":0.5,"y":1},"_trs":{"__type__":"TypedArray","ctor":"Float64Array","array":[0,0,0,0,0,0,1,1,1,1]}},{"__type__":"cc.Node","_name":"baijiale_rule","_parent":{"__id__":39},"_components":[{"__type__":"cc.Sprite","node":{"__id__":40},"_materials":[{"__uuid__":"ecpdLyjvZBwrvm+cedCcQy"}],"_spriteFrame":{"__uuid__":"caNF6+xG1KPpxA5jyeEWqA"}}],"_prefab":{"__type__":"cc.PrefabInfo","root":{"__id__":1},"asset":{"__uuid__":"ffhkT9PbZLGKPW9p7eQQ9K"},"fileId":"adk8+KlIFDW4d52767G9PC"},"_contentSize":{"__type__":"cc.Size","width":980,"height":426},"_trs":{"__type__":"TypedArray","ctor":"Float64Array","array":[5,-213,0,0,0,0,1,1,1,1]}},{"__type__":"cc.Node","_name":"longhu","_parent":{"__id__":39},"_active":false,"_components":[{"__type__":"cc.Label","node":{"__id__":41},"_materials":[{"__uuid__":"ecpdLyjvZBwrvm+cedCcQy"}],"_useOriginalSize":false,"_string":"龙虎是由百家乐游戏衍出的一种最简单易学的博彩游戏，游戏投注方式同百家乐一样，游戏使用八福扑克，龙和虎仅派-张牌就可以定输赢。\n\n游戏玩法:\n牌荷官会销牌一张后，派出“龙”和“虎各一张牌，然后双方比大小。\n\n牌面点数:\n牌面点数由A到K A为最小，K为最大,牌面点数大小顺序:K Q J 10 9 8 7 6 5 4 3 2 A。先比点数，再比花色(黑，红，梅，方)，点数和花色大者获胜，牌面点数，花色相同则为和。\n\n下注方式:龙、虎、和\n\n赔率:\n龙: 1:0.97\n虎: 1:0.97\n和: 1:8","_N$string":"龙虎是由百家乐游戏衍出的一种最简单易学的博彩游戏，游戏投注方式同百家乐一样，游戏使用八福扑克，龙和虎仅派-张牌就可以定输赢。\n\n游戏玩法:\n牌荷官会销牌一张后，派出“龙”和“虎各一张牌，然后双方比大小。\n\n牌面点数:\n牌面点数由A到K A为最小，K为最大,牌面点数大小顺序:K Q J 10 9 8 7 6 5 4 3 2 A。先比点数，再比花色(黑，红，梅，方)，点数和花色大者获胜，牌面点数，花色相同则为和。\n\n下注方式:龙、虎、和\n\n赔率:\n龙: 1:0.97\n虎: 1:0.97\n和: 1:8","_fontSize":16,"_lineHeight":20,"_N$file":{"__uuid__":"6cdYiskGtJJYGqTveEBiCW"},"_isSystemFontUsed":false,"_N$verticalAlign":1,"_N$overflow":3}],"_prefab":{"__type__":"cc.PrefabInfo","root":{"__id__":1},"asset":{"__uuid__":"ffhkT9PbZLGKPW9p7eQQ9K"},"fileId":"cej6fhITFGXIPUYsblT/Is"},"_contentSize":{"__type__":"cc.Size","width":933,"height":325.20000000000005},"_anchorPoint":{"__type__":"cc.Vec2","y":0.5},"_trs":{"__type__":"TypedArray","ctor":"Float64Array","array":[-457,-162.60000000000002,0,0,0,0,1,1,1,1]}},{"__type__":"cc.Node","_name":"niuniu","_parent":{"__id__":39},"_active":false,"_components":[{"__type__":"cc.Label","node":{"__id__":42},"_materials":[{"__uuid__":"ecpdLyjvZBwrvm+cedCcQy"}],"_useOriginalSize":false,"_string":"游戏用牌  牛牛游戏使用一副完整的扑克牌，除去大小王，共计52张。\n\n游戏座位  游戏共有位庄家三位闲家， 点击客人只能投注在三位闲家座位;\n\n发牌流程  由两颗骰子点数总和按照顺时针定首发牌位;比如结果为3,就是先从闲家3号开始发牌，一次为庄， 闲家1，闲家2,每次一张轮换发牌，所有作为发满五张牌后结束发牌;\n\n比牌规则  扑克牌2--9以牌面点数计算，A代表1点，10、J、Q、K代表10点。\n          花色从大到小依次为:黑桃、红桃、梅花、方块。\n          单牌从大到小依次为:K、Q、J,10,9,8,7,6,5,4,3,2,A;\n          牌型从大到小依次为:炸弹、五花牛、牛牛，牛九，牛八，牛七，牛六，牛五，牛四，牛三，牛二，牛一，没牛;\n          相同牌型的情况下，取五张牌中牌面值最大的一张按照花色和牌面值比对\n牌型释意  炸弹指其中有四条牌牌面值相同花色不同   五花牛指所有五张牌都是10以上的牌型\n\n投注规则  客人选择闲家 1号，闲家2号，闲家3号进行投注，每一家可以投注平倍、翻倍，一次可以投注多个闲家，投注翻倍时，客人必须有足够的金额才能进行投注;\n\n台面限红  限红是单独限制某个闲家， 比如最大限红1000, 那就是一铺中三个闲家的平倍\n          和翻倍的可下注金额累计不超过1000;最小限红同理;\n\n赔率      客人可投注每个闲家的平倍与翻倍;\n\n          当客人下注平倍时，不管开什么牛，杀赔率都为1:0.97\n\n          当客人下注翻倍时，客人和庄家没有牛六以上，杀赔率都为1:0.97当客人下注翻倍时，客人和庄家没有牛六以上，杀赔率都为1:0.97 \n\n          当客人下注翻倍时，客人和庄家牛七，牛八，牛九时，杀赔率都为1:2*0.97\n          \n          当客人下注翻倍时，客人和庄家牛牛，五花牛，炸弹时，杀赔率都为1:3*0.97 \n\n\n","_N$string":"游戏用牌  牛牛游戏使用一副完整的扑克牌，除去大小王，共计52张。\n\n游戏座位  游戏共有位庄家三位闲家， 点击客人只能投注在三位闲家座位;\n\n发牌流程  由两颗骰子点数总和按照顺时针定首发牌位;比如结果为3,就是先从闲家3号开始发牌，一次为庄， 闲家1，闲家2,每次一张轮换发牌，所有作为发满五张牌后结束发牌;\n\n比牌规则  扑克牌2--9以牌面点数计算，A代表1点，10、J、Q、K代表10点。\n          花色从大到小依次为:黑桃、红桃、梅花、方块。\n          单牌从大到小依次为:K、Q、J,10,9,8,7,6,5,4,3,2,A;\n          牌型从大到小依次为:炸弹、五花牛、牛牛，牛九，牛八，牛七，牛六，牛五，牛四，牛三，牛二，牛一，没牛;\n          相同牌型的情况下，取五张牌中牌面值最大的一张按照花色和牌面值比对\n牌型释意  炸弹指其中有四条牌牌面值相同花色不同   五花牛指所有五张牌都是10以上的牌型\n\n投注规则  客人选择闲家 1号，闲家2号，闲家3号进行投注，每一家可以投注平倍、翻倍，一次可以投注多个闲家，投注翻倍时，客人必须有足够的金额才能进行投注;\n\n台面限红  限红是单独限制某个闲家， 比如最大限红1000, 那就是一铺中三个闲家的平倍\n          和翻倍的可下注金额累计不超过1000;最小限红同理;\n\n赔率      客人可投注每个闲家的平倍与翻倍;\n\n          当客人下注平倍时，不管开什么牛，杀赔率都为1:0.97\n\n          当客人下注翻倍时，客人和庄家没有牛六以上，杀赔率都为1:0.97当客人下注翻倍时，客人和庄家没有牛六以上，杀赔率都为1:0.97 \n\n          当客人下注翻倍时，客人和庄家牛七，牛八，牛九时，杀赔率都为1:2*0.97\n          \n          当客人下注翻倍时，客人和庄家牛牛，五花牛，炸弹时，杀赔率都为1:3*0.97 \n\n\n","_fontSize":16,"_lineHeight":20,"_N$file":{"__uuid__":"6cdYiskGtJJYGqTveEBiCW"},"_isSystemFontUsed":false,"_N$verticalAlign":1,"_N$overflow":3}],"_prefab":{"__type__":"cc.PrefabInfo","root":{"__id__":1},"asset":{"__uuid__":"ffhkT9PbZLGKPW9p7eQQ9K"},"fileId":"37hawUz3JJAKe4FpKgTkDY"},"_contentSize":{"__type__":"cc.Size","width":933,"height":665.1999999999999},"_anchorPoint":{"__type__":"cc.Vec2","y":0.5},"_trs":{"__type__":"TypedArray","ctor":"Float64Array","array":[-457,-332.59999999999997,0,0,0,0,1,1,1,1]}},{"__type__":"cc.Node","_name":"sangong","_parent":{"__id__":39},"_active":false,"_components":[{"__type__":"cc.Label","node":{"__id__":43},"_materials":[{"__uuid__":"ecpdLyjvZBwrvm+cedCcQy"}],"_useOriginalSize":false,"_string":"一、游戏规则\n\n  在该三公游戏中，游戏座位为1庄家6闲家，游戏开始后系统会给每位玩家发送三张牌，用两颗骰子摇出来的点数加起来逆时针定位，比如是3点，那就是闲家3号位开始定位发牌，三公游戏使用一副扑克牌中的52张牌(大小王除外)，其中牌张A-9之间的这些牌为点数牌。牌张10为数字牌=0点牌，牌张J Q、K为公牌，系统给每位玩家发完三张牌后，所有的大小比较均是庄家和每位闲家比较，闲家和闲家之间不进行比较，每种牌型都有自己的规定牌型倍数，在和庄家比较牌型大小后，会根据牌型系统来计算每位玩家的输赢是多少倍数。\n\n1、基本其牌型以及牌型系统:公牌:牌张J、Q、K、为公牌\n\n   点数牌:公牌不计数点数，10不算点数也不算是公数，牌A-9对应1-9点，把三张牌的点数全部组加取个位的数作为本方的点数。  \n\n三公的胜负判断主要以牌A-9之间的这点牌来计算点数，以及公牌的组合来决定输赢，牌10不算点数也不是公牌。牌A-9对应1-9点，把三张牌的点数全部相加，取个位的数作为本方的点数，如果有一方手里的三张牌都是公牌(如:JQK、JJQ等)，则为”三公”。\n\n2、比牌规则:\n\n3、在三公游戏中的单张牌比较:公仔牌>数字牌，(K>Q>10.>.....>2>A)， 花色的比较为:黑桃>红桃>梅花>方块。\n\n其他组成的牌型比较规则如下:\n\n1、牌型:大三公>小三公>混三公>点数大小(9>8>7>6>5>4>3>2>1>0)\n2、大三公: KKK>QQQ>JJJ\n3、小三公: 101010>999>888>....333>222>AAA\n4、混三公:如果大家都是混三公、则先比较玩家最大的那张公牌的大小，如果还是相同，则比较玩家最大公牌的花色。\n5、点数牌的比较: 9>8....>2>1>0\n\n三公无对子牌数，以单牌点数比较大小，如果玩家都是点数牌，并且点数相等的情况下则先比较玩家的公牌数，双公比单公大(如: QJ9>K109)，如果公牌数还是一样则比较最大的那张单牌大小(如: KJ9>QJ9)，如果大小还是相同则比较的花色、(如:一方是:黑桃2、方块3、方块4(即9点)、另一方:红桃3、梅花4、方块2 (即9点)，梅花4>方块4、所以后者胜)。\n\n下注区域与赔率\n1、平倍区:输赢一律按平倍: 1赔1。\n2、翻倍区: 7点、8点、9点 赔率为: 1赔2 ;三公赔率为: 1赔3 ;其他点数为: 1赔1。\n3、闲赢不抽水\n备注:  闲家是0点，庄家是0点则为庄赢。如果牌手操作失误，发错牌或定错位。则当局作废，重新洗牌。","_N$string":"一、游戏规则\n\n  在该三公游戏中，游戏座位为1庄家6闲家，游戏开始后系统会给每位玩家发送三张牌，用两颗骰子摇出来的点数加起来逆时针定位，比如是3点，那就是闲家3号位开始定位发牌，三公游戏使用一副扑克牌中的52张牌(大小王除外)，其中牌张A-9之间的这些牌为点数牌。牌张10为数字牌=0点牌，牌张J Q、K为公牌，系统给每位玩家发完三张牌后，所有的大小比较均是庄家和每位闲家比较，闲家和闲家之间不进行比较，每种牌型都有自己的规定牌型倍数，在和庄家比较牌型大小后，会根据牌型系统来计算每位玩家的输赢是多少倍数。\n\n1、基本其牌型以及牌型系统:公牌:牌张J、Q、K、为公牌\n\n   点数牌:公牌不计数点数，10不算点数也不算是公数，牌A-9对应1-9点，把三张牌的点数全部组加取个位的数作为本方的点数。  \n\n三公的胜负判断主要以牌A-9之间的这点牌来计算点数，以及公牌的组合来决定输赢，牌10不算点数也不是公牌。牌A-9对应1-9点，把三张牌的点数全部相加，取个位的数作为本方的点数，如果有一方手里的三张牌都是公牌(如:JQK、JJQ等)，则为”三公”。\n\n2、比牌规则:\n\n3、在三公游戏中的单张牌比较:公仔牌>数字牌，(K>Q>10.>.....>2>A)， 花色的比较为:黑桃>红桃>梅花>方块。\n\n其他组成的牌型比较规则如下:\n\n1、牌型:大三公>小三公>混三公>点数大小(9>8>7>6>5>4>3>2>1>0)\n2、大三公: KKK>QQQ>JJJ\n3、小三公: 101010>999>888>....333>222>AAA\n4、混三公:如果大家都是混三公、则先比较玩家最大的那张公牌的大小，如果还是相同，则比较玩家最大公牌的花色。\n5、点数牌的比较: 9>8....>2>1>0\n\n三公无对子牌数，以单牌点数比较大小，如果玩家都是点数牌，并且点数相等的情况下则先比较玩家的公牌数，双公比单公大(如: QJ9>K109)，如果公牌数还是一样则比较最大的那张单牌大小(如: KJ9>QJ9)，如果大小还是相同则比较的花色、(如:一方是:黑桃2、方块3、方块4(即9点)、另一方:红桃3、梅花4、方块2 (即9点)，梅花4>方块4、所以后者胜)。\n\n下注区域与赔率\n1、平倍区:输赢一律按平倍: 1赔1。\n2、翻倍区: 7点、8点、9点 赔率为: 1赔2 ;三公赔率为: 1赔3 ;其他点数为: 1赔1。\n3、闲赢不抽水\n备注:  闲家是0点，庄家是0点则为庄赢。如果牌手操作失误，发错牌或定错位。则当局作废，重新洗牌。","_fontSize":16,"_lineHeight":20,"_N$file":{"__uuid__":"6cdYiskGtJJYGqTveEBiCW"},"_isSystemFontUsed":false,"_N$verticalAlign":1,"_N$overflow":3}],"_prefab":{"__type__":"cc.PrefabInfo","root":{"__id__":1},"asset":{"__uuid__":"ffhkT9PbZLGKPW9p7eQQ9K"},"fileId":"6bGhj9WGhCKKYyZMBHpods"},"_contentSize":{"__type__":"cc.Size","width":933,"height":725.1999999999999},"_anchorPoint":{"__type__":"cc.Vec2","y":0.5},"_trs":{"__type__":"TypedArray","ctor":"Float64Array","array":[-457,-362.59999999999997,0,0,0,0,1,1,1,1]}},{"__type__":"cc.Node","_name":"A89_rule","_parent":{"__id__":39},"_active":false,"_components":[{"__type__":"cc.Label","node":{"__id__":44},"_materials":[{"__uuid__":"ecpdLyjvZBwrvm+cedCcQy"}],"_useOriginalSize":false,"_string":"\"一:游戏规则\n\n            在A89游戏中分为庄家、顺门、天门、反门、游戏开始后系统给每位玩家发两张牌，用两颗骰子逆时针定位，比如3点、那就是天门开始定位发牌，空门也发牌。\n            A89游戏使用一副扑克52张牌(大小王除外)，其中A-9之间的这些牌为点数牌，牌张10、J、Q、K分别等于0、1、2、3点。系统给每位玩家发完2张牌后，所有闲家均与庄家比较，闲家与闲家不比较。备注:闲家0点庄家0点则庄赢，同点同大庄赢，例A8对A8庄家赢。\n            \n            二:对子大于单点\n            \n            1.对子大小顺序:\n            A>K>Q>J>10>9>8>7>6>5>4>3>2\n            详解: (A.A>K.K>Q.Q>J.J>10.10>9.9>8.8>7.7>66> 5.5>4.4>3.3>2.2)\n            \n            2.单点大小顺序:\n            A>K>Q>J>10>9>8>7>6>5>4>3>2\n            详解:9点(A.8>K.6>Q.7>J.8>10.9>7.2>6.3>5.4)>8点(A.7>K.5>Q.6>J.7>10.8>6.2>53>)>7点(A.6>K.4>Q.5>J.6>10.7>6.1>5.2>4.3) 以此类推。\n            \n            三:赔率:庄闲同等比例\n            \n                  下注分两个区:平倍区、超倍区。\n            \n                  平倍区:输赢一律按平倍赔率:1倍1。\n            \n                  超倍区:以赢家的牌结果来定赔率: 0点1:1、1点1:1、2点1:2、3点1:3、4点1:4、5点1:5、6点1:6、7点1:7、8点1:8、9点1:9、对子1:10。\n            \n                  四:限额\n            \n                  限红是单独限制每个闲家的，比如限红10000,超倍最高限额1000,那就是3个闲家，每家的平倍、超倍加起来的总下注额累计为11000. (超倍的最高限额是台面限红的10%)。\n            \n                  注:筹码、现金不足，免下注超倍区。\n            \n            五:操作\n            1.如定位，发牌发现错误，请收回原注，重新定位发牌。\n            2.未发完牌，不可提前看牌，避免发错牌。\n            3.先下注，后摇骰子，(摇好骰子后就不能下注)\"","_N$string":"\"一:游戏规则\n\n            在A89游戏中分为庄家、顺门、天门、反门、游戏开始后系统给每位玩家发两张牌，用两颗骰子逆时针定位，比如3点、那就是天门开始定位发牌，空门也发牌。\n            A89游戏使用一副扑克52张牌(大小王除外)，其中A-9之间的这些牌为点数牌，牌张10、J、Q、K分别等于0、1、2、3点。系统给每位玩家发完2张牌后，所有闲家均与庄家比较，闲家与闲家不比较。备注:闲家0点庄家0点则庄赢，同点同大庄赢，例A8对A8庄家赢。\n            \n            二:对子大于单点\n            \n            1.对子大小顺序:\n            A>K>Q>J>10>9>8>7>6>5>4>3>2\n            详解: (A.A>K.K>Q.Q>J.J>10.10>9.9>8.8>7.7>66> 5.5>4.4>3.3>2.2)\n            \n            2.单点大小顺序:\n            A>K>Q>J>10>9>8>7>6>5>4>3>2\n            详解:9点(A.8>K.6>Q.7>J.8>10.9>7.2>6.3>5.4)>8点(A.7>K.5>Q.6>J.7>10.8>6.2>53>)>7点(A.6>K.4>Q.5>J.6>10.7>6.1>5.2>4.3) 以此类推。\n            \n            三:赔率:庄闲同等比例\n            \n                  下注分两个区:平倍区、超倍区。\n            \n                  平倍区:输赢一律按平倍赔率:1倍1。\n            \n                  超倍区:以赢家的牌结果来定赔率: 0点1:1、1点1:1、2点1:2、3点1:3、4点1:4、5点1:5、6点1:6、7点1:7、8点1:8、9点1:9、对子1:10。\n            \n                  四:限额\n            \n                  限红是单独限制每个闲家的，比如限红10000,超倍最高限额1000,那就是3个闲家，每家的平倍、超倍加起来的总下注额累计为11000. (超倍的最高限额是台面限红的10%)。\n            \n                  注:筹码、现金不足，免下注超倍区。\n            \n            五:操作\n            1.如定位，发牌发现错误，请收回原注，重新定位发牌。\n            2.未发完牌，不可提前看牌，避免发错牌。\n            3.先下注，后摇骰子，(摇好骰子后就不能下注)\"","_fontSize":16,"_lineHeight":20,"_N$file":{"__uuid__":"6cdYiskGtJJYGqTveEBiCW"},"_isSystemFontUsed":false,"_N$verticalAlign":1,"_N$overflow":3}],"_prefab":{"__type__":"cc.PrefabInfo","root":{"__id__":1},"asset":{"__uuid__":"ffhkT9PbZLGKPW9p7eQQ9K"},"fileId":"caxN3epL1D7IyDPE/H0dMh"},"_contentSize":{"__type__":"cc.Size","width":933,"height":785.1999999999999},"_anchorPoint":{"__type__":"cc.Vec2","y":0.5},"_trs":{"__type__":"TypedArray","ctor":"Float64Array","array":[-457,-392.59999999999997,0,0,0,0,1,1,1,1]}}]]