[{"__type__":"cc.SpriteFrame","content":{"name":"login_tip_bg","texture":"ebmdEg3GZG5bu83hkMIeDJ","rect":[2,2,69,432],"offset":[0,0],"originalSize":[69,432],"capInsets":[20,0,20,0]}},{"__type__":"cc.SpriteFrame","content":{"name":"youxixuzhi_title","texture":"cfCpKgTV5PO4J+8KRBAv+M","rect":[2,531,351,75],"offset":[0,0],"originalSize":[351,75],"rotated":1,"capInsets":[0,0,0,0]}},{"__type__":"cc.SpriteFrame","content":{"name":"close_btn","texture":"ebmdEg3GZG5bu83hkMIeDJ","rect":[306,217,81,78],"offset":[0,0],"originalSize":[81,78],"capInsets":[0,0,0,0]}},[{"__type__":"cc.Prefab","_name":"GameNoticeView","data":{"__id__":1}},{"__type__":"cc.Node","_name":"GameNoticeView","_children":[{"__id__":2},{"__id__":3},{"__id__":4},{"__id__":5}],"_components":[{"__type__":"005dcnLzWJN7Lp/8bHpXZft","node":{"__id__":1}}],"_prefab":{"__type__":"cc.PrefabInfo","root":{"__id__":1},"asset":{"__id__":0},"fileId":"d19NnwOWlHmKu8KpRJOr3o"},"_trs":{"__type__":"TypedArray","ctor":"Float64Array","array":[0,0,0,0,0,0,1,1,1,1]}},{"__type__":"cc.Node","_name":"bg","_parent":{"__id__":1},"_components":[{"__type__":"cc.Sprite","node":{"__id__":2},"_materials":[{"__uuid__":"ecpdLyjvZBwrvm+cedCcQy"}],"_spriteFrame":{"__uuid__":"20FVgdK5NKsIYJNTlRrc3L"},"_type":1,"_sizeMode":0}],"_prefab":{"__type__":"cc.PrefabInfo","root":{"__id__":1},"asset":{"__id__":0},"fileId":"8dbEvkO25D3I7v42aLtNXv"},"_contentSize":{"__type__":"cc.Size","width":987,"height":524},"_trs":{"__type__":"TypedArray","ctor":"Float64Array","array":[12,4,0,0,0,0,1,1,1,1]}},{"__type__":"cc.Node","_name":"exitBtn","_parent":{"__id__":1},"_components":[{"__type__":"cc.Sprite","node":{"__id__":3},"_materials":[{"__uuid__":"ecpdLyjvZBwrvm+cedCcQy"}],"_spriteFrame":{"__uuid__":"c6D01mhoNBoZ0RPnMByWJX"},"_sizeMode":0},{"__type__":"cc.Button","node":{"__id__":3},"clickEvents":[{"__type__":"cc.ClickEvent","target":{"__id__":1},"_componentId":"005dcnLzWJN7Lp/8bHpXZft","handler":"closePanel"}]}],"_prefab":{"__type__":"cc.PrefabInfo","root":{"__id__":1},"asset":{"__id__":0},"fileId":"aeIMUbe0RGspqaPBPUJa4O"},"_contentSize":{"__type__":"cc.Size","width":100,"height":100},"_trs":{"__type__":"TypedArray","ctor":"Float64Array","array":[506.507,226.833,0,0,0,0,1,0.8,0.8,0.8]}},{"__type__":"cc.Node","_name":"title","_parent":{"__id__":1},"_components":[{"__type__":"cc.Sprite","node":{"__id__":4},"_materials":[{"__uuid__":"ecpdLyjvZBwrvm+cedCcQy"}],"_spriteFrame":{"__uuid__":"9aRrmLpo1IBpmto3TTC7U2"}}],"_prefab":{"__type__":"cc.PrefabInfo","root":{"__id__":1},"asset":{"__id__":0},"fileId":"86jWCMEKVFt4hQXM0mopZL"},"_contentSize":{"__type__":"cc.Size","width":351,"height":75},"_trs":{"__type__":"TypedArray","ctor":"Float64Array","array":[9.176,230,0,0,0,0,1,1,1,1]}},{"__type__":"cc.Node","_name":"ScrollView","_parent":{"__id__":1},"_children":[{"__id__":6}],"_components":[{"__type__":"cc.ScrollView","node":{"__id__":5},"horizontal":false,"brake":0.75,"bounceDuration":0.23,"_N$content":{"__id__":7},"content":{"__id__":7},"_N$horizontalScrollBar":null,"_N$verticalScrollBar":null}],"_prefab":{"__type__":"cc.PrefabInfo","root":{"__id__":1},"asset":{"__id__":0},"fileId":"e3T1YIpS9EyonX6AnsOjHI"},"_contentSize":{"__type__":"cc.Size","width":973,"height":434},"_trs":{"__type__":"TypedArray","ctor":"Float64Array","array":[10,-29,0,0,0,0,1,1,1,1]}},{"__type__":"cc.Node","_name":"view","_parent":{"__id__":5},"_children":[{"__id__":7}],"_components":[{"__type__":"cc.Mask","node":{"__id__":6},"_materials":[{"__uuid__":"ecpdLyjvZBwrvm+cedCcQy"}],"_N$alphaThreshold":0},{"__type__":"cc.Widget","node":{"__id__":6},"_alignFlags":45,"_top":-8.500000000000014,"_bottom":-0.4999999999999871,"_originalWidth":240,"_originalHeight":250}],"_prefab":{"__type__":"cc.PrefabInfo","root":{"__id__":1},"asset":{"__id__":0},"fileId":"9bAgzB/gVG9bQINeFmTPao"},"_contentSize":{"__type__":"cc.Size","width":973,"height":443},"_trs":{"__type__":"TypedArray","ctor":"Float64Array","array":[0,4,0,0,0,0,1,1,1,1]}},{"__type__":"cc.Node","_name":"content","_parent":{"__id__":6},"_children":[{"__id__":8}],"_components":[{"__type__":"cc.Layout","node":{"__id__":7},"_layoutSize":{"__type__":"cc.Size","width":926,"height":765.1999999999999},"_resize":1,"_N$layoutType":2,"_N$spacingY":30}],"_prefab":{"__type__":"cc.PrefabInfo","root":{"__id__":1},"asset":{"__id__":0},"fileId":"a8o8/hvf5CvLe85E5wJcU7"},"_contentSize":{"__type__":"cc.Size","width":926,"height":765.1999999999999},"_anchorPoint":{"__type__":"cc.Vec2","x":0.5,"y":1},"_trs":{"__type__":"TypedArray","ctor":"Float64Array","array":[-3,202.795,0,0,0,0,1,1,1,1]}},{"__type__":"cc.Node","_name":"longhu","_parent":{"__id__":7},"_components":[{"__type__":"cc.Label","node":{"__id__":8},"_materials":[{"__uuid__":"ecpdLyjvZBwrvm+cedCcQy"}],"_useOriginalSize":false,"_string":"本公司是合法互联网路交易机构，现提醒有意参加本公司所有游戏之客户，应注意其国家或居住地区的相关法律规定，如有疑问，应就相关问题寻求当地法律意见。\n1 :用户在进行游戏前应核实其所在地进行线上游戏是否符合当地法律\n\n2 :本网站只向符合法定年龄的用户提供服务，用户需注意其居住地区的法律年龄限制，在不违反年龄限制之下可使用本公司服务。\n\n3 :本公司将不承担任何用户因违反当地的相关法律而引起之任何责任。\n\n4 :任何用户在参与本公司所有游戏而引起导致违反当法律之任何责任，本公司概不负责。\n\n5 :用户有义务保护本身的用户名和密码隐私安全，并且不应该允许认可第三方以任何形式,通过该用户名称和密码使用本公司之所有游戏，否则一切责任需由该用户全部承担。\n\n6:安装，使用或参与本软件所有游戏之用户，均被视为符合该用户当地之法定年龄,以及该用户完全明白并且同意本协议之内容。\n\n7 :本公司有权拒绝或不接受任何用户以任何不正当方式登入或参与本公司所有游戏之权利。\n\n8 :因人为或系统发生不能预测因素所导致的失误,本公司管理层保留最终决定权。\n\n9 :因发生不可抗力的灾害和人为入侵破坏行为，所造成的网络故障或资料损坏等情况，以本公司最终数据为最后的处理数据，所以各位会员应尽量保留或列印资料，本公司才接受跟进投诉。\n\n10 :为避免任何争议，各用户在参与本公司所有游戏过程中或在游戏结束前，务必检查该会员账户的资料，如发现任何异常情况,应立即与客户联系查证，否则该用户将视为同意并接受;其账户之一切数据或历史数据，以本公司资料库中的资料为准，用户不得异议。\n\n11 :因人为而导致的发牌错误，如:\n\n( 1 )发牌方向或次序错误。\n\n(2 )不正确之显示或结果(此情况会发生与发牌是连发两张或者以上的牌)。本公司会按照正常的牌例和次序还原至正确的结果，一切结果将还原至正确的结果，一切结果将按还原至正确的结果计算。\n\n各玩家请注意，敬请个玩家以每局的真是录像的牌局结果作准，路书结果有时候会因为网路接收信号或伺服器维护为出现差异，所以只供参考，不能作准，如有问题，欢迎申请该局的重播，以示公正。\n\n12 :不论在任何情况下，本公司之决定权乃最终之决定权。\n\n本人清楚及同意以上所有之使用条文及细则","_N$string":"本公司是合法互联网路交易机构，现提醒有意参加本公司所有游戏之客户，应注意其国家或居住地区的相关法律规定，如有疑问，应就相关问题寻求当地法律意见。\n1 :用户在进行游戏前应核实其所在地进行线上游戏是否符合当地法律\n\n2 :本网站只向符合法定年龄的用户提供服务，用户需注意其居住地区的法律年龄限制，在不违反年龄限制之下可使用本公司服务。\n\n3 :本公司将不承担任何用户因违反当地的相关法律而引起之任何责任。\n\n4 :任何用户在参与本公司所有游戏而引起导致违反当法律之任何责任，本公司概不负责。\n\n5 :用户有义务保护本身的用户名和密码隐私安全，并且不应该允许认可第三方以任何形式,通过该用户名称和密码使用本公司之所有游戏，否则一切责任需由该用户全部承担。\n\n6:安装，使用或参与本软件所有游戏之用户，均被视为符合该用户当地之法定年龄,以及该用户完全明白并且同意本协议之内容。\n\n7 :本公司有权拒绝或不接受任何用户以任何不正当方式登入或参与本公司所有游戏之权利。\n\n8 :因人为或系统发生不能预测因素所导致的失误,本公司管理层保留最终决定权。\n\n9 :因发生不可抗力的灾害和人为入侵破坏行为，所造成的网络故障或资料损坏等情况，以本公司最终数据为最后的处理数据，所以各位会员应尽量保留或列印资料，本公司才接受跟进投诉。\n\n10 :为避免任何争议，各用户在参与本公司所有游戏过程中或在游戏结束前，务必检查该会员账户的资料，如发现任何异常情况,应立即与客户联系查证，否则该用户将视为同意并接受;其账户之一切数据或历史数据，以本公司资料库中的资料为准，用户不得异议。\n\n11 :因人为而导致的发牌错误，如:\n\n( 1 )发牌方向或次序错误。\n\n(2 )不正确之显示或结果(此情况会发生与发牌是连发两张或者以上的牌)。本公司会按照正常的牌例和次序还原至正确的结果，一切结果将还原至正确的结果，一切结果将按还原至正确的结果计算。\n\n各玩家请注意，敬请个玩家以每局的真是录像的牌局结果作准，路书结果有时候会因为网路接收信号或伺服器维护为出现差异，所以只供参考，不能作准，如有问题，欢迎申请该局的重播，以示公正。\n\n12 :不论在任何情况下，本公司之决定权乃最终之决定权。\n\n本人清楚及同意以上所有之使用条文及细则","_fontSize":16,"_lineHeight":20,"_N$file":{"__uuid__":"6cdYiskGtJJYGqTveEBiCW"},"_isSystemFontUsed":false,"_N$verticalAlign":1,"_N$overflow":3}],"_prefab":{"__type__":"cc.PrefabInfo","root":{"__id__":1},"asset":{"__id__":0},"fileId":"79perG9g1BI4P/pjv3tE1A"},"_contentSize":{"__type__":"cc.Size","width":933,"height":765.1999999999999},"_anchorPoint":{"__type__":"cc.Vec2","x":0.5,"y":1},"_trs":{"__type__":"TypedArray","ctor":"Float64Array","array":[0,0,0,0,0,0,1,1,1,1]}}]]