[{"__type__":"cc.SpriteFrame","content":{"name":"top_bg","texture":"a4+Wm77SpBk6/vu1ayVGW7","rect":[0,0,1136,83],"offset":[0,0],"originalSize":[1136,83],"capInsets":[530,0,555,0]}},{"__type__":"cc.SpriteFrame","content":{"name":"notice_bg","texture":"b75pvtU/JOHqGKKIoSpeLX","rect":[0,0,486,34],"offset":[0,0],"originalSize":[486,34],"capInsets":[87,0,383,0]}},{"__type__":"cc.SpriteFrame","content":{"name":"setting_on","texture":"cfCpKgTV5PO4J+8KRBAv+M","rect":[590,442,39,40],"offset":[0,0],"originalSize":[39,40],"capInsets":[0,0,0,0]}},{"__type__":"cc.SpriteFrame","content":{"name":"password_on","texture":"cfCpKgTV5PO4J+8KRBAv+M","rect":[577,536,39,40],"offset":[0,0],"originalSize":[39,40],"capInsets":[0,0,0,0]}},{"__type__":"cc.SpriteFrame","content":{"name":"head_icon","texture":"24k0oqgvtCNIPo/SipX0l0","rect":[0,0,96,113],"offset":[0,0],"originalSize":[96,113],"capInsets":[0,0,0,0]}},{"__type__":"cc.SpriteFrame","content":{"name":"bottom_bg","texture":"41NVZ6DXBEjIv7TkA0EGJd","rect":[0,0,1137,52],"offset":[0,0],"originalSize":[1137,52],"capInsets":[0,0,0,0]}},{"__type__":"cc.SpriteFrame","content":{"name":"get_money_icon","texture":"cfCpKgTV5PO4J+8KRBAv+M","rect":[467,213,124,75],"offset":[0,0],"originalSize":[124,75],"rotated":1,"capInsets":[0,0,0,0]}},{"__type__":"cc.SpriteFrame","content":{"name":"save_money_icon","texture":"cfCpKgTV5PO4J+8KRBAv+M","rect":[391,849,124,75],"offset":[0,0],"originalSize":[124,75],"rotated":1,"capInsets":[0,0,0,0]}},{"__type__":"cc.SpriteFrame","content":{"name":"sangong","texture":"29Qd79aWhNG4ADEb4LJ/b4","rect":[0,0,328,219],"offset":[0,0],"originalSize":[328,219],"capInsets":[0,0,0,0]}},{"__type__":"cc.SpriteFrame","content":{"name":"red_point","texture":"cfCpKgTV5PO4J+8KRBAv+M","rect":[600,287,27,27],"offset":[0,0],"originalSize":[29,29],"capInsets":[0,0,0,0]}},{"__type__":"cc.SpriteFrame","content":{"name":"add_icon","texture":"cfCpKgTV5PO4J+8KRBAv+M","rect":[665,186,25,25],"offset":[0,0],"originalSize":[25,25],"capInsets":[0,0,0,0]}},{"__type__":"cc.SpriteFrame","content":{"name":"message_on","texture":"cfCpKgTV5PO4J+8KRBAv+M","rect":[577,578,39,40],"offset":[0,0],"originalSize":[39,40],"capInsets":[0,0,0,0]}},{"__type__":"cc.SpriteFrame","content":{"name":"record_on","texture":"cfCpKgTV5PO4J+8KRBAv+M","rect":[636,316,39,40],"offset":[0,0],"originalSize":[39,40],"capInsets":[0,0,0,0]}},{"__type__":"cc.SpriteFrame","content":{"name":"sound_on","texture":"cfCpKgTV5PO4J+8KRBAv+M","rect":[577,494,39,40],"offset":[0,0],"originalSize":[39,40],"capInsets":[0,0,0,0]}},{"__type__":"cc.SpriteFrame","content":{"name":"service_icon","texture":"cfCpKgTV5PO4J+8KRBAv+M","rect":[715,932,46,47],"offset":[0,0],"originalSize":[46,47],"capInsets":[0,0,0,0]}},{"__type__":"cc.SpriteFrame","content":{"name":"vedio_on","texture":"cfCpKgTV5PO4J+8KRBAv+M","rect":[684,140,39,40],"offset":[0,0],"originalSize":[39,40],"capInsets":[0,0,0,0]}},[{"__type__":"cc.SceneAsset","_name":"mainScene","scene":{"__id__":1},"asyncLoadAssets":null},{"__type__":"cc.Scene","_name":"New Node","_children":[{"__id__":2}],"_active":false,"_anchorPoint":{"__type__":"cc.Vec2"},"_trs":{"__type__":"TypedArray","ctor":"Float64Array","array":[0,0,0,0,0,0,1,1,1,1]},"autoReleaseAssets":false},{"__type__":"cc.Node","_name":"Canvas","_parent":{"__id__":1},"_children":[{"__id__":3},{"__id__":4}],"_components":[{"__type__":"cc.Canvas","node":{"__id__":2},"_designResolution":{"__type__":"cc.Size","width":1136,"height":640}},{"__type__":"dc73dWRu5pPsY9ZYNI0QAn4","node":{"__id__":2},"mainGameNode":{"__id__":7}},{"__type__":"79b1bMKJaFAM7+8M/Sdqg3H","node":{"__id__":2}},{"__type__":"cc.Widget","node":{"__id__":2},"alignMode":2,"_alignFlags":45}],"_contentSize":{"__type__":"cc.Size","width":1136,"height":640},"_trs":{"__type__":"TypedArray","ctor":"Float64Array","array":[568,320,0,0,0,0,1,1,1,1]},"_id":"61IoIXb+9AroXyM/ETO+kq"},{"__type__":"cc.Node","_name":"Main Camera","_parent":{"__id__":2},"_components":[{"__type__":"cc.Camera","node":{"__id__":3},"_clearFlags":7,"_depth":-1}],"_trs":{"__type__":"TypedArray","ctor":"Float64Array","array":[0,0,285.78838324886476,0,0,0,1,1,1,1]}},{"__type__":"cc.Node","_name":"UICenter","_parent":{"__id__":2},"_children":[{"__id__":5},{"__id__":6},{"__id__":118},{"__id__":119}],"_components":[{"__type__":"00f23vVDSFBm6fnF0BmWC44","node":{"__id__":4},"poolParent":{"__id__":5},"commonPanelNode":{"__id__":6},"guidePanelNode":{"__id__":118},"tipPanelNode":{"__id__":119}},{"__type__":"cc.Widget","node":{"__id__":4},"_alignFlags":45}],"_prefab":{"__type__":"cc.PrefabInfo","root":{"__id__":4},"asset":{"__uuid__":"a33K6DH2BEeZG4hwgbmEMN"},"fileId":"5c/bB0I51NAKJgLtuo7upJ"},"_contentSize":{"__type__":"cc.Size","width":1136,"height":640},"_trs":{"__type__":"TypedArray","ctor":"Float64Array","array":[0,0,0,0,0,0,1,1,1,1]},"_groupIndex":1,"groupIndex":1},{"__type__":"cc.Node","_name":"UIPool","_parent":{"__id__":4},"_active":false,"_prefab":{"__type__":"cc.PrefabInfo","root":{"__id__":4},"asset":{"__uuid__":"a33K6DH2BEeZG4hwgbmEMN"},"fileId":"f1lwMjCz9HQ45x4+/I+S52"},"_trs":{"__type__":"TypedArray","ctor":"Float64Array","array":[0,0,0,0,0,0,1,1,1,1]}},{"__type__":"cc.Node","_name":"CommonPanel","_parent":{"__id__":4},"_children":[{"__id__":7}],"_components":[{"__type__":"cc.Widget","node":{"__id__":6},"_alignFlags":45}],"_prefab":{"__type__":"cc.PrefabInfo","root":{"__id__":4},"asset":{"__uuid__":"a33K6DH2BEeZG4hwgbmEMN"},"fileId":"c7zHcJXaRMA6MyOinuJ0if"},"_contentSize":{"__type__":"cc.Size","width":1136,"height":640},"_trs":{"__type__":"TypedArray","ctor":"Float64Array","array":[0,0,0,0,0,0,1,1,1,1]}},{"__type__":"cc.Node","_name":"MainGame","_parent":{"__id__":6},"_children":[{"__id__":8},{"__id__":9},{"__id__":34},{"__id__":41},{"__id__":90},{"__id__":117}],"_components":[{"__type__":"6e1d7kgV5tLUbnIRYDdp53M","node":{"__id__":7},"bottomBtnArray":[{"__id__":48},{"__id__":54},{"__id__":60},{"__id__":66},{"__id__":72},{"__id__":78},{"__id__":84},{"__id__":89}],"gameInfoArray":[{"__type__":"gameInfo","gameLineMemberLab":{"__id__":97}},{"__type__":"gameInfo","gameId":3,"gameLineMemberLab":{"__id__":102}},{"__type__":"gameInfo","gameId":2,"gameLineMemberLab":{"__id__":109}},{"__type__":"gameInfo","gameId":4,"gameLineMemberLab":{"__id__":111}},{"__type__":"gameInfo","gameId":5,"gameLineMemberLab":{"__id__":116}}],"memberLab":{"__id__":33},"moneyLab":{"__id__":31},"messageLab":{"__id__":29},"nikeNameLab":{"__id__":13},"accountLab":{"__id__":16},"mainMaskNode":{"__id__":117},"txBtn":{"__id__":23},"chargeBtn":{"__id__":24}},{"__type__":"cc.Widget","node":{"__id__":7},"alignMode":2,"_alignFlags":45}],"_prefab":{"__type__":"cc.PrefabInfo","root":{"__id__":7},"asset":{"__uuid__":"9aKY1Hx31LwofWoiGzrwNT"},"fileId":"92gi8xIiZL1YPrdDFbHjDV"},"_contentSize":{"__type__":"cc.Size","width":1136,"height":640},"_trs":{"__type__":"TypedArray","ctor":"Float64Array","array":[0,0,0,0,0,0,1,1,1,1]}},{"__type__":"cc.Node","_name":"bg","_parent":{"__id__":7},"_components":[{"__type__":"cc.Sprite","node":{"__id__":8},"_materials":[{"__uuid__":"ecpdLyjvZBwrvm+cedCcQy"}],"_spriteFrame":{"__uuid__":"a0GuSjgKVAPatuCPEq+grf"}},{"__type__":"cc.Widget","node":{"__id__":8},"alignMode":2,"_alignFlags":45,"_originalWidth":1136,"_originalHeight":640}],"_prefab":{"__type__":"cc.PrefabInfo","root":{"__id__":7},"asset":{"__uuid__":"9aKY1Hx31LwofWoiGzrwNT"},"fileId":"6ew7bDfZBLhK7Wv9Wd++Qu"},"_contentSize":{"__type__":"cc.Size","width":1136,"height":640},"_trs":{"__type__":"TypedArray","ctor":"Float64Array","array":[0,0,0,0,0,0,1,1,1,1]}},{"__type__":"cc.Node","_name":"top_bg","_parent":{"__id__":7},"_children":[{"__id__":10},{"__id__":19},{"__id__":20},{"__id__":21},{"__id__":22},{"__id__":30},{"__id__":32}],"_components":[{"__type__":"cc.Sprite","node":{"__id__":9},"_materials":[{"__uuid__":"ecpdLyjvZBwrvm+cedCcQy"}],"_spriteFrame":{"__uuid__":"04oOJuThRHRrEOtzEAGsiV"}},{"__type__":"cc.Widget","node":{"__id__":9},"alignMode":2,"_alignFlags":41,"_originalWidth":1136}],"_prefab":{"__type__":"cc.PrefabInfo","root":{"__id__":7},"asset":{"__uuid__":"9aKY1Hx31LwofWoiGzrwNT"},"fileId":"e64i+jKD5IjoRK6XJFfI0j"},"_contentSize":{"__type__":"cc.Size","width":1136,"height":83},"_trs":{"__type__":"TypedArray","ctor":"Float64Array","array":[0,278.5,0,0,0,0,1,1,1,1]}},{"__type__":"cc.Node","_name":"head_icon_bg","_parent":{"__id__":9},"_children":[{"__id__":11},{"__id__":12},{"__id__":14},{"__id__":15},{"__id__":17},{"__id__":18}],"_components":[{"__type__":"cc.Sprite","node":{"__id__":10},"_materials":[{"__uuid__":"ecpdLyjvZBwrvm+cedCcQy"}],"_type":1,"_sizeMode":0},{"__type__":"cc.Widget","node":{"__id__":10},"_alignFlags":9,"_left":30,"_top":6.198999999999998}],"_prefab":{"__type__":"cc.PrefabInfo","root":{"__id__":7},"asset":{"__uuid__":"9aKY1Hx31LwofWoiGzrwNT"},"fileId":"7a4faTVbBC7Y0RxBcx59in"},"_contentSize":{"__type__":"cc.Size","width":68,"height":68},"_trs":{"__type__":"TypedArray","ctor":"Float64Array","array":[-504,1.301000000000002,0,0,0,0,1,1,1,1]}},{"__type__":"cc.Node","_name":"modify_btn","_parent":{"__id__":10},"_active":false,"_components":[{"__type__":"cc.Sprite","node":{"__id__":11},"_materials":[{"__uuid__":"ecpdLyjvZBwrvm+cedCcQy"}],"_spriteFrame":{"__uuid__":"9eQWNpsCpFs6CpMneUQ4Qw"}}],"_prefab":{"__type__":"cc.PrefabInfo","root":{"__id__":7},"asset":{"__uuid__":"9aKY1Hx31LwofWoiGzrwNT"},"fileId":"87/7hFhtdDOos/JTiSH7CF"},"_contentSize":{"__type__":"cc.Size","width":21,"height":21},"_trs":{"__type__":"TypedArray","ctor":"Float64Array","array":[108.763,15.284000000000002,0,0,0,0,1,1,1,1]}},{"__type__":"cc.Node","_name":"nikeNameLab","_parent":{"__id__":10},"_active":false,"_components":[{"__id__":13}],"_prefab":{"__type__":"cc.PrefabInfo","root":{"__id__":7},"asset":{"__uuid__":"9aKY1Hx31LwofWoiGzrwNT"},"fileId":"5bpXqQe6dLQrbjPK6uko3Q"},"_contentSize":{"__type__":"cc.Size","width":38,"height":37.8},"_trs":{"__type__":"TypedArray","ctor":"Float64Array","array":[63.998,16.062,0,0,0,0,1,1,1,1]}},{"__type__":"cc.Label","node":{"__id__":12},"_materials":[{"__uuid__":"ecpdLyjvZBwrvm+cedCcQy"}],"_useOriginalSize":false,"_string":"昵称","_N$string":"昵称","_fontSize":19,"_lineHeight":30,"_N$file":{"__uuid__":"46+JuiEWZM24PqUuDl8jKX"},"_isSystemFontUsed":false,"_N$horizontalAlign":1,"_N$verticalAlign":1},{"__type__":"cc.Node","_name":"zh","_parent":{"__id__":10},"_components":[{"__type__":"cc.Label","node":{"__id__":14},"_materials":[{"__uuid__":"ecpdLyjvZBwrvm+cedCcQy"}],"_useOriginalSize":false,"_string":"账户","_N$string":"账户","_fontSize":20,"_lineHeight":30,"_N$file":{"__uuid__":"46+JuiEWZM24PqUuDl8jKX"},"_isSystemFontUsed":false,"_N$verticalAlign":1},{"__type__":"cc.Widget","node":{"__id__":14},"_alignFlags":8,"_left":7.6129999999999995}],"_prefab":{"__type__":"cc.PrefabInfo","root":{"__id__":7},"asset":{"__uuid__":"9aKY1Hx31LwofWoiGzrwNT"},"fileId":"94XZIQjlxPY7r+RZKJRBGa"},"_contentSize":{"__type__":"cc.Size","width":40,"height":37.8},"_anchorPoint":{"__type__":"cc.Vec2","y":0.5},"_trs":{"__type__":"TypedArray","ctor":"Float64Array","array":[-26.387,15,0,0,0,0,1,1,1,1]}},{"__type__":"cc.Node","_name":"accountLab","_parent":{"__id__":10},"_components":[{"__id__":16},{"__type__":"cc.Widget","node":{"__id__":15},"_alignFlags":8}],"_prefab":{"__type__":"cc.PrefabInfo","root":{"__id__":7},"asset":{"__uuid__":"9aKY1Hx31LwofWoiGzrwNT"},"fileId":"7bY2VaeL1N2qup3psuiE2T"},"_contentSize":{"__type__":"cc.Size","width":183.6,"height":37.8},"_anchorPoint":{"__type__":"cc.Vec2","y":0.5},"_trs":{"__type__":"TypedArray","ctor":"Float64Array","array":[-34,-10,0,0,0,0,1,1,1,1]}},{"__type__":"cc.Label","node":{"__id__":15},"_materials":[{"__uuid__":"ecpdLyjvZBwrvm+cedCcQy"}],"_useOriginalSize":false,"_string":"122332233333","_N$string":"122332233333","_fontSize":30,"_lineHeight":30,"_N$file":{"__uuid__":"46+JuiEWZM24PqUuDl8jKX"},"_isSystemFontUsed":false,"_N$verticalAlign":1},{"__type__":"cc.Node","_name":"userInfoBtn","_parent":{"__id__":10},"_components":[{"__type__":"cc.Button","node":{"__id__":17},"_enabled":false,"clickEvents":[{"__type__":"cc.ClickEvent","target":{"__id__":7},"_componentId":"6e1d7kgV5tLUbnIRYDdp53M","handler":"onBtnTap"}]}],"_prefab":{"__type__":"cc.PrefabInfo","root":{"__id__":7},"asset":{"__uuid__":"9aKY1Hx31LwofWoiGzrwNT"},"fileId":"66ujpaqJZGr5PL6/8pCsW8"},"_contentSize":{"__type__":"cc.Size","width":188.3,"height":77},"_trs":{"__type__":"TypedArray","ctor":"Float64Array","array":[59.6,0,0,0,0,0,1,1,1,1]}},{"__type__":"cc.Node","_name":"headIcon","_parent":{"__id__":10},"_active":false,"_components":[{"__type__":"cc.Sprite","node":{"__id__":18},"_materials":[{"__uuid__":"ecpdLyjvZBwrvm+cedCcQy"}],"_spriteFrame":{"__uuid__":"3exyO6I3dDb63zLQqV1BC0"},"_sizeMode":0}],"_prefab":{"__type__":"cc.PrefabInfo","root":{"__id__":7},"asset":{"__uuid__":"9aKY1Hx31LwofWoiGzrwNT"},"fileId":"8bHnHfOc1DOr9q+taLf5iJ"},"_contentSize":{"__type__":"cc.Size","width":65.4,"height":65.3},"_trs":{"__type__":"TypedArray","ctor":"Float64Array","array":[-0.3,0.6,0,0,0,0,1,1,1,1]}},{"__type__":"cc.Node","_name":"total_money_bg","_parent":{"__id__":9},"_components":[{"__type__":"cc.Sprite","node":{"__id__":19},"_materials":[{"__uuid__":"ecpdLyjvZBwrvm+cedCcQy"}],"_spriteFrame":{"__uuid__":"e0jQ1hkyhKOb4r/al7Lj0i"},"_type":1,"_sizeMode":0}],"_prefab":{"__type__":"cc.PrefabInfo","root":{"__id__":7},"asset":{"__uuid__":"9aKY1Hx31LwofWoiGzrwNT"},"fileId":"c95SEwDhpIio4xOxox/PHp"},"_contentSize":{"__type__":"cc.Size","width":175.9,"height":34},"_trs":{"__type__":"TypedArray","ctor":"Float64Array","array":[-171.8,10.4,0,0,0,0,1,1,1,1]}},{"__type__":"cc.Node","_name":"total_member_bg","_parent":{"__id__":9},"_components":[{"__type__":"cc.Sprite","node":{"__id__":20},"_materials":[{"__uuid__":"ecpdLyjvZBwrvm+cedCcQy"}],"_spriteFrame":{"__uuid__":"f6EuCUnc1LGIWAwTSzyyuQ"},"_type":1,"_sizeMode":0}],"_prefab":{"__type__":"cc.PrefabInfo","root":{"__id__":7},"asset":{"__uuid__":"9aKY1Hx31LwofWoiGzrwNT"},"fileId":"1ethCtDkxKm6lgsvv87RZV"},"_contentSize":{"__type__":"cc.Size","width":153,"height":34},"_trs":{"__type__":"TypedArray","ctor":"Float64Array","array":[89.367,10.292,0,0,0,0,1,1,1,1]}},{"__type__":"cc.Node","_name":"money_add_btn","_parent":{"__id__":9},"_components":[{"__type__":"cc.Sprite","node":{"__id__":21},"_materials":[{"__uuid__":"ecpdLyjvZBwrvm+cedCcQy"}],"_spriteFrame":{"__uuid__":"66e3sVKrhEm71g6y7NZjq6"}},{"__type__":"cc.Button","node":{"__id__":21},"clickEvents":[{"__type__":"cc.ClickEvent","target":{"__id__":7},"_componentId":"6e1d7kgV5tLUbnIRYDdp53M","handler":"onBtnTap"}]}],"_prefab":{"__type__":"cc.PrefabInfo","root":{"__id__":7},"asset":{"__uuid__":"9aKY1Hx31LwofWoiGzrwNT"},"fileId":"57Wn/iVf9IfqiQacG/cqX/"},"_contentSize":{"__type__":"cc.Size","width":25,"height":25},"_trs":{"__type__":"TypedArray","ctor":"Float64Array","array":[-101.724,9.867,0,0,0,0,1,1,1,1]}},{"__type__":"cc.Node","_name":"right_top","_parent":{"__id__":9},"_children":[{"__id__":23},{"__id__":24},{"__id__":25},{"__id__":26}],"_components":[{"__type__":"cc.Widget","node":{"__id__":22},"_alignFlags":33,"_right":4.358999999999924,"_top":2.9200000000000017}],"_prefab":{"__type__":"cc.PrefabInfo","root":{"__id__":7},"asset":{"__uuid__":"9aKY1Hx31LwofWoiGzrwNT"},"fileId":"8e1VoXMSFLxLC71elQF6S9"},"_contentSize":{"__type__":"cc.Size","width":350,"height":55},"_trs":{"__type__":"TypedArray","ctor":"Float64Array","array":[388.6410000000001,11.079999999999998,0,0,0,0,1,1,1,1]}},{"__type__":"cc.Node","_name":"get_money_btn","_parent":{"__id__":22},"_components":[{"__type__":"cc.Sprite","node":{"__id__":23},"_materials":[{"__uuid__":"ecpdLyjvZBwrvm+cedCcQy"}],"_spriteFrame":{"__uuid__":"62xclfMD9FU6+VH5/NjQPW"}},{"__type__":"cc.Button","node":{"__id__":23},"clickEvents":[{"__type__":"cc.ClickEvent","target":{"__id__":7},"_componentId":"6e1d7kgV5tLUbnIRYDdp53M","handler":"onBtnTap"}]}],"_prefab":{"__type__":"cc.PrefabInfo","root":{"__id__":7},"asset":{"__uuid__":"9aKY1Hx31LwofWoiGzrwNT"},"fileId":"8eufWnrEFP/JHYQhpArJY7"},"_contentSize":{"__type__":"cc.Size","width":124,"height":75},"_trs":{"__type__":"TypedArray","ctor":"Float64Array","array":[39.342,-2.853,0,0,0,0,1,0.6,0.6,1]}},{"__type__":"cc.Node","_name":"save_money_btn","_parent":{"__id__":22},"_components":[{"__type__":"cc.Sprite","node":{"__id__":24},"_materials":[{"__uuid__":"ecpdLyjvZBwrvm+cedCcQy"}],"_spriteFrame":{"__uuid__":"627WY5zmxDuKvbJxqFfzfa"}},{"__type__":"cc.Button","node":{"__id__":24},"clickEvents":[{"__type__":"cc.ClickEvent","target":{"__id__":7},"_componentId":"6e1d7kgV5tLUbnIRYDdp53M","handler":"onBtnTap"}]}],"_prefab":{"__type__":"cc.PrefabInfo","root":{"__id__":7},"asset":{"__uuid__":"9aKY1Hx31LwofWoiGzrwNT"},"fileId":"f9Mk79Y8FAvJfi52rq1nR1"},"_contentSize":{"__type__":"cc.Size","width":124,"height":75},"_trs":{"__type__":"TypedArray","ctor":"Float64Array","array":[-52.469,-2.853,0,0,0,0,1,0.6,0.6,1]}},{"__type__":"cc.Node","_name":"add_friend_btn","_parent":{"__id__":22},"_active":false,"_components":[{"__type__":"cc.Sprite","node":{"__id__":25},"_materials":[{"__uuid__":"ecpdLyjvZBwrvm+cedCcQy"}],"_spriteFrame":{"__uuid__":"e7lXfgPOZPdqND4jvxvGdx"}},{"__type__":"cc.Button","node":{"__id__":25},"clickEvents":[{"__type__":"cc.ClickEvent","target":{"__id__":7},"_componentId":"6e1d7kgV5tLUbnIRYDdp53M","handler":"onBtnTap"}]}],"_prefab":{"__type__":"cc.PrefabInfo","root":{"__id__":7},"asset":{"__uuid__":"9aKY1Hx31LwofWoiGzrwNT"},"fileId":"c0gX/WqVpIYZZ3bk1gEWUi"},"_contentSize":{"__type__":"cc.Size","width":44,"height":47},"_trs":{"__type__":"TypedArray","ctor":"Float64Array","array":[46.527,-2.253,0,0,0,0,1,1,1,1]}},{"__type__":"cc.Node","_name":"service_btn","_parent":{"__id__":22},"_children":[{"__id__":27},{"__id__":28}],"_components":[{"__type__":"cc.Sprite","node":{"__id__":26},"_materials":[{"__uuid__":"ecpdLyjvZBwrvm+cedCcQy"}],"_spriteFrame":{"__uuid__":"86yPnjTRJIhL28zOGr6zh+"}},{"__type__":"cc.Button","node":{"__id__":26},"clickEvents":[{"__type__":"cc.ClickEvent","target":{"__id__":7},"_componentId":"6e1d7kgV5tLUbnIRYDdp53M","handler":"onBtnTap"}]}],"_prefab":{"__type__":"cc.PrefabInfo","root":{"__id__":7},"asset":{"__uuid__":"9aKY1Hx31LwofWoiGzrwNT"},"fileId":"018mhNuPlOipDYxk5PZ8Ov"},"_contentSize":{"__type__":"cc.Size","width":46,"height":47},"_trs":{"__type__":"TypedArray","ctor":"Float64Array","array":[122.144,-3.797,0,0,0,0,1,1,1,1]}},{"__type__":"cc.Node","_name":"red_point","_parent":{"__id__":26},"_active":false,"_components":[{"__type__":"cc.Sprite","node":{"__id__":27},"_materials":[{"__uuid__":"ecpdLyjvZBwrvm+cedCcQy"}],"_spriteFrame":{"__uuid__":"65l7Hcru1AuaJAf1vtWWRu"}}],"_prefab":{"__type__":"cc.PrefabInfo","root":{"__id__":7},"asset":{"__uuid__":"9aKY1Hx31LwofWoiGzrwNT"},"fileId":"a9xpTUdAJPeaIGSx9Tlsw8"},"_contentSize":{"__type__":"cc.Size","width":27,"height":27},"_trs":{"__type__":"TypedArray","ctor":"Float64Array","array":[24.259,17.261,0,0,0,0,1,1,1,1]}},{"__type__":"cc.Node","_name":"messageLab","_parent":{"__id__":26},"_active":false,"_components":[{"__id__":29}],"_prefab":{"__type__":"cc.PrefabInfo","root":{"__id__":7},"asset":{"__uuid__":"9aKY1Hx31LwofWoiGzrwNT"},"fileId":"b7wkk1lphGRqdJfcDwoBj5"},"_contentSize":{"__type__":"cc.Size","width":9.5,"height":25.2},"_trs":{"__type__":"TypedArray","ctor":"Float64Array","array":[24.242,18.292,0,0,0,0,1,1,1,1]}},{"__type__":"cc.Label","node":{"__id__":28},"_materials":[{"__uuid__":"ecpdLyjvZBwrvm+cedCcQy"}],"_useOriginalSize":false,"_string":"2","_N$string":"2","_fontSize":16,"_lineHeight":20,"_N$file":{"__uuid__":"a6GFdfihpIQY/CU35PyGmw"},"_isSystemFontUsed":false,"_N$horizontalAlign":1,"_N$verticalAlign":1},{"__type__":"cc.Node","_name":"money_lab","_parent":{"__id__":9},"_components":[{"__id__":31}],"_prefab":{"__type__":"cc.PrefabInfo","root":{"__id__":7},"asset":{"__uuid__":"9aKY1Hx31LwofWoiGzrwNT"},"fileId":"ecyh3c1NNJNbhuKJVJQ/vk"},"_contentSize":{"__type__":"cc.Size","width":91.7,"height":37.8},"_anchorPoint":{"__type__":"cc.Vec2","y":0.5},"_trs":{"__type__":"TypedArray","ctor":"Float64Array","array":[-221.351,10.9,0,0,0,0,1,1,1,1]}},{"__type__":"cc.Label","node":{"__id__":30},"_materials":[{"__uuid__":"ecpdLyjvZBwrvm+cedCcQy"}],"_useOriginalSize":false,"_string":"5550","_N$string":"5550","_fontSize":22,"_lineHeight":25,"_N$file":{"__uuid__":"a6GFdfihpIQY/CU35PyGmw"},"_isSystemFontUsed":false,"_N$horizontalAlign":1,"_N$verticalAlign":1,"_N$overflow":2},{"__type__":"cc.Node","_name":"memberLab","_parent":{"__id__":9},"_components":[{"__id__":33}],"_prefab":{"__type__":"cc.PrefabInfo","root":{"__id__":7},"asset":{"__uuid__":"9aKY1Hx31LwofWoiGzrwNT"},"fileId":"81NFboV8VEqqJxfpm8/MSm"},"_contentSize":{"__type__":"cc.Size","width":115.7,"height":37.8},"_anchorPoint":{"__type__":"cc.Vec2","y":0.5},"_trs":{"__type__":"TypedArray","ctor":"Float64Array","array":[47.7,10.9,0,0,0,0,1,1,1,1]}},{"__type__":"cc.Label","node":{"__id__":32},"_materials":[{"__uuid__":"ecpdLyjvZBwrvm+cedCcQy"}],"_useOriginalSize":false,"_string":"0","_N$string":"0","_fontSize":22,"_lineHeight":30,"_N$file":{"__uuid__":"a6GFdfihpIQY/CU35PyGmw"},"_isSystemFontUsed":false,"_N$horizontalAlign":1,"_N$verticalAlign":1,"_N$overflow":2},{"__type__":"cc.Node","_name":"notice_bg","_parent":{"__id__":7},"_children":[{"__id__":35}],"_components":[{"__type__":"cc.Sprite","node":{"__id__":34},"_materials":[{"__uuid__":"ecpdLyjvZBwrvm+cedCcQy"}],"_spriteFrame":{"__uuid__":"0ahwsB1jpOabVIFj9L5R6S"},"_type":1,"_sizeMode":0},{"__type__":"cc.Widget","node":{"__id__":34},"_alignFlags":44,"_bottom":54,"_originalWidth":629}],"_prefab":{"__type__":"cc.PrefabInfo","root":{"__id__":7},"asset":{"__uuid__":"9aKY1Hx31LwofWoiGzrwNT"},"fileId":"c4E3lczFJKqIg99OeSXykQ"},"_contentSize":{"__type__":"cc.Size","width":1136,"height":34},"_trs":{"__type__":"TypedArray","ctor":"Float64Array","array":[0,-249,0,0,0,0,1,1,1,1]}},{"__type__":"cc.Node","_name":"NoticeController","_parent":{"__id__":34},"_children":[{"__id__":36}],"_components":[{"__type__":"cc.Layout","node":{"__id__":35},"_layoutSize":{"__type__":"cc.Size","width":1056,"height":50},"_N$layoutType":1,"_N$paddingLeft":10,"_N$paddingRight":30,"_N$spacingX":10},{"__type__":"5723faLBcBOWLEqrr8AyDjB","node":{"__id__":35},"moveBg":{"__id__":37},"msgContent":{"__id__":40}},{"__type__":"cc.Widget","node":{"__id__":35},"_alignFlags":40,"_left":80,"_originalWidth":640}],"_prefab":{"__type__":"cc.PrefabInfo","root":{"__id__":7},"asset":{"__uuid__":"9aKY1Hx31LwofWoiGzrwNT"},"fileId":"6e1BL9jo1BgJh+xJchpP83"},"_contentSize":{"__type__":"cc.Size","width":1056,"height":50},"_trs":{"__type__":"TypedArray","ctor":"Float64Array","array":[40,0,0,0,0,0,1,1,1,1]}},{"__type__":"cc.Node","_name":"maskNode","_parent":{"__id__":35},"_children":[{"__id__":37}],"_components":[{"__type__":"cc.Mask","node":{"__id__":36},"_materials":[{"__uuid__":"ecpdLyjvZBwrvm+cedCcQy"}]},{"__type__":"cc.Widget","node":{"__id__":36},"_alignFlags":40,"_left":10,"_originalWidth":600}],"_prefab":{"__type__":"cc.PrefabInfo","root":{"__id__":7},"asset":{"__uuid__":"9aKY1Hx31LwofWoiGzrwNT"},"fileId":"f9TIpX+FhGPrN46Q3P/dQu"},"_contentSize":{"__type__":"cc.Size","width":1046,"height":30.7},"_trs":{"__type__":"TypedArray","ctor":"Float64Array","array":[5,0.6,0,0,0,0,1,1,1,1]}},{"__type__":"cc.Node","_name":"moveBg","_parent":{"__id__":36},"_children":[{"__id__":38}],"_active":false,"_components":[{"__type__":"cc.Mask","node":{"__id__":37},"_materials":[{"__uuid__":"ecpdLyjvZBwrvm+cedCcQy"}]}],"_prefab":{"__type__":"cc.PrefabInfo","root":{"__id__":7},"asset":{"__uuid__":"9aKY1Hx31LwofWoiGzrwNT"},"fileId":"282VLgbPdAfoFukFmmvKoc"},"_contentSize":{"__type__":"cc.Size","width":566.9,"height":30.7},"_anchorPoint":{"__type__":"cc.Vec2","y":0.5},"_trs":{"__type__":"TypedArray","ctor":"Float64Array","array":[295,0,0,0,0,0,1,1,1,1]}},{"__type__":"cc.Node","_name":"msg","_parent":{"__id__":37},"_children":[{"__id__":39}],"_components":[{"__id__":40}],"_prefab":{"__type__":"cc.PrefabInfo","root":{"__id__":7},"asset":{"__uuid__":"9aKY1Hx31LwofWoiGzrwNT"},"fileId":"35QLmwL8BLR7Nlx6TORIq2"},"_contentSize":{"__type__":"cc.Size","width":29.4,"height":50.4},"_anchorPoint":{"__type__":"cc.Vec2","y":0.5},"_trs":{"__type__":"TypedArray","ctor":"Float64Array","array":[295,3,0,0,0,0,1,1,1,1]}},{"__type__":"cc.PrivateNode","_name":"RICHTEXT_CHILD","_objFlags":1024,"_parent":{"__id__":38},"_active":false,"_components":[{"__type__":"cc.Label","node":{"__id__":39},"_materials":[{"__uuid__":"ecpdLyjvZBwrvm+cedCcQy"}],"_string":"xxx","_N$string":"xxx","_fontSize":20,"_N$file":{"__uuid__":"bcrfDxrhZMG61uRL1F6Fu9"},"_isSystemFontUsed":false,"_N$verticalAlign":1}],"_prefab":{"__type__":"cc.PrefabInfo","root":{"__id__":7},"asset":{"__uuid__":"9aKY1Hx31LwofWoiGzrwNT"},"fileId":"65FgYSk6pB5pQnKFmE3hK3"},"_contentSize":{"__type__":"cc.Size","width":29.4,"height":50.4},"_anchorPoint":{"__type__":"cc.Vec2"},"_trs":{"__type__":"TypedArray","ctor":"Float64Array","array":[0,-25.2,0,0,0,0,1,1,1,1]},"_zIndex":-32768},{"__type__":"cc.RichText","node":{"__id__":38},"_isSystemFontUsed":false,"_N$string":"xxx","_N$fontSize":20,"_N$font":{"__uuid__":"bcrfDxrhZMG61uRL1F6Fu9"}},{"__type__":"cc.Node","_name":"bottom_bg","_parent":{"__id__":7},"_children":[{"__id__":42}],"_components":[{"__type__":"cc.Sprite","node":{"__id__":41},"_materials":[{"__uuid__":"ecpdLyjvZBwrvm+cedCcQy"}],"_spriteFrame":{"__uuid__":"4dHUzouVpMArLPy5fT5c8q"},"_sizeMode":0},{"__type__":"cc.Widget","node":{"__id__":41},"alignMode":2,"_alignFlags":44,"_originalWidth":1137}],"_prefab":{"__type__":"cc.PrefabInfo","root":{"__id__":7},"asset":{"__uuid__":"9aKY1Hx31LwofWoiGzrwNT"},"fileId":"ddPMkq3Z9DoIYIf7rOFaa6"},"_contentSize":{"__type__":"cc.Size","width":1136,"height":52},"_trs":{"__type__":"TypedArray","ctor":"Float64Array","array":[0,-294,0,0,0,0,1,1,1,1]}},{"__type__":"cc.Node","_name":"Layout","_parent":{"__id__":41},"_children":[{"__id__":43},{"__id__":49},{"__id__":55},{"__id__":61},{"__id__":67},{"__id__":73},{"__id__":79},{"__id__":85}],"_components":[{"__type__":"cc.Layout","node":{"__id__":42},"_layoutSize":{"__type__":"cc.Size","width":644,"height":53},"_resize":1,"_N$layoutType":1,"_N$spacingX":36},{"__type__":"cc.Widget","node":{"__id__":42},"_left":-10.072000000000031,"_right":51.572,"_originalWidth":1137}],"_prefab":{"__type__":"cc.PrefabInfo","root":{"__id__":7},"asset":{"__uuid__":"9aKY1Hx31LwofWoiGzrwNT"},"fileId":"dbI0AGCMROz5yp+ALwBsfC"},"_contentSize":{"__type__":"cc.Size","width":644,"height":53},"_trs":{"__type__":"TypedArray","ctor":"Float64Array","array":[0,0,0,0,0,0,1,1,1,1]}},{"__type__":"cc.Node","_name":"toggle_1","_parent":{"__id__":42},"_children":[{"__id__":44},{"__id__":46},{"__id__":47}],"_active":false,"_components":[{"__id__":48},{"__type__":"cc.Button","node":{"__id__":43},"clickEvents":[{"__type__":"cc.ClickEvent","target":{"__id__":43},"_componentId":"bd092MuBwRCiYohvS3Xznzz","handler":"onBtnTap"}]}],"_prefab":{"__type__":"cc.PrefabInfo","root":{"__id__":7},"asset":{"__uuid__":"9aKY1Hx31LwofWoiGzrwNT"},"fileId":"e3DkCl5zhHpKsq32FZaKYN"},"_contentSize":{"__type__":"cc.Size","width":100,"height":40},"_anchorPoint":{"__type__":"cc.Vec2","x":0.1,"y":0.5},"_trs":{"__type__":"TypedArray","ctor":"Float64Array","array":[-448,-3.348,0,0,0,0,1,1,1,1]}},{"__type__":"cc.Node","_name":"checkmark","_parent":{"__id__":43},"_components":[{"__id__":45}],"_prefab":{"__type__":"cc.PrefabInfo","root":{"__id__":7},"asset":{"__uuid__":"9aKY1Hx31LwofWoiGzrwNT"},"fileId":"000meDDFlF8YzacURLeHwI"},"_contentSize":{"__type__":"cc.Size","width":39,"height":40},"_trs":{"__type__":"TypedArray","ctor":"Float64Array","array":[0,0,0,0,0,0,1,1,1,1]}},{"__type__":"cc.Sprite","node":{"__id__":44},"_materials":[{"__uuid__":"ecpdLyjvZBwrvm+cedCcQy"}],"_spriteFrame":{"__uuid__":"9859O6MJ5GBahNd290kWMz"},"_sizeMode":2,"_isTrimmedMode":false},{"__type__":"cc.Node","_name":"line","_parent":{"__id__":43},"_components":[{"__type__":"cc.Sprite","node":{"__id__":46},"_materials":[{"__uuid__":"ecpdLyjvZBwrvm+cedCcQy"}],"_spriteFrame":{"__uuid__":"dbWxBnvz1DwbhYs7VvgQS/"}}],"_prefab":{"__type__":"cc.PrefabInfo","root":{"__id__":7},"asset":{"__uuid__":"9aKY1Hx31LwofWoiGzrwNT"},"fileId":"41ZrK5uhVGbIYS0ZJGpR2m"},"_contentSize":{"__type__":"cc.Size","width":1,"height":37},"_trs":{"__type__":"TypedArray","ctor":"Float64Array","array":[99.385,-2.841,0,0,0,0,1,2,1,1]}},{"__type__":"cc.Node","_name":"label","_parent":{"__id__":43},"_components":[{"__type__":"cc.Label","node":{"__id__":47},"_materials":[{"__uuid__":"ecpdLyjvZBwrvm+cedCcQy"}],"_useOriginalSize":false,"_string":"全景视频","_N$string":"全景视频","_fontSize":14,"_N$file":{"__uuid__":"bcrfDxrhZMG61uRL1F6Fu9"},"_isSystemFontUsed":false,"_N$horizontalAlign":1,"_N$verticalAlign":1}],"_prefab":{"__type__":"cc.PrefabInfo","root":{"__id__":7},"asset":{"__uuid__":"9aKY1Hx31LwofWoiGzrwNT"},"fileId":"2dr9lA8k9P6pXjCPq+OVlY"},"_color":{"__type__":"cc.Color","r":229,"g":223,"b":172},"_contentSize":{"__type__":"cc.Size","width":56,"height":50.4},"_trs":{"__type__":"TypedArray","ctor":"Float64Array","array":[54.475,0.959,0,0,0,0,1,1,1,1]}},{"__type__":"bd092MuBwRCiYohvS3Xznzz","node":{"__id__":43},"selectIcon":{"__id__":45},"labelNode":{"__id__":47}},{"__type__":"cc.Node","_name":"toggle_2","_parent":{"__id__":42},"_children":[{"__id__":50},{"__id__":52},{"__id__":53}],"_components":[{"__id__":54},{"__type__":"cc.Button","node":{"__id__":49},"clickEvents":[{"__type__":"cc.ClickEvent","target":{"__id__":49},"_componentId":"bd092MuBwRCiYohvS3Xznzz","handler":"onBtnTap"}]}],"_prefab":{"__type__":"cc.PrefabInfo","root":{"__id__":7},"asset":{"__uuid__":"9aKY1Hx31LwofWoiGzrwNT"},"fileId":"d7nc34MpRHNLo8fpa7lzyv"},"_contentSize":{"__type__":"cc.Size","width":100,"height":40},"_anchorPoint":{"__type__":"cc.Vec2","x":0.1,"y":0.5},"_trs":{"__type__":"TypedArray","ctor":"Float64Array","array":[-312,-3.348,0,0,0,0,1,1,1,1]}},{"__type__":"cc.Node","_name":"checkmark","_parent":{"__id__":49},"_components":[{"__id__":51}],"_prefab":{"__type__":"cc.PrefabInfo","root":{"__id__":7},"asset":{"__uuid__":"9aKY1Hx31LwofWoiGzrwNT"},"fileId":"f6hrdVzeNKcYpuGvrOFQMW"},"_contentSize":{"__type__":"cc.Size","width":39,"height":40},"_trs":{"__type__":"TypedArray","ctor":"Float64Array","array":[0,0,0,0,0,0,1,1,1,1]}},{"__type__":"cc.Sprite","node":{"__id__":50},"_materials":[{"__uuid__":"ecpdLyjvZBwrvm+cedCcQy"}],"_spriteFrame":{"__uuid__":"78cfX7dcdHk7FhRB5tN2tl"},"_sizeMode":2,"_isTrimmedMode":false},{"__type__":"cc.Node","_name":"line","_parent":{"__id__":49},"_components":[{"__type__":"cc.Sprite","node":{"__id__":52},"_materials":[{"__uuid__":"ecpdLyjvZBwrvm+cedCcQy"}],"_spriteFrame":{"__uuid__":"dbWxBnvz1DwbhYs7VvgQS/"}}],"_prefab":{"__type__":"cc.PrefabInfo","root":{"__id__":7},"asset":{"__uuid__":"9aKY1Hx31LwofWoiGzrwNT"},"fileId":"dc5I00OJROnZCCbPQnrOC/"},"_contentSize":{"__type__":"cc.Size","width":1,"height":37},"_trs":{"__type__":"TypedArray","ctor":"Float64Array","array":[99.385,-2.841,0,0,0,0,1,2,1,1]}},{"__type__":"cc.Node","_name":"label","_parent":{"__id__":49},"_components":[{"__type__":"cc.Label","node":{"__id__":53},"_materials":[{"__uuid__":"ecpdLyjvZBwrvm+cedCcQy"}],"_useOriginalSize":false,"_string":"系统消息","_N$string":"系统消息","_fontSize":14,"_N$file":{"__uuid__":"bcrfDxrhZMG61uRL1F6Fu9"},"_isSystemFontUsed":false,"_N$horizontalAlign":1,"_N$verticalAlign":1}],"_prefab":{"__type__":"cc.PrefabInfo","root":{"__id__":7},"asset":{"__uuid__":"9aKY1Hx31LwofWoiGzrwNT"},"fileId":"6dJ0eDPKpIioeN30kbeJq2"},"_color":{"__type__":"cc.Color","r":229,"g":223,"b":172},"_contentSize":{"__type__":"cc.Size","width":56,"height":50.4},"_trs":{"__type__":"TypedArray","ctor":"Float64Array","array":[54.475,0.959,0,0,0,0,1,1,1,1]}},{"__type__":"bd092MuBwRCiYohvS3Xznzz","node":{"__id__":49},"selectIcon":{"__id__":51},"labelNode":{"__id__":53}},{"__type__":"cc.Node","_name":"toggle_3","_parent":{"__id__":42},"_children":[{"__id__":56},{"__id__":58},{"__id__":59}],"_components":[{"__id__":60},{"__type__":"cc.Button","node":{"__id__":55},"clickEvents":[{"__type__":"cc.ClickEvent","target":{"__id__":55},"_componentId":"bd092MuBwRCiYohvS3Xznzz","handler":"onBtnTap"}]}],"_prefab":{"__type__":"cc.PrefabInfo","root":{"__id__":7},"asset":{"__uuid__":"9aKY1Hx31LwofWoiGzrwNT"},"fileId":"62F6TRxldKrr96Ocu/RF68"},"_contentSize":{"__type__":"cc.Size","width":100,"height":40},"_anchorPoint":{"__type__":"cc.Vec2","x":0.1,"y":0.5},"_trs":{"__type__":"TypedArray","ctor":"Float64Array","array":[-176,-3.348,0,0,0,0,1,1,1,1]}},{"__type__":"cc.Node","_name":"checkmark","_parent":{"__id__":55},"_components":[{"__id__":57}],"_prefab":{"__type__":"cc.PrefabInfo","root":{"__id__":7},"asset":{"__uuid__":"9aKY1Hx31LwofWoiGzrwNT"},"fileId":"78JnUp4iFHtpmbrg+aZavt"},"_contentSize":{"__type__":"cc.Size","width":39,"height":40},"_trs":{"__type__":"TypedArray","ctor":"Float64Array","array":[0,0,0,0,0,0,1,1,1,1]}},{"__type__":"cc.Sprite","node":{"__id__":56},"_materials":[{"__uuid__":"ecpdLyjvZBwrvm+cedCcQy"}],"_spriteFrame":{"__uuid__":"83lfSYhrFJxZkr44lk4JvA"},"_sizeMode":2,"_isTrimmedMode":false},{"__type__":"cc.Node","_name":"line","_parent":{"__id__":55},"_components":[{"__type__":"cc.Sprite","node":{"__id__":58},"_materials":[{"__uuid__":"ecpdLyjvZBwrvm+cedCcQy"}],"_spriteFrame":{"__uuid__":"dbWxBnvz1DwbhYs7VvgQS/"}}],"_prefab":{"__type__":"cc.PrefabInfo","root":{"__id__":7},"asset":{"__uuid__":"9aKY1Hx31LwofWoiGzrwNT"},"fileId":"9aYgiPqTlGjZdRXrd1x15w"},"_contentSize":{"__type__":"cc.Size","width":1,"height":37},"_trs":{"__type__":"TypedArray","ctor":"Float64Array","array":[99.385,-2.841,0,0,0,0,1,2,1,1]}},{"__type__":"cc.Node","_name":"label","_parent":{"__id__":55},"_components":[{"__type__":"cc.Label","node":{"__id__":59},"_materials":[{"__uuid__":"ecpdLyjvZBwrvm+cedCcQy"}],"_useOriginalSize":false,"_string":"声音开关","_N$string":"声音开关","_fontSize":14,"_N$file":{"__uuid__":"bcrfDxrhZMG61uRL1F6Fu9"},"_isSystemFontUsed":false,"_N$horizontalAlign":1,"_N$verticalAlign":1}],"_prefab":{"__type__":"cc.PrefabInfo","root":{"__id__":7},"asset":{"__uuid__":"9aKY1Hx31LwofWoiGzrwNT"},"fileId":"08gR6KFUFOV59ZXmckDetT"},"_color":{"__type__":"cc.Color","r":229,"g":223,"b":172},"_contentSize":{"__type__":"cc.Size","width":56,"height":50.4},"_trs":{"__type__":"TypedArray","ctor":"Float64Array","array":[54.475,0.959,0,0,0,0,1,1,1,1]}},{"__type__":"bd092MuBwRCiYohvS3Xznzz","node":{"__id__":55},"selectIcon":{"__id__":57},"labelNode":{"__id__":59}},{"__type__":"cc.Node","_name":"toggle_4","_parent":{"__id__":42},"_children":[{"__id__":62},{"__id__":64},{"__id__":65}],"_active":false,"_components":[{"__id__":66},{"__type__":"cc.Button","node":{"__id__":61},"clickEvents":[{"__type__":"cc.ClickEvent","target":{"__id__":61},"_componentId":"bd092MuBwRCiYohvS3Xznzz","handler":"onBtnTap"}]}],"_prefab":{"__type__":"cc.PrefabInfo","root":{"__id__":7},"asset":{"__uuid__":"9aKY1Hx31LwofWoiGzrwNT"},"fileId":"f3ddi8wzBMEJnGxcmswL6s"},"_contentSize":{"__type__":"cc.Size","width":100,"height":40},"_anchorPoint":{"__type__":"cc.Vec2","x":0.1,"y":0.5},"_trs":{"__type__":"TypedArray","ctor":"Float64Array","array":[-108,-3.348,0,0,0,0,1,1,1,1]}},{"__type__":"cc.Node","_name":"checkmark","_parent":{"__id__":61},"_components":[{"__id__":63}],"_prefab":{"__type__":"cc.PrefabInfo","root":{"__id__":7},"asset":{"__uuid__":"9aKY1Hx31LwofWoiGzrwNT"},"fileId":"8afjSAt4FIbZUgxVJzjJYT"},"_contentSize":{"__type__":"cc.Size","width":39,"height":40},"_trs":{"__type__":"TypedArray","ctor":"Float64Array","array":[0,0,0,0,0,0,1,1,1,1]}},{"__type__":"cc.Sprite","node":{"__id__":62},"_materials":[{"__uuid__":"ecpdLyjvZBwrvm+cedCcQy"}],"_spriteFrame":{"__uuid__":"82FVzicIVHyJn5npTf7aWb"},"_sizeMode":2,"_isTrimmedMode":false},{"__type__":"cc.Node","_name":"line","_parent":{"__id__":61},"_components":[{"__type__":"cc.Sprite","node":{"__id__":64},"_materials":[{"__uuid__":"ecpdLyjvZBwrvm+cedCcQy"}],"_spriteFrame":{"__uuid__":"dbWxBnvz1DwbhYs7VvgQS/"}}],"_prefab":{"__type__":"cc.PrefabInfo","root":{"__id__":7},"asset":{"__uuid__":"9aKY1Hx31LwofWoiGzrwNT"},"fileId":"4et7r7yMBOfIeH+v/z6aFp"},"_contentSize":{"__type__":"cc.Size","width":1,"height":37},"_trs":{"__type__":"TypedArray","ctor":"Float64Array","array":[99.385,-2.841,0,0,0,0,1,2,1,1]}},{"__type__":"cc.Node","_name":"label","_parent":{"__id__":61},"_components":[{"__type__":"cc.Label","node":{"__id__":65},"_materials":[{"__uuid__":"ecpdLyjvZBwrvm+cedCcQy"}],"_useOriginalSize":false,"_string":"来往记录","_N$string":"来往记录","_fontSize":14,"_N$file":{"__uuid__":"bcrfDxrhZMG61uRL1F6Fu9"},"_isSystemFontUsed":false,"_N$horizontalAlign":1,"_N$verticalAlign":1}],"_prefab":{"__type__":"cc.PrefabInfo","root":{"__id__":7},"asset":{"__uuid__":"9aKY1Hx31LwofWoiGzrwNT"},"fileId":"30OSPHwgpL3bgHIwWMSA2c"},"_color":{"__type__":"cc.Color","r":229,"g":223,"b":172},"_contentSize":{"__type__":"cc.Size","width":56,"height":50.4},"_trs":{"__type__":"TypedArray","ctor":"Float64Array","array":[54.475,0.959,0,0,0,0,1,1,1,1]}},{"__type__":"bd092MuBwRCiYohvS3Xznzz","node":{"__id__":61},"selectIcon":{"__id__":63},"labelNode":{"__id__":65}},{"__type__":"cc.Node","_name":"toggle_5","_parent":{"__id__":42},"_children":[{"__id__":68},{"__id__":70},{"__id__":71}],"_components":[{"__id__":72},{"__type__":"cc.Button","node":{"__id__":67},"clickEvents":[{"__type__":"cc.ClickEvent","target":{"__id__":67},"_componentId":"bd092MuBwRCiYohvS3Xznzz","handler":"onBtnTap"}]}],"_prefab":{"__type__":"cc.PrefabInfo","root":{"__id__":7},"asset":{"__uuid__":"9aKY1Hx31LwofWoiGzrwNT"},"fileId":"0dOORCsXNLG4SEYGjxvNKT"},"_contentSize":{"__type__":"cc.Size","width":100,"height":40},"_anchorPoint":{"__type__":"cc.Vec2","x":0.1,"y":0.5},"_trs":{"__type__":"TypedArray","ctor":"Float64Array","array":[-40,-3.348,0,0,0,0,1,1,1,1]}},{"__type__":"cc.Node","_name":"checkmark","_parent":{"__id__":67},"_components":[{"__id__":69}],"_prefab":{"__type__":"cc.PrefabInfo","root":{"__id__":7},"asset":{"__uuid__":"9aKY1Hx31LwofWoiGzrwNT"},"fileId":"d3cf+9e9JIVoXXaltYRxbT"},"_contentSize":{"__type__":"cc.Size","width":39,"height":40},"_trs":{"__type__":"TypedArray","ctor":"Float64Array","array":[0,0,0,0,0,0,1,1,1,1]}},{"__type__":"cc.Sprite","node":{"__id__":68},"_materials":[{"__uuid__":"ecpdLyjvZBwrvm+cedCcQy"}],"_spriteFrame":{"__uuid__":"f6p5ppqFpETbUJwjUgkT/k"},"_sizeMode":2,"_isTrimmedMode":false},{"__type__":"cc.Node","_name":"line","_parent":{"__id__":67},"_components":[{"__type__":"cc.Sprite","node":{"__id__":70},"_materials":[{"__uuid__":"ecpdLyjvZBwrvm+cedCcQy"}],"_spriteFrame":{"__uuid__":"dbWxBnvz1DwbhYs7VvgQS/"}}],"_prefab":{"__type__":"cc.PrefabInfo","root":{"__id__":7},"asset":{"__uuid__":"9aKY1Hx31LwofWoiGzrwNT"},"fileId":"60dESPd15K1JcKt+bpbg3I"},"_contentSize":{"__type__":"cc.Size","width":1,"height":37},"_trs":{"__type__":"TypedArray","ctor":"Float64Array","array":[99.385,-2.841,0,0,0,0,1,2,1,1]}},{"__type__":"cc.Node","_name":"label","_parent":{"__id__":67},"_components":[{"__type__":"cc.Label","node":{"__id__":71},"_materials":[{"__uuid__":"ecpdLyjvZBwrvm+cedCcQy"}],"_useOriginalSize":false,"_string":"游戏规则","_N$string":"游戏规则","_fontSize":14,"_N$file":{"__uuid__":"bcrfDxrhZMG61uRL1F6Fu9"},"_isSystemFontUsed":false,"_N$horizontalAlign":1,"_N$verticalAlign":1}],"_prefab":{"__type__":"cc.PrefabInfo","root":{"__id__":7},"asset":{"__uuid__":"9aKY1Hx31LwofWoiGzrwNT"},"fileId":"a2vJC0tohFxaWB+QnKIje6"},"_color":{"__type__":"cc.Color","r":229,"g":223,"b":172},"_contentSize":{"__type__":"cc.Size","width":56,"height":50.4},"_trs":{"__type__":"TypedArray","ctor":"Float64Array","array":[54.475,0.959,0,0,0,0,1,1,1,1]}},{"__type__":"bd092MuBwRCiYohvS3Xznzz","node":{"__id__":67},"selectIcon":{"__id__":69},"labelNode":{"__id__":71}},{"__type__":"cc.Node","_name":"toggle_6","_parent":{"__id__":42},"_children":[{"__id__":74},{"__id__":76},{"__id__":77}],"_active":false,"_components":[{"__id__":78},{"__type__":"cc.Button","node":{"__id__":73},"clickEvents":[{"__type__":"cc.ClickEvent","target":{"__id__":73},"_componentId":"bd092MuBwRCiYohvS3Xznzz","handler":"onBtnTap"}]}],"_prefab":{"__type__":"cc.PrefabInfo","root":{"__id__":7},"asset":{"__uuid__":"9aKY1Hx31LwofWoiGzrwNT"},"fileId":"e7PjYf3IVCNY6jcEu2tdq4"},"_contentSize":{"__type__":"cc.Size","width":100,"height":40},"_anchorPoint":{"__type__":"cc.Vec2","x":0.1,"y":0.5},"_trs":{"__type__":"TypedArray","ctor":"Float64Array","array":[28,-3.348,0,0,0,0,1,1,1,1]}},{"__type__":"cc.Node","_name":"checkmark","_parent":{"__id__":73},"_components":[{"__id__":75}],"_prefab":{"__type__":"cc.PrefabInfo","root":{"__id__":7},"asset":{"__uuid__":"9aKY1Hx31LwofWoiGzrwNT"},"fileId":"8eo150M+5K5IMQcvOh8oue"},"_contentSize":{"__type__":"cc.Size","width":39,"height":40},"_trs":{"__type__":"TypedArray","ctor":"Float64Array","array":[0,0,0,0,0,0,1,1,1,1]}},{"__type__":"cc.Sprite","node":{"__id__":74},"_materials":[{"__uuid__":"ecpdLyjvZBwrvm+cedCcQy"}],"_spriteFrame":{"__uuid__":"2bDxAKTKxKzrTJAHKXta7J"},"_sizeMode":2,"_isTrimmedMode":false},{"__type__":"cc.Node","_name":"line","_parent":{"__id__":73},"_components":[{"__type__":"cc.Sprite","node":{"__id__":76},"_materials":[{"__uuid__":"ecpdLyjvZBwrvm+cedCcQy"}],"_spriteFrame":{"__uuid__":"dbWxBnvz1DwbhYs7VvgQS/"}}],"_prefab":{"__type__":"cc.PrefabInfo","root":{"__id__":7},"asset":{"__uuid__":"9aKY1Hx31LwofWoiGzrwNT"},"fileId":"a6kRvItvpENoqyAvddOesF"},"_contentSize":{"__type__":"cc.Size","width":1,"height":37},"_trs":{"__type__":"TypedArray","ctor":"Float64Array","array":[99.385,-2.841,0,0,0,0,1,2,1,1]}},{"__type__":"cc.Node","_name":"label","_parent":{"__id__":73},"_components":[{"__type__":"cc.Label","node":{"__id__":77},"_materials":[{"__uuid__":"ecpdLyjvZBwrvm+cedCcQy"}],"_useOriginalSize":false,"_string":"系统设置","_N$string":"系统设置","_fontSize":14,"_N$file":{"__uuid__":"bcrfDxrhZMG61uRL1F6Fu9"},"_isSystemFontUsed":false,"_N$horizontalAlign":1,"_N$verticalAlign":1}],"_prefab":{"__type__":"cc.PrefabInfo","root":{"__id__":7},"asset":{"__uuid__":"9aKY1Hx31LwofWoiGzrwNT"},"fileId":"144ZFatNdLI66AWOezOriK"},"_color":{"__type__":"cc.Color","r":229,"g":223,"b":172},"_contentSize":{"__type__":"cc.Size","width":56,"height":50.4},"_trs":{"__type__":"TypedArray","ctor":"Float64Array","array":[54.475,0.959,0,0,0,0,1,1,1,1]}},{"__type__":"bd092MuBwRCiYohvS3Xznzz","node":{"__id__":73},"selectIcon":{"__id__":75},"labelNode":{"__id__":77}},{"__type__":"cc.Node","_name":"toggle_7","_parent":{"__id__":42},"_children":[{"__id__":80},{"__id__":82},{"__id__":83}],"_components":[{"__id__":84},{"__type__":"cc.Button","node":{"__id__":79},"clickEvents":[{"__type__":"cc.ClickEvent","target":{"__id__":79},"_componentId":"bd092MuBwRCiYohvS3Xznzz","handler":"onBtnTap"}]}],"_prefab":{"__type__":"cc.PrefabInfo","root":{"__id__":7},"asset":{"__uuid__":"9aKY1Hx31LwofWoiGzrwNT"},"fileId":"7ds4O9VshIZ4B9QguMjeLT"},"_contentSize":{"__type__":"cc.Size","width":100,"height":40},"_anchorPoint":{"__type__":"cc.Vec2","x":0.1,"y":0.5},"_trs":{"__type__":"TypedArray","ctor":"Float64Array","array":[96,-3.348,0,0,0,0,1,1,1,1]}},{"__type__":"cc.Node","_name":"checkmark","_parent":{"__id__":79},"_components":[{"__id__":81}],"_prefab":{"__type__":"cc.PrefabInfo","root":{"__id__":7},"asset":{"__uuid__":"9aKY1Hx31LwofWoiGzrwNT"},"fileId":"6fYVbkiMFDzLKjzYX8J2PZ"},"_contentSize":{"__type__":"cc.Size","width":39,"height":40},"_trs":{"__type__":"TypedArray","ctor":"Float64Array","array":[0,0,0,0,0,0,1,1,1,1]}},{"__type__":"cc.Sprite","node":{"__id__":80},"_materials":[{"__uuid__":"ecpdLyjvZBwrvm+cedCcQy"}],"_spriteFrame":{"__uuid__":"3alOF6pR1P9q023T947NNM"},"_sizeMode":2,"_isTrimmedMode":false},{"__type__":"cc.Node","_name":"line","_parent":{"__id__":79},"_components":[{"__type__":"cc.Sprite","node":{"__id__":82},"_materials":[{"__uuid__":"ecpdLyjvZBwrvm+cedCcQy"}],"_spriteFrame":{"__uuid__":"dbWxBnvz1DwbhYs7VvgQS/"}}],"_prefab":{"__type__":"cc.PrefabInfo","root":{"__id__":7},"asset":{"__uuid__":"9aKY1Hx31LwofWoiGzrwNT"},"fileId":"edA5QaJK1HhrglwvrS1+i6"},"_contentSize":{"__type__":"cc.Size","width":1,"height":37},"_trs":{"__type__":"TypedArray","ctor":"Float64Array","array":[99.385,-2.841,0,0,0,0,1,2,1,1]}},{"__type__":"cc.Node","_name":"label","_parent":{"__id__":79},"_components":[{"__type__":"cc.Label","node":{"__id__":83},"_materials":[{"__uuid__":"ecpdLyjvZBwrvm+cedCcQy"}],"_useOriginalSize":false,"_string":"修改密码","_N$string":"修改密码","_fontSize":14,"_N$file":{"__uuid__":"bcrfDxrhZMG61uRL1F6Fu9"},"_isSystemFontUsed":false,"_N$horizontalAlign":1,"_N$verticalAlign":1}],"_prefab":{"__type__":"cc.PrefabInfo","root":{"__id__":7},"asset":{"__uuid__":"9aKY1Hx31LwofWoiGzrwNT"},"fileId":"6fOB7vXChLTZ8s0eQubsds"},"_color":{"__type__":"cc.Color","r":229,"g":223,"b":172},"_contentSize":{"__type__":"cc.Size","width":56,"height":50.4},"_trs":{"__type__":"TypedArray","ctor":"Float64Array","array":[54.475,0.959,0,0,0,0,1,1,1,1]}},{"__type__":"bd092MuBwRCiYohvS3Xznzz","node":{"__id__":79},"selectIcon":{"__id__":81},"labelNode":{"__id__":83}},{"__type__":"cc.Node","_name":"toggle_8","_parent":{"__id__":42},"_children":[{"__id__":86},{"__id__":88}],"_components":[{"__id__":89},{"__type__":"cc.Button","node":{"__id__":85},"clickEvents":[{"__type__":"cc.ClickEvent","target":{"__id__":85},"_componentId":"bd092MuBwRCiYohvS3Xznzz","handler":"onBtnTap"}]}],"_prefab":{"__type__":"cc.PrefabInfo","root":{"__id__":7},"asset":{"__uuid__":"9aKY1Hx31LwofWoiGzrwNT"},"fileId":"5c3gQ7VKFCL6XiO4BPs3fP"},"_contentSize":{"__type__":"cc.Size","width":100,"height":40},"_anchorPoint":{"__type__":"cc.Vec2","x":0.1,"y":0.5},"_trs":{"__type__":"TypedArray","ctor":"Float64Array","array":[232,-3.348,0,0,0,0,1,1,1,1]}},{"__type__":"cc.Node","_name":"checkmark","_parent":{"__id__":85},"_components":[{"__id__":87}],"_prefab":{"__type__":"cc.PrefabInfo","root":{"__id__":7},"asset":{"__uuid__":"9aKY1Hx31LwofWoiGzrwNT"},"fileId":"b91gbNm4pBJpueFOYUhzQ5"},"_contentSize":{"__type__":"cc.Size","width":39,"height":40},"_trs":{"__type__":"TypedArray","ctor":"Float64Array","array":[0,0,0,0,0,0,1,1,1,1]}},{"__type__":"cc.Sprite","node":{"__id__":86},"_materials":[{"__uuid__":"ecpdLyjvZBwrvm+cedCcQy"}],"_spriteFrame":{"__uuid__":"faPS4Rf6BK0Yr0DFk+Yek3"},"_sizeMode":2,"_isTrimmedMode":false},{"__type__":"cc.Node","_name":"label","_parent":{"__id__":85},"_components":[{"__type__":"cc.Label","node":{"__id__":88},"_materials":[{"__uuid__":"ecpdLyjvZBwrvm+cedCcQy"}],"_useOriginalSize":false,"_string":"退出登录","_N$string":"退出登录","_fontSize":14,"_N$file":{"__uuid__":"bcrfDxrhZMG61uRL1F6Fu9"},"_isSystemFontUsed":false,"_N$horizontalAlign":1,"_N$verticalAlign":1}],"_prefab":{"__type__":"cc.PrefabInfo","root":{"__id__":7},"asset":{"__uuid__":"9aKY1Hx31LwofWoiGzrwNT"},"fileId":"05oqxIjI9BGo40pMBN/X1+"},"_color":{"__type__":"cc.Color","r":229,"g":223,"b":172},"_contentSize":{"__type__":"cc.Size","width":56,"height":50.4},"_trs":{"__type__":"TypedArray","ctor":"Float64Array","array":[54.475,0.959,0,0,0,0,1,1,1,1]}},{"__type__":"bd092MuBwRCiYohvS3Xznzz","node":{"__id__":85},"selectIcon":{"__id__":87},"labelNode":{"__id__":88}},{"__type__":"cc.Node","_name":"ScrollView","_parent":{"__id__":7},"_children":[{"__id__":91}],"_components":[{"__type__":"cc.ScrollView","node":{"__id__":90},"vertical":false,"brake":0.75,"bounceDuration":0.23,"_N$content":{"__id__":92},"content":{"__id__":92},"_N$horizontalScrollBar":null,"_N$verticalScrollBar":null},{"__type__":"cc.Widget","node":{"__id__":90},"_alignFlags":40,"_originalWidth":240}],"_prefab":{"__type__":"cc.PrefabInfo","root":{"__id__":7},"asset":{"__uuid__":"9aKY1Hx31LwofWoiGzrwNT"},"fileId":"08q+DigfpDTqvGkObGFEgt"},"_contentSize":{"__type__":"cc.Size","width":1136,"height":460},"_trs":{"__type__":"TypedArray","ctor":"Float64Array","array":[0,2,0,0,0,0,1,1,1,1]}},{"__type__":"cc.Node","_name":"view","_parent":{"__id__":90},"_children":[{"__id__":92}],"_components":[{"__type__":"cc.Mask","node":{"__id__":91},"_materials":[{"__uuid__":"ecpdLyjvZBwrvm+cedCcQy"}],"_N$alphaThreshold":0},{"__type__":"cc.Widget","node":{"__id__":91},"_alignFlags":45,"_originalWidth":240,"_originalHeight":250}],"_prefab":{"__type__":"cc.PrefabInfo","root":{"__id__":7},"asset":{"__uuid__":"9aKY1Hx31LwofWoiGzrwNT"},"fileId":"ce7H0sPBBGkYUhfLVV2HV7"},"_contentSize":{"__type__":"cc.Size","width":1136,"height":460},"_trs":{"__type__":"TypedArray","ctor":"Float64Array","array":[0,0,0,0,0,0,1,1,1,1]}},{"__type__":"cc.Node","_name":"content","_parent":{"__id__":91},"_children":[{"__id__":93},{"__id__":98},{"__id__":103},{"__id__":112}],"_components":[{"__type__":"cc.Layout","node":{"__id__":92},"_layoutSize":{"__type__":"cc.Size","width":1330,"height":454},"_resize":1,"_N$layoutType":1,"_N$paddingLeft":10,"_N$paddingRight":10,"_N$spacingX":22}],"_prefab":{"__type__":"cc.PrefabInfo","root":{"__id__":7},"asset":{"__uuid__":"9aKY1Hx31LwofWoiGzrwNT"},"fileId":"245v7Ttr1DBYU7RGaljm7N"},"_contentSize":{"__type__":"cc.Size","width":1330,"height":454},"_anchorPoint":{"__type__":"cc.Vec2","y":1},"_trs":{"__type__":"TypedArray","ctor":"Float64Array","array":[-552.19,227.633,0,0,0,0,1,1,1,1]}},{"__type__":"cc.Node","_name":"item","_parent":{"__id__":92},"_children":[{"__id__":94},{"__id__":95},{"__id__":96}],"_prefab":{"__type__":"cc.PrefabInfo","root":{"__id__":7},"asset":{"__uuid__":"9aKY1Hx31LwofWoiGzrwNT"},"fileId":"8fF9IaealFCb56tC3UWxJM"},"_contentSize":{"__type__":"cc.Size","width":450,"height":449},"_trs":{"__type__":"TypedArray","ctor":"Float64Array","array":[235,-229.152,0,0,0,0,1,1,1,1]}},{"__type__":"cc.Node","_name":"1","_parent":{"__id__":93},"_components":[{"__type__":"cc.Sprite","node":{"__id__":94},"_materials":[{"__uuid__":"ecpdLyjvZBwrvm+cedCcQy"}],"_spriteFrame":{"__uuid__":"f6GH5VMn5ILZHEPzWwXSyL"}},{"__type__":"cc.Button","node":{"__id__":94},"zoomScale":1.05,"clickEvents":[{"__type__":"cc.ClickEvent","target":{"__id__":7},"_componentId":"6e1d7kgV5tLUbnIRYDdp53M","handler":"onGameEnter"}],"_N$transition":3,"transition":3}],"_prefab":{"__type__":"cc.PrefabInfo","root":{"__id__":7},"asset":{"__uuid__":"9aKY1Hx31LwofWoiGzrwNT"},"fileId":"a6S5SR3CBJjagsNpw1okIv"},"_contentSize":{"__type__":"cc.Size","width":450,"height":448},"_trs":{"__type__":"TypedArray","ctor":"Float64Array","array":[0,0,0,0,0,0,1,1,1,1]}},{"__type__":"cc.Node","_name":"memberIcon","_parent":{"__id__":93},"_components":[{"__type__":"cc.Sprite","node":{"__id__":95},"_materials":[{"__uuid__":"ecpdLyjvZBwrvm+cedCcQy"}],"_spriteFrame":{"__uuid__":"b76zjc/CZDrJ62yB9avTWh"}}],"_prefab":{"__type__":"cc.PrefabInfo","root":{"__id__":7},"asset":{"__uuid__":"9aKY1Hx31LwofWoiGzrwNT"},"fileId":"c0io4V7BlBtq3d4ljJJkB1"},"_contentSize":{"__type__":"cc.Size","width":25,"height":27},"_trs":{"__type__":"TypedArray","ctor":"Float64Array","array":[-200.293,-204.002,0,0,0,0,1,1,1,1]}},{"__type__":"cc.Node","_name":"label","_parent":{"__id__":93},"_components":[{"__id__":97}],"_prefab":{"__type__":"cc.PrefabInfo","root":{"__id__":7},"asset":{"__uuid__":"9aKY1Hx31LwofWoiGzrwNT"},"fileId":"57AxsUIiNO+b19431ZJ9gF"},"_color":{"__type__":"cc.Color","r":204,"g":234,"b":255},"_contentSize":{"__type__":"cc.Size","width":33.8,"height":25.2},"_anchorPoint":{"__type__":"cc.Vec2","y":0.5},"_trs":{"__type__":"TypedArray","ctor":"Float64Array","array":[-184.788,-206.127,0,0,0,0,1,1,1,1]}},{"__type__":"cc.Label","node":{"__id__":96},"_materials":[{"__uuid__":"ecpdLyjvZBwrvm+cedCcQy"}],"_useOriginalSize":false,"_string":"5550","_N$string":"5550","_fontSize":14,"_lineHeight":20,"_N$file":{"__uuid__":"a6GFdfihpIQY/CU35PyGmw"},"_isSystemFontUsed":false,"_N$verticalAlign":1},{"__type__":"cc.Node","_name":"item copy","_parent":{"__id__":92},"_children":[{"__id__":99},{"__id__":100},{"__id__":101}],"_prefab":{"__type__":"cc.PrefabInfo","root":{"__id__":7},"asset":{"__uuid__":"9aKY1Hx31LwofWoiGzrwNT"},"fileId":"466Z9hNg1DwqQMB/qT0G+V"},"_contentSize":{"__type__":"cc.Size","width":233,"height":449},"_trs":{"__type__":"TypedArray","ctor":"Float64Array","array":[598.5,-229.152,0,0,0,0,1,1,1,1]}},{"__type__":"cc.Node","_name":"3","_parent":{"__id__":98},"_components":[{"__type__":"cc.Sprite","node":{"__id__":99},"_materials":[{"__uuid__":"ecpdLyjvZBwrvm+cedCcQy"}],"_spriteFrame":{"__uuid__":"ed/QE7DNhD+7McLPBa5BUu"}},{"__type__":"cc.Button","node":{"__id__":99},"zoomScale":1.05,"clickEvents":[{"__type__":"cc.ClickEvent","target":{"__id__":7},"_componentId":"6e1d7kgV5tLUbnIRYDdp53M","handler":"onGameEnter"}],"_N$transition":3,"transition":3}],"_prefab":{"__type__":"cc.PrefabInfo","root":{"__id__":7},"asset":{"__uuid__":"9aKY1Hx31LwofWoiGzrwNT"},"fileId":"afylBx/nJATKrS30Ja8pYF"},"_contentSize":{"__type__":"cc.Size","width":233,"height":448},"_trs":{"__type__":"TypedArray","ctor":"Float64Array","array":[0,0,0,0,0,0,1,1,1,1]}},{"__type__":"cc.Node","_name":"memberIcon","_parent":{"__id__":98},"_components":[{"__type__":"cc.Sprite","node":{"__id__":100},"_materials":[{"__uuid__":"ecpdLyjvZBwrvm+cedCcQy"}],"_spriteFrame":{"__uuid__":"b76zjc/CZDrJ62yB9avTWh"}}],"_prefab":{"__type__":"cc.PrefabInfo","root":{"__id__":7},"asset":{"__uuid__":"9aKY1Hx31LwofWoiGzrwNT"},"fileId":"f2A6wcS99L+aw9sN/s5e2Z"},"_contentSize":{"__type__":"cc.Size","width":25,"height":27},"_trs":{"__type__":"TypedArray","ctor":"Float64Array","array":[-90.548,-204.002,0,0,0,0,1,1,1,1]}},{"__type__":"cc.Node","_name":"label","_parent":{"__id__":98},"_components":[{"__id__":102}],"_prefab":{"__type__":"cc.PrefabInfo","root":{"__id__":7},"asset":{"__uuid__":"9aKY1Hx31LwofWoiGzrwNT"},"fileId":"ffD7HF4xlLa48qVjwCtciA"},"_color":{"__type__":"cc.Color","r":204,"g":234,"b":255},"_contentSize":{"__type__":"cc.Size","width":33.8,"height":25.2},"_anchorPoint":{"__type__":"cc.Vec2","y":0.5},"_trs":{"__type__":"TypedArray","ctor":"Float64Array","array":[-75.043,-206.127,0,0,0,0,1,1,1,1]}},{"__type__":"cc.Label","node":{"__id__":101},"_materials":[{"__uuid__":"ecpdLyjvZBwrvm+cedCcQy"}],"_useOriginalSize":false,"_string":"5550","_N$string":"5550","_fontSize":14,"_lineHeight":20,"_N$file":{"__uuid__":"a6GFdfihpIQY/CU35PyGmw"},"_isSystemFontUsed":false,"_N$verticalAlign":1},{"__type__":"cc.Node","_name":"item copy","_parent":{"__id__":92},"_children":[{"__id__":104},{"__id__":105},{"__id__":106},{"__id__":107},{"__id__":108},{"__id__":110}],"_prefab":{"__type__":"cc.PrefabInfo","root":{"__id__":7},"asset":{"__uuid__":"9aKY1Hx31LwofWoiGzrwNT"},"fileId":"f62cTl0lNI9Y3Adluramkm"},"_contentSize":{"__type__":"cc.Size","width":328,"height":449},"_trs":{"__type__":"TypedArray","ctor":"Float64Array","array":[901,-229.152,0,0,0,0,1,1,1,1]}},{"__type__":"cc.Node","_name":"2","_parent":{"__id__":103},"_components":[{"__type__":"cc.Sprite","node":{"__id__":104},"_materials":[{"__uuid__":"ecpdLyjvZBwrvm+cedCcQy"}],"_spriteFrame":{"__uuid__":"a4jPSzHmRA9bfgg/9Lo0eO"}},{"__type__":"cc.Button","node":{"__id__":104},"zoomScale":1.05,"clickEvents":[{"__type__":"cc.ClickEvent","target":{"__id__":7},"_componentId":"6e1d7kgV5tLUbnIRYDdp53M","handler":"onGameEnter"}],"_N$transition":3,"transition":3}],"_prefab":{"__type__":"cc.PrefabInfo","root":{"__id__":7},"asset":{"__uuid__":"9aKY1Hx31LwofWoiGzrwNT"},"fileId":"22IZB4hvxG3LrAUBg8dkS2"},"_contentSize":{"__type__":"cc.Size","width":328,"height":219},"_trs":{"__type__":"TypedArray","ctor":"Float64Array","array":[0,114.863,0,0,0,0,1,1,1,1]}},{"__type__":"cc.Node","_name":"4","_parent":{"__id__":103},"_components":[{"__type__":"cc.Sprite","node":{"__id__":105},"_materials":[{"__uuid__":"ecpdLyjvZBwrvm+cedCcQy"}],"_spriteFrame":{"__uuid__":"64V4eNsqZANbyBYijH0MQP"}},{"__type__":"cc.Button","node":{"__id__":105},"zoomScale":1.05,"clickEvents":[{"__type__":"cc.ClickEvent","target":{"__id__":7},"_componentId":"6e1d7kgV5tLUbnIRYDdp53M","handler":"onGameEnter"}],"_N$transition":3,"transition":3}],"_prefab":{"__type__":"cc.PrefabInfo","root":{"__id__":7},"asset":{"__uuid__":"9aKY1Hx31LwofWoiGzrwNT"},"fileId":"ea/9un8IdJPK5999jRqP6k"},"_contentSize":{"__type__":"cc.Size","width":328,"height":219},"_trs":{"__type__":"TypedArray","ctor":"Float64Array","array":[0,-113.316,0,0,0,0,1,1,1,1]}},{"__type__":"cc.Node","_name":"memberIcon","_parent":{"__id__":103},"_components":[{"__type__":"cc.Sprite","node":{"__id__":106},"_materials":[{"__uuid__":"ecpdLyjvZBwrvm+cedCcQy"}],"_spriteFrame":{"__uuid__":"b76zjc/CZDrJ62yB9avTWh"}}],"_prefab":{"__type__":"cc.PrefabInfo","root":{"__id__":7},"asset":{"__uuid__":"9aKY1Hx31LwofWoiGzrwNT"},"fileId":"56+mEeP0FF+KZuj9LvXI2Y"},"_contentSize":{"__type__":"cc.Size","width":25,"height":27},"_trs":{"__type__":"TypedArray","ctor":"Float64Array","array":[-135.881,26.095,0,0,0,0,1,1,1,1]}},{"__type__":"cc.Node","_name":"memberIcon","_parent":{"__id__":103},"_components":[{"__type__":"cc.Sprite","node":{"__id__":107},"_materials":[{"__uuid__":"ecpdLyjvZBwrvm+cedCcQy"}],"_spriteFrame":{"__uuid__":"b76zjc/CZDrJ62yB9avTWh"}}],"_prefab":{"__type__":"cc.PrefabInfo","root":{"__id__":7},"asset":{"__uuid__":"9aKY1Hx31LwofWoiGzrwNT"},"fileId":"64QstBrlFJQK0LGeOXjoh6"},"_contentSize":{"__type__":"cc.Size","width":25,"height":27},"_trs":{"__type__":"TypedArray","ctor":"Float64Array","array":[-135.881,-204,0,0,0,0,1,1,1,1]}},{"__type__":"cc.Node","_name":"label","_parent":{"__id__":103},"_components":[{"__id__":109}],"_prefab":{"__type__":"cc.PrefabInfo","root":{"__id__":7},"asset":{"__uuid__":"9aKY1Hx31LwofWoiGzrwNT"},"fileId":"eaf+l5vVtG+KLfXppD7/u+"},"_color":{"__type__":"cc.Color","r":204,"g":234,"b":255},"_contentSize":{"__type__":"cc.Size","width":33.8,"height":25.2},"_anchorPoint":{"__type__":"cc.Vec2","y":0.5},"_trs":{"__type__":"TypedArray","ctor":"Float64Array","array":[-120.376,23.97,0,0,0,0,1,1,1,1]}},{"__type__":"cc.Label","node":{"__id__":108},"_materials":[{"__uuid__":"ecpdLyjvZBwrvm+cedCcQy"}],"_useOriginalSize":false,"_string":"5550","_N$string":"5550","_fontSize":14,"_lineHeight":20,"_N$file":{"__uuid__":"a6GFdfihpIQY/CU35PyGmw"},"_isSystemFontUsed":false,"_N$verticalAlign":1},{"__type__":"cc.Node","_name":"label","_parent":{"__id__":103},"_components":[{"__id__":111}],"_prefab":{"__type__":"cc.PrefabInfo","root":{"__id__":7},"asset":{"__uuid__":"9aKY1Hx31LwofWoiGzrwNT"},"fileId":"faq913z4ZE5LkzzpJ9kK7W"},"_color":{"__type__":"cc.Color","r":204,"g":234,"b":255},"_contentSize":{"__type__":"cc.Size","width":33.8,"height":25.2},"_anchorPoint":{"__type__":"cc.Vec2","y":0.5},"_trs":{"__type__":"TypedArray","ctor":"Float64Array","array":[-120.376,-206,0,0,0,0,1,1,1,1]}},{"__type__":"cc.Label","node":{"__id__":110},"_materials":[{"__uuid__":"ecpdLyjvZBwrvm+cedCcQy"}],"_useOriginalSize":false,"_string":"5550","_N$string":"5550","_fontSize":14,"_lineHeight":20,"_N$file":{"__uuid__":"a6GFdfihpIQY/CU35PyGmw"},"_isSystemFontUsed":false,"_N$verticalAlign":1},{"__type__":"cc.Node","_name":"item copy","_parent":{"__id__":92},"_children":[{"__id__":113},{"__id__":114},{"__id__":115}],"_prefab":{"__type__":"cc.PrefabInfo","root":{"__id__":7},"asset":{"__uuid__":"9aKY1Hx31LwofWoiGzrwNT"},"fileId":"01keh615BJA4J163xn2rcV"},"_contentSize":{"__type__":"cc.Size","width":233,"height":449},"_trs":{"__type__":"TypedArray","ctor":"Float64Array","array":[1203.5,-229.152,0,0,0,0,1,1,1,1]}},{"__type__":"cc.Node","_name":"5","_parent":{"__id__":112},"_components":[{"__type__":"cc.Sprite","node":{"__id__":113},"_materials":[{"__uuid__":"ecpdLyjvZBwrvm+cedCcQy"}],"_spriteFrame":{"__uuid__":"b0q/PpzxRFFashqlIRMjgM"}},{"__type__":"cc.Button","node":{"__id__":113},"zoomScale":1.05,"clickEvents":[{"__type__":"cc.ClickEvent","target":{"__id__":7},"_componentId":"6e1d7kgV5tLUbnIRYDdp53M","handler":"onGameEnter"}],"_N$transition":3,"transition":3}],"_prefab":{"__type__":"cc.PrefabInfo","root":{"__id__":7},"asset":{"__uuid__":"9aKY1Hx31LwofWoiGzrwNT"},"fileId":"dfHhsSwD9BMqw8gORj0GqL"},"_contentSize":{"__type__":"cc.Size","width":233,"height":448},"_trs":{"__type__":"TypedArray","ctor":"Float64Array","array":[0,0,0,0,0,0,1,1,1,1]}},{"__type__":"cc.Node","_name":"memberIcon","_parent":{"__id__":112},"_components":[{"__type__":"cc.Sprite","node":{"__id__":114},"_materials":[{"__uuid__":"ecpdLyjvZBwrvm+cedCcQy"}],"_spriteFrame":{"__uuid__":"b76zjc/CZDrJ62yB9avTWh"}}],"_prefab":{"__type__":"cc.PrefabInfo","root":{"__id__":7},"asset":{"__uuid__":"9aKY1Hx31LwofWoiGzrwNT"},"fileId":"91WWyoPXVFMpr8FEtW93Zp"},"_contentSize":{"__type__":"cc.Size","width":25,"height":27},"_trs":{"__type__":"TypedArray","ctor":"Float64Array","array":[-90.159,-204.002,0,0,0,0,1,1,1,1]}},{"__type__":"cc.Node","_name":"label","_parent":{"__id__":112},"_components":[{"__id__":116}],"_prefab":{"__type__":"cc.PrefabInfo","root":{"__id__":7},"asset":{"__uuid__":"9aKY1Hx31LwofWoiGzrwNT"},"fileId":"0aATP4s1FCraYHtPV3VfMT"},"_color":{"__type__":"cc.Color","r":204,"g":234,"b":255},"_contentSize":{"__type__":"cc.Size","width":33.8,"height":25.2},"_anchorPoint":{"__type__":"cc.Vec2","y":0.5},"_trs":{"__type__":"TypedArray","ctor":"Float64Array","array":[-74.654,-206.127,0,0,0,0,1,1,1,1]}},{"__type__":"cc.Label","node":{"__id__":115},"_materials":[{"__uuid__":"ecpdLyjvZBwrvm+cedCcQy"}],"_useOriginalSize":false,"_string":"5550","_N$string":"5550","_fontSize":14,"_lineHeight":20,"_N$file":{"__uuid__":"a6GFdfihpIQY/CU35PyGmw"},"_isSystemFontUsed":false,"_N$verticalAlign":1},{"__type__":"cc.Node","_name":"maskNode","_parent":{"__id__":7},"_active":false,"_components":[{"__type__":"cc.Button","node":{"__id__":117}}],"_prefab":{"__type__":"cc.PrefabInfo","root":{"__id__":7},"asset":{"__uuid__":"9aKY1Hx31LwofWoiGzrwNT"},"fileId":"d1KmQW6YlCa4pfle4ABN7y"},"_contentSize":{"__type__":"cc.Size","width":2000,"height":2000},"_trs":{"__type__":"TypedArray","ctor":"Float64Array","array":[0,0,0,0,0,0,1,1,1,1]}},{"__type__":"cc.Node","_name":"GuidePanel","_parent":{"__id__":4},"_components":[{"__type__":"cc.Widget","node":{"__id__":118},"_alignFlags":45}],"_prefab":{"__type__":"cc.PrefabInfo","root":{"__id__":4},"asset":{"__uuid__":"a33K6DH2BEeZG4hwgbmEMN"},"fileId":"73qZ5QF/9DYYYCF5rRUFYQ"},"_contentSize":{"__type__":"cc.Size","width":1136,"height":640},"_trs":{"__type__":"TypedArray","ctor":"Float64Array","array":[0,0,0,0,0,0,1,1,1,1]}},{"__type__":"cc.Node","_name":"TipPanel","_parent":{"__id__":4},"_components":[{"__type__":"cc.Widget","node":{"__id__":119},"_alignFlags":45}],"_prefab":{"__type__":"cc.PrefabInfo","root":{"__id__":4},"asset":{"__uuid__":"a33K6DH2BEeZG4hwgbmEMN"},"fileId":"bfTz3H1vZNOoN4D2PTTLKm"},"_contentSize":{"__type__":"cc.Size","width":1136,"height":640},"_trs":{"__type__":"TypedArray","ctor":"Float64Array","array":[0,0,0,0,0,0,1,1,1,1]}}],{"__type__":"cc.SpriteFrame","content":{"name":"modify_icon","texture":"cfCpKgTV5PO4J+8KRBAv+M","rect":[656,286,21,21],"offset":[0,0],"originalSize":[21,21],"capInsets":[0,0,0,0]}},{"__type__":"cc.SpriteFrame","content":{"name":"main_bg","texture":"6fbcz5Z/1EzanvnN6v7Y+p","rect":[0,0,1136,640],"offset":[0,0],"originalSize":[1136,640],"capInsets":[0,0,0,0]}},{"__type__":"cc.SpriteFrame","content":{"name":"longhu","texture":"afs6wVnIRDMppAxD4rh+CL","rect":[0,0,328,219],"offset":[0,0],"originalSize":[328,219],"capInsets":[0,0,0,0]}},{"__type__":"cc.SpriteFrame","content":{"name":"A89","texture":"4f+xWEhpFKNbRa98mfnXZ3","rect":[0,0,233,448],"offset":[0,0],"originalSize":[233,448],"capInsets":[0,0,0,0]}},{"__type__":"cc.SpriteFrame","content":{"name":"member_icon","texture":"cfCpKgTV5PO4J+8KRBAv+M","rect":[629,287,25,27],"offset":[0,0],"originalSize":[25,27],"capInsets":[0,0,0,0]}},{"__type__":"cc.SpriteFrame","content":{"name":"line","texture":"cfCpKgTV5PO4J+8KRBAv+M","rect":[57,1019,1,37],"offset":[0,-1],"originalSize":[1,39],"rotated":1,"capInsets":[0,0,0,0]}},{"__type__":"cc.SpriteFrame","content":{"name":"total_money_bg","texture":"cfCpKgTV5PO4J+8KRBAv+M","rect":[554,444,48,34],"offset":[0,0],"originalSize":[48,34],"rotated":1,"capInsets":[35,0,9,0]}},{"__type__":"cc.SpriteFrame","content":{"name":"add_friend_icon","texture":"cfCpKgTV5PO4J+8KRBAv+M","rect":[560,396,44,47],"offset":[0,0],"originalSize":[46,47],"rotated":1,"capInsets":[0,0,0,0]}},{"__type__":"cc.SpriteFrame","content":{"name":"niuniu","texture":"2bgvdZYjpEmqnp38m7nSXW","rect":[0,0,233,448],"offset":[0,0],"originalSize":[233,448],"capInsets":[0,0,0,0]}},{"__type__":"cc.SpriteFrame","content":{"name":"total_member_bg","texture":"cfCpKgTV5PO4J+8KRBAv+M","rect":[679,932,48,34],"offset":[0,0],"originalSize":[48,34],"rotated":1,"capInsets":[35,0,7,0]}},{"__type__":"cc.SpriteFrame","content":{"name":"baijiale","texture":"aeReBRArREuZ9FcmDRqVw/","rect":[0,0,450,448],"offset":[0,0],"originalSize":[450,448],"capInsets":[0,0,0,0]}},{"__type__":"cc.SpriteFrame","content":{"name":"rule_on","texture":"cfCpKgTV5PO4J+8KRBAv+M","rect":[609,396,39,40],"offset":[0,0],"originalSize":[39,40],"capInsets":[0,0,0,0]}},{"__type__":"cc.SpriteFrame","content":{"name":"exit_login_on","texture":"cfCpKgTV5PO4J+8KRBAv+M","rect":[577,620,39,40],"offset":[0,0],"originalSize":[39,40],"capInsets":[0,0,0,0]}}]