[{"__type__":"cc.SpriteFrame","content":{"name":"last_page_2","texture":"cfCpKgTV5PO4J+8KRBAv+M","rect":[142,884,126,49],"offset":[0,0],"originalSize":[126,49],"rotated":1,"capInsets":[0,0,0,0]}},[{"__type__":"cc.Prefab","_name":"ChargeRecordView","data":{"__id__":1}},{"__type__":"cc.Node","_name":"ChargeRecordView","_children":[{"__id__":2},{"__id__":3},{"__id__":4},{"__id__":5},{"__id__":15},{"__id__":159}],"_components":[{"__type__":"f7c275qiSNHGaE1IcJrcrfa","node":{"__id__":1},"dateLayout":{"__id__":16},"recordLayout":{"__id__":58}}],"_prefab":{"__type__":"cc.PrefabInfo","root":{"__id__":1},"asset":{"__uuid__":"238YX0jQVJIJ+OwDZSh2+W"},"fileId":"27cIztV91Kvr1FsRG1C9Kp"},"_contentSize":{"__type__":"cc.Size","width":1136,"height":640},"_trs":{"__type__":"TypedArray","ctor":"Float64Array","array":[0,0,0,0,0,0,1,1,1,1]}},{"__type__":"cc.Node","_name":"bg","_parent":{"__id__":1},"_components":[{"__type__":"cc.Sprite","node":{"__id__":2},"_materials":[{"__uuid__":"ecpdLyjvZBwrvm+cedCcQy"}],"_spriteFrame":{"__uuid__":"24yWtuBDVKdYg4jjClu6j7"},"_type":1,"_sizeMode":0},{"__type__":"cc.Button","node":{"__id__":2}}],"_prefab":{"__type__":"cc.PrefabInfo","root":{"__id__":1},"asset":{"__uuid__":"238YX0jQVJIJ+OwDZSh2+W"},"fileId":"f0Limhy35HkYkcM5S4kbiu"},"_contentSize":{"__type__":"cc.Size","width":991,"height":526},"_trs":{"__type__":"TypedArray","ctor":"Float64Array","array":[12,4,0,0,0,0,1,1,1,1]}},{"__type__":"cc.Node","_name":"exitBtn","_parent":{"__id__":1},"_components":[{"__type__":"cc.Sprite","node":{"__id__":3},"_materials":[{"__uuid__":"ecpdLyjvZBwrvm+cedCcQy"}],"_spriteFrame":{"__uuid__":"30Hcj40p5IxKuqJSTx5a7F"}},{"__type__":"cc.Button","node":{"__id__":3},"clickEvents":[{"__type__":"cc.ClickEvent","target":{"__id__":1},"_componentId":"f7c275qiSNHGaE1IcJrcrfa","handler":"closePanel"}],"_N$transition":3,"transition":3}],"_prefab":{"__type__":"cc.PrefabInfo","root":{"__id__":1},"asset":{"__uuid__":"238YX0jQVJIJ+OwDZSh2+W"},"fileId":"eeXNWk4X1APY02zcsuXppW"},"_contentSize":{"__type__":"cc.Size","width":81,"height":78},"_trs":{"__type__":"TypedArray","ctor":"Float64Array","array":[504.596,225.393,0,0,0,0,1,1,1,1]}},{"__type__":"cc.Node","_name":"title","_parent":{"__id__":1},"_components":[{"__type__":"cc.Sprite","node":{"__id__":4},"_materials":[{"__uuid__":"ecpdLyjvZBwrvm+cedCcQy"}],"_spriteFrame":{"__uuid__":"53edAhIuRJwZUEXA32G15S"}}],"_prefab":{"__type__":"cc.PrefabInfo","root":{"__id__":1},"asset":{"__uuid__":"238YX0jQVJIJ+OwDZSh2+W"},"fileId":"e381CeUJ1AXK/VtpDtkSNU"},"_contentSize":{"__type__":"cc.Size","width":351,"height":75},"_trs":{"__type__":"TypedArray","ctor":"Float64Array","array":[0,228.69,0,0,0,0,1,1,1,1]}},{"__type__":"cc.Node","_name":"titleLabNode","_parent":{"__id__":1},"_children":[{"__id__":6},{"__id__":7},{"__id__":8},{"__id__":9},{"__id__":10},{"__id__":11},{"__id__":12},{"__id__":13},{"__id__":14}],"_components":[{"__type__":"cc.Layout","node":{"__id__":5},"_layoutSize":{"__type__":"cc.Size","width":781.98,"height":40},"_resize":1,"_N$layoutType":1,"_N$spacingX":150}],"_prefab":{"__type__":"cc.PrefabInfo","root":{"__id__":1},"asset":{"__uuid__":"238YX0jQVJIJ+OwDZSh2+W"},"fileId":"81FfmJepVLmaa+PmHwgjos"},"_contentSize":{"__type__":"cc.Size","width":781.98,"height":40},"_trs":{"__type__":"TypedArray","ctor":"Float64Array","array":[0,160,0,0,0,0,1,1,1,1]}},{"__type__":"cc.Node","_name":"label_1","_parent":{"__id__":5},"_components":[{"__type__":"cc.Label","node":{"__id__":6},"_materials":[{"__uuid__":"ecpdLyjvZBwrvm+cedCcQy"}],"_useOriginalSize":false,"_string":"日 期","_N$string":"日 期","_fontSize":14,"_lineHeight":20,"_N$file":{"__uuid__":"6cdYiskGtJJYGqTveEBiCW"},"_isSystemFontUsed":false,"_N$horizontalAlign":1,"_N$verticalAlign":1}],"_prefab":{"__type__":"cc.PrefabInfo","root":{"__id__":1},"asset":{"__uuid__":"238YX0jQVJIJ+OwDZSh2+W"},"fileId":"c2AZ7bbBhBFqTXsmdxjFlb"},"_contentSize":{"__type__":"cc.Size","width":32.66,"height":25.2},"_trs":{"__type__":"TypedArray","ctor":"Float64Array","array":[-374.65999999999997,9.889,0,0,0,0,1,1,1,1]}},{"__type__":"cc.Node","_name":"label_2","_parent":{"__id__":5},"_components":[{"__type__":"cc.Label","node":{"__id__":7},"_materials":[{"__uuid__":"ecpdLyjvZBwrvm+cedCcQy"}],"_useOriginalSize":false,"_string":"行 号","_N$string":"行 号","_fontSize":14,"_lineHeight":20,"_N$file":{"__uuid__":"6cdYiskGtJJYGqTveEBiCW"},"_isSystemFontUsed":false,"_N$horizontalAlign":1,"_N$verticalAlign":1}],"_prefab":{"__type__":"cc.PrefabInfo","root":{"__id__":1},"asset":{"__uuid__":"238YX0jQVJIJ+OwDZSh2+W"},"fileId":"46J21Pg6dOJa6xlwPDM4VX"},"_contentSize":{"__type__":"cc.Size","width":32.66,"height":25.2},"_trs":{"__type__":"TypedArray","ctor":"Float64Array","array":[-192,9.889,0,0,0,0,1,1,1,1]}},{"__type__":"cc.Node","_name":"label_3","_parent":{"__id__":5},"_components":[{"__type__":"cc.Label","node":{"__id__":8},"_materials":[{"__uuid__":"ecpdLyjvZBwrvm+cedCcQy"}],"_useOriginalSize":false,"_string":"充值金额","_N$string":"充值金额","_fontSize":14,"_lineHeight":20,"_N$file":{"__uuid__":"6cdYiskGtJJYGqTveEBiCW"},"_isSystemFontUsed":false,"_N$horizontalAlign":1,"_N$verticalAlign":1}],"_prefab":{"__type__":"cc.PrefabInfo","root":{"__id__":1},"asset":{"__uuid__":"238YX0jQVJIJ+OwDZSh2+W"},"fileId":"ecj0MlfLxJp4CVZzGCAy94"},"_contentSize":{"__type__":"cc.Size","width":56,"height":25.2},"_trs":{"__type__":"TypedArray","ctor":"Float64Array","array":[2.329999999999984,9.889,0,0,0,0,1,1,1,1]}},{"__type__":"cc.Node","_name":"label_4","_parent":{"__id__":5},"_components":[{"__type__":"cc.Label","node":{"__id__":9},"_materials":[{"__uuid__":"ecpdLyjvZBwrvm+cedCcQy"}],"_useOriginalSize":false,"_string":"时 间","_N$string":"时 间","_fontSize":14,"_lineHeight":20,"_N$file":{"__uuid__":"6cdYiskGtJJYGqTveEBiCW"},"_isSystemFontUsed":false,"_N$horizontalAlign":1,"_N$verticalAlign":1}],"_prefab":{"__type__":"cc.PrefabInfo","root":{"__id__":1},"asset":{"__uuid__":"238YX0jQVJIJ+OwDZSh2+W"},"fileId":"a2E+ZE4zVP35VYMdloUlOC"},"_contentSize":{"__type__":"cc.Size","width":32.66,"height":25.2},"_trs":{"__type__":"TypedArray","ctor":"Float64Array","array":[196.65999999999997,9.889,0,0,0,0,1,1,1,1]}},{"__type__":"cc.Node","_name":"label_5","_parent":{"__id__":5},"_active":false,"_components":[{"__type__":"cc.Label","node":{"__id__":10},"_materials":[{"__uuid__":"ecpdLyjvZBwrvm+cedCcQy"}],"_useOriginalSize":false,"_string":"充值金币","_N$string":"充值金币","_fontSize":14,"_lineHeight":20,"_N$file":{"__uuid__":"6cdYiskGtJJYGqTveEBiCW"},"_isSystemFontUsed":false,"_N$horizontalAlign":1,"_N$verticalAlign":1}],"_prefab":{"__type__":"cc.PrefabInfo","root":{"__id__":1},"asset":{"__uuid__":"238YX0jQVJIJ+OwDZSh2+W"},"fileId":"f0UEMwsGRIZbvJtSH8HIOX"},"_contentSize":{"__type__":"cc.Size","width":56,"height":25.2},"_trs":{"__type__":"TypedArray","ctor":"Float64Array","array":[25.018,9.889,0,0,0,0,1,1,1,1]}},{"__type__":"cc.Node","_name":"label_6","_parent":{"__id__":5},"_active":false,"_components":[{"__type__":"cc.Label","node":{"__id__":11},"_materials":[{"__uuid__":"ecpdLyjvZBwrvm+cedCcQy"}],"_useOriginalSize":false,"_string":"户名","_N$string":"户名","_fontSize":14,"_lineHeight":20,"_N$file":{"__uuid__":"6cdYiskGtJJYGqTveEBiCW"},"_isSystemFontUsed":false,"_N$horizontalAlign":1,"_N$verticalAlign":1}],"_prefab":{"__type__":"cc.PrefabInfo","root":{"__id__":1},"asset":{"__uuid__":"238YX0jQVJIJ+OwDZSh2+W"},"fileId":"d20RIwpF5E5phOQlWLo8uI"},"_contentSize":{"__type__":"cc.Size","width":28,"height":25.2},"_trs":{"__type__":"TypedArray","ctor":"Float64Array","array":[81.48999999999992,9.889,0,0,0,0,1,1,1,1]}},{"__type__":"cc.Node","_name":"label_7","_parent":{"__id__":5},"_active":false,"_components":[{"__type__":"cc.Label","node":{"__id__":12},"_materials":[{"__uuid__":"ecpdLyjvZBwrvm+cedCcQy"}],"_useOriginalSize":false,"_string":"卡号","_N$string":"卡号","_fontSize":14,"_lineHeight":20,"_N$file":{"__uuid__":"6cdYiskGtJJYGqTveEBiCW"},"_isSystemFontUsed":false,"_N$horizontalAlign":1,"_N$verticalAlign":1}],"_prefab":{"__type__":"cc.PrefabInfo","root":{"__id__":1},"asset":{"__uuid__":"238YX0jQVJIJ+OwDZSh2+W"},"fileId":"10cKukZPBF0JpXHHFaRwQf"},"_contentSize":{"__type__":"cc.Size","width":28,"height":25.2},"_trs":{"__type__":"TypedArray","ctor":"Float64Array","array":[137.98999999999992,9.889,0,0,0,0,1,1,1,1]}},{"__type__":"cc.Node","_name":"label_8","_parent":{"__id__":5},"_active":false,"_components":[{"__type__":"cc.Label","node":{"__id__":13},"_materials":[{"__uuid__":"ecpdLyjvZBwrvm+cedCcQy"}],"_useOriginalSize":false,"_string":"开户行","_N$string":"开户行","_fontSize":14,"_lineHeight":20,"_N$file":{"__uuid__":"6cdYiskGtJJYGqTveEBiCW"},"_isSystemFontUsed":false,"_N$horizontalAlign":1,"_N$verticalAlign":1}],"_prefab":{"__type__":"cc.PrefabInfo","root":{"__id__":1},"asset":{"__uuid__":"238YX0jQVJIJ+OwDZSh2+W"},"fileId":"b7wvFTyYpKrKS9OSVVIVmB"},"_contentSize":{"__type__":"cc.Size","width":42,"height":25.2},"_trs":{"__type__":"TypedArray","ctor":"Float64Array","array":[201.48999999999992,9.889,0,0,0,0,1,1,1,1]}},{"__type__":"cc.Node","_name":"label_8 copy","_parent":{"__id__":5},"_components":[{"__type__":"cc.Label","node":{"__id__":14},"_materials":[{"__uuid__":"ecpdLyjvZBwrvm+cedCcQy"}],"_useOriginalSize":false,"_string":"状态","_N$string":"状态","_fontSize":14,"_lineHeight":20,"_N$file":{"__uuid__":"6cdYiskGtJJYGqTveEBiCW"},"_isSystemFontUsed":false,"_N$horizontalAlign":1,"_N$verticalAlign":1}],"_prefab":{"__type__":"cc.PrefabInfo","root":{"__id__":1},"asset":{"__uuid__":"238YX0jQVJIJ+OwDZSh2+W"},"fileId":"c7feFYX8BJ2YJFIxciaKiT"},"_contentSize":{"__type__":"cc.Size","width":28,"height":25.2},"_trs":{"__type__":"TypedArray","ctor":"Float64Array","array":[376.98999999999995,9.889,0,0,0,0,1,1,1,1]}},{"__type__":"cc.Node","_name":"mask","_parent":{"__id__":1},"_children":[{"__id__":16},{"__id__":58}],"_components":[{"__type__":"cc.Mask","node":{"__id__":15},"_materials":[{"__uuid__":"ecpdLyjvZBwrvm+cedCcQy"}],"_N$alphaThreshold":0}],"_prefab":{"__type__":"cc.PrefabInfo","root":{"__id__":1},"asset":{"__uuid__":"238YX0jQVJIJ+OwDZSh2+W"},"fileId":"62mwjHtmZOxZlyXnh+0XhQ"},"_contentSize":{"__type__":"cc.Size","width":966,"height":292},"_trs":{"__type__":"TypedArray","ctor":"Float64Array","array":[12,-2,0,0,0,0,1,1,1,1]}},{"__type__":"cc.Node","_name":"dateLayout","_parent":{"__id__":15},"_children":[{"__id__":17},{"__id__":26},{"__id__":34},{"__id__":42},{"__id__":50}],"_components":[{"__type__":"cc.Layout","node":{"__id__":16},"_layoutSize":{"__type__":"cc.Size","width":146.5,"height":288},"_resize":1,"_N$layoutType":2,"_N$spacingY":2},{"__id__":25}],"_prefab":{"__type__":"cc.PrefabInfo","root":{"__id__":1},"asset":{"__uuid__":"238YX0jQVJIJ+OwDZSh2+W"},"fileId":"be6YQ0+HhFoplDc6tCK9vH"},"_contentSize":{"__type__":"cc.Size","width":146.5,"height":288},"_anchorPoint":{"__type__":"cc.Vec2","x":0.5,"y":1},"_trs":{"__type__":"TypedArray","ctor":"Float64Array","array":[-398.7,145,0,0,0,0,1,1,1,1]}},{"__type__":"cc.Node","_name":"dateItem","_parent":{"__id__":16},"_children":[{"__id__":18},{"__id__":19},{"__id__":21}],"_components":[{"__type__":"d4e0bY8IpBA+Y0szjL+VLUN","node":{"__id__":17},"bgDateLab":{"__id__":20},"checkMarkDateLab":{"__id__":23}},{"__type__":"cc.Toggle","node":{"__id__":17},"_N$transition":3,"transition":3,"toggleGroup":{"__id__":25},"checkMark":{"__id__":24},"checkEvents":[{"__type__":"cc.ClickEvent","target":{"__id__":1},"_componentId":"f7c275qiSNHGaE1IcJrcrfa","handler":"onClickDateTog"}]}],"_prefab":{"__type__":"cc.PrefabInfo","root":{"__id__":1},"asset":{"__uuid__":"238YX0jQVJIJ+OwDZSh2+W"},"fileId":"81u1JWHg5IZoiR4LoQkcuQ"},"_contentSize":{"__type__":"cc.Size","width":150.7,"height":56},"_trs":{"__type__":"TypedArray","ctor":"Float64Array","array":[0,-28,0,0,0,0,1,1,1,1]}},{"__type__":"cc.Node","_name":"sp","_parent":{"__id__":17},"_components":[{"__type__":"cc.Sprite","node":{"__id__":18},"_materials":[{"__uuid__":"ecpdLyjvZBwrvm+cedCcQy"}],"_spriteFrame":{"__uuid__":"f9BjRs4/NFz4J8t/aKywAJ"},"_type":1,"_sizeMode":0}],"_prefab":{"__type__":"cc.PrefabInfo","root":{"__id__":1},"asset":{"__uuid__":"238YX0jQVJIJ+OwDZSh2+W"},"fileId":"98UNjKT+tKOqFklA0mB2nv"},"_opacity":214,"_contentSize":{"__type__":"cc.Size","width":150.7,"height":56},"_trs":{"__type__":"TypedArray","ctor":"Float64Array","array":[0,0,0,0,0,0,1,1,1,1]}},{"__type__":"cc.Node","_name":"bg","_parent":{"__id__":17},"_components":[{"__id__":20}],"_prefab":{"__type__":"cc.PrefabInfo","root":{"__id__":1},"asset":{"__uuid__":"238YX0jQVJIJ+OwDZSh2+W"},"fileId":"bfcFJ1bilDGo44mAl4sJRk"},"_contentSize":{"__type__":"cc.Size","width":88.91,"height":25.2},"_trs":{"__type__":"TypedArray","ctor":"Float64Array","array":[0,0,0,0,0,0,1,1,1,1]}},{"__type__":"cc.Label","node":{"__id__":19},"_materials":[{"__uuid__":"ecpdLyjvZBwrvm+cedCcQy"}],"_useOriginalSize":false,"_string":"2020-04-07","_N$string":"2020-04-07","_fontSize":16,"_lineHeight":20,"_N$file":{"__uuid__":"6cdYiskGtJJYGqTveEBiCW"},"_isSystemFontUsed":false,"_N$horizontalAlign":1,"_N$verticalAlign":1},{"__type__":"cc.Node","_name":"checkmarkNode","_parent":{"__id__":17},"_children":[{"__id__":22}],"_components":[{"__id__":24}],"_prefab":{"__type__":"cc.PrefabInfo","root":{"__id__":1},"asset":{"__uuid__":"238YX0jQVJIJ+OwDZSh2+W"},"fileId":"50MJr1vRJN+ZRhAi6lg+a1"},"_opacity":214,"_contentSize":{"__type__":"cc.Size","width":150.7,"height":56},"_trs":{"__type__":"TypedArray","ctor":"Float64Array","array":[0,0,0,0,0,0,1,1,1,1]}},{"__type__":"cc.Node","_name":"checkmark","_parent":{"__id__":21},"_components":[{"__id__":23}],"_prefab":{"__type__":"cc.PrefabInfo","root":{"__id__":1},"asset":{"__uuid__":"238YX0jQVJIJ+OwDZSh2+W"},"fileId":"d4uhDX6M5INaLCgnMrxurI"},"_color":{"__type__":"cc.Color","r":255,"g":239},"_contentSize":{"__type__":"cc.Size","width":88.91,"height":25.2},"_trs":{"__type__":"TypedArray","ctor":"Float64Array","array":[0,0,0,0,0,0,1,1,1,1]}},{"__type__":"cc.Label","node":{"__id__":22},"_materials":[{"__uuid__":"ecpdLyjvZBwrvm+cedCcQy"}],"_useOriginalSize":false,"_string":"2020-04-07","_N$string":"2020-04-07","_fontSize":16,"_lineHeight":20,"_N$file":{"__uuid__":"6cdYiskGtJJYGqTveEBiCW"},"_isSystemFontUsed":false,"_N$horizontalAlign":1,"_N$verticalAlign":1},{"__type__":"cc.Sprite","node":{"__id__":21},"_materials":[{"__uuid__":"ecpdLyjvZBwrvm+cedCcQy"}],"_type":1,"_sizeMode":0},{"__type__":"cc.ToggleGroup","node":{"__id__":16}},{"__type__":"cc.Node","_name":"dateItem copy","_parent":{"__id__":16},"_children":[{"__id__":27},{"__id__":28},{"__id__":30}],"_components":[{"__type__":"d4e0bY8IpBA+Y0szjL+VLUN","node":{"__id__":26},"bgDateLab":{"__id__":29},"checkMarkDateLab":{"__id__":32}},{"__type__":"cc.Toggle","node":{"__id__":26},"_N$transition":3,"transition":3,"_N$isChecked":false,"toggleGroup":{"__id__":25},"checkMark":{"__id__":33},"checkEvents":[{"__type__":"cc.ClickEvent","target":{"__id__":1},"_componentId":"f7c275qiSNHGaE1IcJrcrfa","handler":"onClickDateTog"}]}],"_prefab":{"__type__":"cc.PrefabInfo","root":{"__id__":1},"asset":{"__uuid__":"238YX0jQVJIJ+OwDZSh2+W"},"fileId":"30y0+1agdPJJK4wDiwiBgN"},"_contentSize":{"__type__":"cc.Size","width":150.7,"height":56},"_trs":{"__type__":"TypedArray","ctor":"Float64Array","array":[0,-86,0,0,0,0,1,1,1,1]}},{"__type__":"cc.Node","_name":"sp","_parent":{"__id__":26},"_components":[{"__type__":"cc.Sprite","node":{"__id__":27},"_materials":[{"__uuid__":"ecpdLyjvZBwrvm+cedCcQy"}],"_spriteFrame":{"__uuid__":"f9BjRs4/NFz4J8t/aKywAJ"},"_type":1,"_sizeMode":0}],"_prefab":{"__type__":"cc.PrefabInfo","root":{"__id__":1},"asset":{"__uuid__":"238YX0jQVJIJ+OwDZSh2+W"},"fileId":"ff8Lhc8C9FNblbCc1NDius"},"_opacity":214,"_contentSize":{"__type__":"cc.Size","width":150.7,"height":56},"_trs":{"__type__":"TypedArray","ctor":"Float64Array","array":[0,0,0,0,0,0,1,1,1,1]}},{"__type__":"cc.Node","_name":"bg","_parent":{"__id__":26},"_components":[{"__id__":29}],"_prefab":{"__type__":"cc.PrefabInfo","root":{"__id__":1},"asset":{"__uuid__":"238YX0jQVJIJ+OwDZSh2+W"},"fileId":"f4WQSmhEVE4Jxr7fuHyQXL"},"_contentSize":{"__type__":"cc.Size","width":88.91,"height":25.2},"_trs":{"__type__":"TypedArray","ctor":"Float64Array","array":[0,0,0,0,0,0,1,1,1,1]}},{"__type__":"cc.Label","node":{"__id__":28},"_materials":[{"__uuid__":"ecpdLyjvZBwrvm+cedCcQy"}],"_useOriginalSize":false,"_string":"2020-04-07","_N$string":"2020-04-07","_fontSize":16,"_lineHeight":20,"_N$file":{"__uuid__":"6cdYiskGtJJYGqTveEBiCW"},"_isSystemFontUsed":false,"_N$horizontalAlign":1,"_N$verticalAlign":1},{"__type__":"cc.Node","_name":"checkmarkNode","_parent":{"__id__":26},"_children":[{"__id__":31}],"_active":false,"_components":[{"__id__":33}],"_prefab":{"__type__":"cc.PrefabInfo","root":{"__id__":1},"asset":{"__uuid__":"238YX0jQVJIJ+OwDZSh2+W"},"fileId":"e2HWhp319JVZzXxK26KSlC"},"_opacity":214,"_contentSize":{"__type__":"cc.Size","width":150.7,"height":56},"_trs":{"__type__":"TypedArray","ctor":"Float64Array","array":[0,0,0,0,0,0,1,1,1,1]}},{"__type__":"cc.Node","_name":"checkmark","_parent":{"__id__":30},"_components":[{"__id__":32}],"_prefab":{"__type__":"cc.PrefabInfo","root":{"__id__":1},"asset":{"__uuid__":"238YX0jQVJIJ+OwDZSh2+W"},"fileId":"53Eo8fQJBLDbaJCzTPy7DS"},"_color":{"__type__":"cc.Color","r":255,"g":239},"_contentSize":{"__type__":"cc.Size","width":88.91,"height":25.2},"_trs":{"__type__":"TypedArray","ctor":"Float64Array","array":[0,0,0,0,0,0,1,1,1,1]}},{"__type__":"cc.Label","node":{"__id__":31},"_materials":[{"__uuid__":"ecpdLyjvZBwrvm+cedCcQy"}],"_useOriginalSize":false,"_string":"2020-04-07","_N$string":"2020-04-07","_fontSize":16,"_lineHeight":20,"_N$file":{"__uuid__":"6cdYiskGtJJYGqTveEBiCW"},"_isSystemFontUsed":false,"_N$horizontalAlign":1,"_N$verticalAlign":1},{"__type__":"cc.Sprite","node":{"__id__":30},"_materials":[{"__uuid__":"ecpdLyjvZBwrvm+cedCcQy"}],"_type":1,"_sizeMode":0},{"__type__":"cc.Node","_name":"dateItem copy","_parent":{"__id__":16},"_children":[{"__id__":35},{"__id__":36},{"__id__":38}],"_components":[{"__type__":"d4e0bY8IpBA+Y0szjL+VLUN","node":{"__id__":34},"bgDateLab":{"__id__":37},"checkMarkDateLab":{"__id__":40}},{"__type__":"cc.Toggle","node":{"__id__":34},"_N$transition":3,"transition":3,"_N$isChecked":false,"toggleGroup":{"__id__":25},"checkMark":{"__id__":41},"checkEvents":[{"__type__":"cc.ClickEvent","target":{"__id__":1},"_componentId":"f7c275qiSNHGaE1IcJrcrfa","handler":"onClickDateTog"}]}],"_prefab":{"__type__":"cc.PrefabInfo","root":{"__id__":1},"asset":{"__uuid__":"238YX0jQVJIJ+OwDZSh2+W"},"fileId":"aeLp4PvSBOaIC7QH/ovy70"},"_contentSize":{"__type__":"cc.Size","width":150.7,"height":56},"_trs":{"__type__":"TypedArray","ctor":"Float64Array","array":[0,-144,0,0,0,0,1,1,1,1]}},{"__type__":"cc.Node","_name":"sp","_parent":{"__id__":34},"_components":[{"__type__":"cc.Sprite","node":{"__id__":35},"_materials":[{"__uuid__":"ecpdLyjvZBwrvm+cedCcQy"}],"_spriteFrame":{"__uuid__":"f9BjRs4/NFz4J8t/aKywAJ"},"_type":1,"_sizeMode":0}],"_prefab":{"__type__":"cc.PrefabInfo","root":{"__id__":1},"asset":{"__uuid__":"238YX0jQVJIJ+OwDZSh2+W"},"fileId":"45icSNxEBBEoLFtNBvuQxr"},"_opacity":214,"_contentSize":{"__type__":"cc.Size","width":150.7,"height":56},"_trs":{"__type__":"TypedArray","ctor":"Float64Array","array":[0,0,0,0,0,0,1,1,1,1]}},{"__type__":"cc.Node","_name":"bg","_parent":{"__id__":34},"_components":[{"__id__":37}],"_prefab":{"__type__":"cc.PrefabInfo","root":{"__id__":1},"asset":{"__uuid__":"238YX0jQVJIJ+OwDZSh2+W"},"fileId":"a2kBJCNoRHd7h89EXrE9N3"},"_contentSize":{"__type__":"cc.Size","width":88.91,"height":25.2},"_trs":{"__type__":"TypedArray","ctor":"Float64Array","array":[0,0,0,0,0,0,1,1,1,1]}},{"__type__":"cc.Label","node":{"__id__":36},"_materials":[{"__uuid__":"ecpdLyjvZBwrvm+cedCcQy"}],"_useOriginalSize":false,"_string":"2020-04-07","_N$string":"2020-04-07","_fontSize":16,"_lineHeight":20,"_N$file":{"__uuid__":"6cdYiskGtJJYGqTveEBiCW"},"_isSystemFontUsed":false,"_N$horizontalAlign":1,"_N$verticalAlign":1},{"__type__":"cc.Node","_name":"checkmarkNode","_parent":{"__id__":34},"_children":[{"__id__":39}],"_active":false,"_components":[{"__id__":41}],"_prefab":{"__type__":"cc.PrefabInfo","root":{"__id__":1},"asset":{"__uuid__":"238YX0jQVJIJ+OwDZSh2+W"},"fileId":"58AqJ1OwRDxLG06Vgqfd7O"},"_opacity":214,"_contentSize":{"__type__":"cc.Size","width":150.7,"height":56},"_trs":{"__type__":"TypedArray","ctor":"Float64Array","array":[0,0,0,0,0,0,1,1,1,1]}},{"__type__":"cc.Node","_name":"checkmark","_parent":{"__id__":38},"_components":[{"__id__":40}],"_prefab":{"__type__":"cc.PrefabInfo","root":{"__id__":1},"asset":{"__uuid__":"238YX0jQVJIJ+OwDZSh2+W"},"fileId":"0boiZCcXRGqYxBdjdBnB5q"},"_color":{"__type__":"cc.Color","r":255,"g":239},"_contentSize":{"__type__":"cc.Size","width":88.91,"height":25.2},"_trs":{"__type__":"TypedArray","ctor":"Float64Array","array":[0,0,0,0,0,0,1,1,1,1]}},{"__type__":"cc.Label","node":{"__id__":39},"_materials":[{"__uuid__":"ecpdLyjvZBwrvm+cedCcQy"}],"_useOriginalSize":false,"_string":"2020-04-07","_N$string":"2020-04-07","_fontSize":16,"_lineHeight":20,"_N$file":{"__uuid__":"6cdYiskGtJJYGqTveEBiCW"},"_isSystemFontUsed":false,"_N$horizontalAlign":1,"_N$verticalAlign":1},{"__type__":"cc.Sprite","node":{"__id__":38},"_materials":[{"__uuid__":"ecpdLyjvZBwrvm+cedCcQy"}],"_type":1,"_sizeMode":0},{"__type__":"cc.Node","_name":"dateItem copy","_parent":{"__id__":16},"_children":[{"__id__":43},{"__id__":44},{"__id__":46}],"_components":[{"__type__":"d4e0bY8IpBA+Y0szjL+VLUN","node":{"__id__":42},"bgDateLab":{"__id__":45},"checkMarkDateLab":{"__id__":48}},{"__type__":"cc.Toggle","node":{"__id__":42},"_N$transition":3,"transition":3,"_N$isChecked":false,"toggleGroup":{"__id__":25},"checkMark":{"__id__":49},"checkEvents":[{"__type__":"cc.ClickEvent","target":{"__id__":1},"_componentId":"f7c275qiSNHGaE1IcJrcrfa","handler":"onClickDateTog"}]}],"_prefab":{"__type__":"cc.PrefabInfo","root":{"__id__":1},"asset":{"__uuid__":"238YX0jQVJIJ+OwDZSh2+W"},"fileId":"38BNi36/1K+IIvXUoH7rdd"},"_contentSize":{"__type__":"cc.Size","width":150.7,"height":56},"_trs":{"__type__":"TypedArray","ctor":"Float64Array","array":[0,-202,0,0,0,0,1,1,1,1]}},{"__type__":"cc.Node","_name":"sp","_parent":{"__id__":42},"_components":[{"__type__":"cc.Sprite","node":{"__id__":43},"_materials":[{"__uuid__":"ecpdLyjvZBwrvm+cedCcQy"}],"_spriteFrame":{"__uuid__":"f9BjRs4/NFz4J8t/aKywAJ"},"_type":1,"_sizeMode":0}],"_prefab":{"__type__":"cc.PrefabInfo","root":{"__id__":1},"asset":{"__uuid__":"238YX0jQVJIJ+OwDZSh2+W"},"fileId":"8bOwP0ByNIH61uffYC28/s"},"_opacity":214,"_contentSize":{"__type__":"cc.Size","width":150.7,"height":56},"_trs":{"__type__":"TypedArray","ctor":"Float64Array","array":[0,0,0,0,0,0,1,1,1,1]}},{"__type__":"cc.Node","_name":"bg","_parent":{"__id__":42},"_components":[{"__id__":45}],"_prefab":{"__type__":"cc.PrefabInfo","root":{"__id__":1},"asset":{"__uuid__":"238YX0jQVJIJ+OwDZSh2+W"},"fileId":"70Du8R+KxDiJ4JUWFXAhmb"},"_contentSize":{"__type__":"cc.Size","width":88.91,"height":25.2},"_trs":{"__type__":"TypedArray","ctor":"Float64Array","array":[0,0,0,0,0,0,1,1,1,1]}},{"__type__":"cc.Label","node":{"__id__":44},"_materials":[{"__uuid__":"ecpdLyjvZBwrvm+cedCcQy"}],"_useOriginalSize":false,"_string":"2020-04-07","_N$string":"2020-04-07","_fontSize":16,"_lineHeight":20,"_N$file":{"__uuid__":"6cdYiskGtJJYGqTveEBiCW"},"_isSystemFontUsed":false,"_N$horizontalAlign":1,"_N$verticalAlign":1},{"__type__":"cc.Node","_name":"checkmarkNode","_parent":{"__id__":42},"_children":[{"__id__":47}],"_active":false,"_components":[{"__id__":49}],"_prefab":{"__type__":"cc.PrefabInfo","root":{"__id__":1},"asset":{"__uuid__":"238YX0jQVJIJ+OwDZSh2+W"},"fileId":"d7cZKtqkBAJKaEV/inUqVz"},"_opacity":214,"_contentSize":{"__type__":"cc.Size","width":150.7,"height":56},"_trs":{"__type__":"TypedArray","ctor":"Float64Array","array":[0,0,0,0,0,0,1,1,1,1]}},{"__type__":"cc.Node","_name":"checkmark","_parent":{"__id__":46},"_components":[{"__id__":48}],"_prefab":{"__type__":"cc.PrefabInfo","root":{"__id__":1},"asset":{"__uuid__":"238YX0jQVJIJ+OwDZSh2+W"},"fileId":"43uGwouAJLo5WvfV+kXjO9"},"_color":{"__type__":"cc.Color","r":255,"g":239},"_contentSize":{"__type__":"cc.Size","width":88.91,"height":25.2},"_trs":{"__type__":"TypedArray","ctor":"Float64Array","array":[0,0,0,0,0,0,1,1,1,1]}},{"__type__":"cc.Label","node":{"__id__":47},"_materials":[{"__uuid__":"ecpdLyjvZBwrvm+cedCcQy"}],"_useOriginalSize":false,"_string":"2020-04-07","_N$string":"2020-04-07","_fontSize":16,"_lineHeight":20,"_N$file":{"__uuid__":"6cdYiskGtJJYGqTveEBiCW"},"_isSystemFontUsed":false,"_N$horizontalAlign":1,"_N$verticalAlign":1},{"__type__":"cc.Sprite","node":{"__id__":46},"_materials":[{"__uuid__":"ecpdLyjvZBwrvm+cedCcQy"}],"_type":1,"_sizeMode":0},{"__type__":"cc.Node","_name":"dateItem copy","_parent":{"__id__":16},"_children":[{"__id__":51},{"__id__":52},{"__id__":54}],"_components":[{"__type__":"d4e0bY8IpBA+Y0szjL+VLUN","node":{"__id__":50},"bgDateLab":{"__id__":53},"checkMarkDateLab":{"__id__":56}},{"__type__":"cc.Toggle","node":{"__id__":50},"_N$transition":3,"transition":3,"_N$isChecked":false,"toggleGroup":{"__id__":25},"checkMark":{"__id__":57},"checkEvents":[{"__type__":"cc.ClickEvent","target":{"__id__":1},"_componentId":"f7c275qiSNHGaE1IcJrcrfa","handler":"onClickDateTog"}]}],"_prefab":{"__type__":"cc.PrefabInfo","root":{"__id__":1},"asset":{"__uuid__":"238YX0jQVJIJ+OwDZSh2+W"},"fileId":"93kFLudRFLoKp5snI0ycjq"},"_contentSize":{"__type__":"cc.Size","width":150.7,"height":56},"_trs":{"__type__":"TypedArray","ctor":"Float64Array","array":[0,-260,0,0,0,0,1,1,1,1]}},{"__type__":"cc.Node","_name":"sp","_parent":{"__id__":50},"_components":[{"__type__":"cc.Sprite","node":{"__id__":51},"_materials":[{"__uuid__":"ecpdLyjvZBwrvm+cedCcQy"}],"_spriteFrame":{"__uuid__":"f9BjRs4/NFz4J8t/aKywAJ"},"_type":1,"_sizeMode":0}],"_prefab":{"__type__":"cc.PrefabInfo","root":{"__id__":1},"asset":{"__uuid__":"238YX0jQVJIJ+OwDZSh2+W"},"fileId":"a3Vt5c8wBKHoZQVyKBENRu"},"_opacity":214,"_contentSize":{"__type__":"cc.Size","width":150.7,"height":56},"_trs":{"__type__":"TypedArray","ctor":"Float64Array","array":[0,0,0,0,0,0,1,1,1,1]}},{"__type__":"cc.Node","_name":"bg","_parent":{"__id__":50},"_components":[{"__id__":53}],"_prefab":{"__type__":"cc.PrefabInfo","root":{"__id__":1},"asset":{"__uuid__":"238YX0jQVJIJ+OwDZSh2+W"},"fileId":"cde3ehR5hMNZdYjD/tDAWv"},"_contentSize":{"__type__":"cc.Size","width":88.91,"height":25.2},"_trs":{"__type__":"TypedArray","ctor":"Float64Array","array":[0,0,0,0,0,0,1,1,1,1]}},{"__type__":"cc.Label","node":{"__id__":52},"_materials":[{"__uuid__":"ecpdLyjvZBwrvm+cedCcQy"}],"_useOriginalSize":false,"_string":"2020-04-07","_N$string":"2020-04-07","_fontSize":16,"_lineHeight":20,"_N$file":{"__uuid__":"6cdYiskGtJJYGqTveEBiCW"},"_isSystemFontUsed":false,"_N$horizontalAlign":1,"_N$verticalAlign":1},{"__type__":"cc.Node","_name":"checkmarkNode","_parent":{"__id__":50},"_children":[{"__id__":55}],"_active":false,"_components":[{"__id__":57}],"_prefab":{"__type__":"cc.PrefabInfo","root":{"__id__":1},"asset":{"__uuid__":"238YX0jQVJIJ+OwDZSh2+W"},"fileId":"a5QifRVVhAGa7WUUNMhddW"},"_opacity":214,"_contentSize":{"__type__":"cc.Size","width":150.7,"height":56},"_trs":{"__type__":"TypedArray","ctor":"Float64Array","array":[0,0,0,0,0,0,1,1,1,1]}},{"__type__":"cc.Node","_name":"checkmark","_parent":{"__id__":54},"_components":[{"__id__":56}],"_prefab":{"__type__":"cc.PrefabInfo","root":{"__id__":1},"asset":{"__uuid__":"238YX0jQVJIJ+OwDZSh2+W"},"fileId":"e42EAhy6lBlp49MlZ7bI2G"},"_color":{"__type__":"cc.Color","r":255,"g":239},"_contentSize":{"__type__":"cc.Size","width":88.91,"height":25.2},"_trs":{"__type__":"TypedArray","ctor":"Float64Array","array":[0,0,0,0,0,0,1,1,1,1]}},{"__type__":"cc.Label","node":{"__id__":55},"_materials":[{"__uuid__":"ecpdLyjvZBwrvm+cedCcQy"}],"_useOriginalSize":false,"_string":"2020-04-07","_N$string":"2020-04-07","_fontSize":16,"_lineHeight":20,"_N$file":{"__uuid__":"6cdYiskGtJJYGqTveEBiCW"},"_isSystemFontUsed":false,"_N$horizontalAlign":1,"_N$verticalAlign":1},{"__type__":"cc.Sprite","node":{"__id__":54},"_materials":[{"__uuid__":"ecpdLyjvZBwrvm+cedCcQy"}],"_type":1,"_sizeMode":0},{"__type__":"cc.Node","_name":"itemLayout","_parent":{"__id__":15},"_children":[{"__id__":59},{"__id__":79},{"__id__":99},{"__id__":119},{"__id__":139}],"_components":[{"__type__":"cc.Layout","node":{"__id__":58},"_layoutSize":{"__type__":"cc.Size","width":803,"height":288},"_resize":1,"_N$layoutType":2,"_N$spacingY":2}],"_prefab":{"__type__":"cc.PrefabInfo","root":{"__id__":1},"asset":{"__uuid__":"238YX0jQVJIJ+OwDZSh2+W"},"fileId":"64uF3MljVFxKe433opf5Kl"},"_contentSize":{"__type__":"cc.Size","width":803,"height":288},"_anchorPoint":{"__type__":"cc.Vec2","x":0.5,"y":1},"_trs":{"__type__":"TypedArray","ctor":"Float64Array","array":[82,145,0,0,0,0,1,1,1,1]}},{"__type__":"cc.Node","_name":"recordItem","_parent":{"__id__":58},"_children":[{"__id__":60},{"__id__":61},{"__id__":63},{"__id__":65},{"__id__":67},{"__id__":69},{"__id__":71},{"__id__":73},{"__id__":75}],"_components":[{"__type__":"c0e40+vpTBJaoQCjyDSxXuW","node":{"__id__":59},"lineNumLab":{"__id__":62},"nameLab":{"__id__":64},"timeLab":{"__id__":68},"scoreLab":{"__id__":66},"bankNameLab":{"__id__":70},"bankNumLab":{"__id__":72},"bankPosLab":{"__id__":74},"statusLab":{"__id__":78},"statusLab2":{"__id__":77}}],"_prefab":{"__type__":"cc.PrefabInfo","root":{"__id__":1},"asset":{"__uuid__":"238YX0jQVJIJ+OwDZSh2+W"},"fileId":"13ZMZCbftBDpuW3UJukWHe"},"_contentSize":{"__type__":"cc.Size","width":946,"height":56},"_trs":{"__type__":"TypedArray","ctor":"Float64Array","array":[-83,-28,0,0,0,0,1,1,1,1]}},{"__type__":"cc.Node","_name":"bg","_parent":{"__id__":59},"_components":[{"__type__":"cc.Sprite","node":{"__id__":60},"_materials":[{"__uuid__":"ecpdLyjvZBwrvm+cedCcQy"}],"_spriteFrame":{"__uuid__":"f9BjRs4/NFz4J8t/aKywAJ"},"_type":1,"_sizeMode":0}],"_prefab":{"__type__":"cc.PrefabInfo","root":{"__id__":1},"asset":{"__uuid__":"238YX0jQVJIJ+OwDZSh2+W"},"fileId":"56PgXBOztLzaCHwW4HvaMH"},"_opacity":214,"_contentSize":{"__type__":"cc.Size","width":788.6,"height":56},"_trs":{"__type__":"TypedArray","ctor":"Float64Array","array":[78.7,0,0,0,0,0,1,1,1,1]}},{"__type__":"cc.Node","_name":"lineNumLab","_parent":{"__id__":59},"_components":[{"__id__":62}],"_prefab":{"__type__":"cc.PrefabInfo","root":{"__id__":1},"asset":{"__uuid__":"238YX0jQVJIJ+OwDZSh2+W"},"fileId":"6a6xWawgpMKo1sEt1e5Zmd"},"_contentSize":{"__type__":"cc.Size","height":25.2},"_trs":{"__type__":"TypedArray","ctor":"Float64Array","array":[-206.195,0,0,0,0,0,1,1,1,1]}},{"__type__":"cc.Label","node":{"__id__":61},"_materials":[{"__uuid__":"ecpdLyjvZBwrvm+cedCcQy"}],"_useOriginalSize":false,"_fontSize":16,"_lineHeight":20,"_N$file":{"__uuid__":"6cdYiskGtJJYGqTveEBiCW"},"_isSystemFontUsed":false,"_N$horizontalAlign":1,"_N$verticalAlign":1},{"__type__":"cc.Node","_name":"nameLab","_parent":{"__id__":59},"_active":false,"_components":[{"__id__":64}],"_prefab":{"__type__":"cc.PrefabInfo","root":{"__id__":1},"asset":{"__uuid__":"238YX0jQVJIJ+OwDZSh2+W"},"fileId":"0dlerv/uBGpaHQ338sppM0"},"_contentSize":{"__type__":"cc.Size","height":25.2},"_trs":{"__type__":"TypedArray","ctor":"Float64Array","array":[-158.495,0,0,0,0,0,1,1,1,1]}},{"__type__":"cc.Label","node":{"__id__":63},"_materials":[{"__uuid__":"ecpdLyjvZBwrvm+cedCcQy"}],"_useOriginalSize":false,"_fontSize":16,"_lineHeight":20,"_N$file":{"__uuid__":"6cdYiskGtJJYGqTveEBiCW"},"_isSystemFontUsed":false,"_N$horizontalAlign":1,"_N$verticalAlign":1},{"__type__":"cc.Node","_name":"scoreLab","_parent":{"__id__":59},"_components":[{"__id__":66}],"_prefab":{"__type__":"cc.PrefabInfo","root":{"__id__":1},"asset":{"__uuid__":"238YX0jQVJIJ+OwDZSh2+W"},"fileId":"36ZCNlG2BKip6JlA1jjXf2"},"_contentSize":{"__type__":"cc.Size","height":25.2},"_trs":{"__type__":"TypedArray","ctor":"Float64Array","array":[-11.654,0,0,0,0,0,1,1,1,1]}},{"__type__":"cc.Label","node":{"__id__":65},"_materials":[{"__uuid__":"ecpdLyjvZBwrvm+cedCcQy"}],"_useOriginalSize":false,"_fontSize":16,"_lineHeight":20,"_N$file":{"__uuid__":"6cdYiskGtJJYGqTveEBiCW"},"_isSystemFontUsed":false,"_N$horizontalAlign":1,"_N$verticalAlign":1},{"__type__":"cc.Node","_name":"timeLab","_parent":{"__id__":59},"_components":[{"__id__":68}],"_prefab":{"__type__":"cc.PrefabInfo","root":{"__id__":1},"asset":{"__uuid__":"238YX0jQVJIJ+OwDZSh2+W"},"fileId":"65S2miD4NC7YuQ2fbgFDrc"},"_contentSize":{"__type__":"cc.Size","height":25.2},"_trs":{"__type__":"TypedArray","ctor":"Float64Array","array":[189.12,0,0,0,0,0,1,1,1,1]}},{"__type__":"cc.Label","node":{"__id__":67},"_materials":[{"__uuid__":"ecpdLyjvZBwrvm+cedCcQy"}],"_useOriginalSize":false,"_fontSize":16,"_lineHeight":20,"_N$file":{"__uuid__":"6cdYiskGtJJYGqTveEBiCW"},"_isSystemFontUsed":false,"_N$horizontalAlign":1,"_N$verticalAlign":1},{"__type__":"cc.Node","_name":"bankName","_parent":{"__id__":59},"_active":false,"_components":[{"__id__":70}],"_prefab":{"__type__":"cc.PrefabInfo","root":{"__id__":1},"asset":{"__uuid__":"238YX0jQVJIJ+OwDZSh2+W"},"fileId":"41WabfO5lGx6Z1u9q72hAg"},"_contentSize":{"__type__":"cc.Size","height":25.2},"_trs":{"__type__":"TypedArray","ctor":"Float64Array","array":[69.556,0,0,0,0,0,1,1,1,1]}},{"__type__":"cc.Label","node":{"__id__":69},"_materials":[{"__uuid__":"ecpdLyjvZBwrvm+cedCcQy"}],"_useOriginalSize":false,"_fontSize":16,"_lineHeight":20,"_N$file":{"__uuid__":"6cdYiskGtJJYGqTveEBiCW"},"_isSystemFontUsed":false,"_N$horizontalAlign":1,"_N$verticalAlign":1},{"__type__":"cc.Node","_name":"bankNum","_parent":{"__id__":59},"_active":false,"_components":[{"__id__":72}],"_prefab":{"__type__":"cc.PrefabInfo","root":{"__id__":1},"asset":{"__uuid__":"238YX0jQVJIJ+OwDZSh2+W"},"fileId":"2akrQ0SSdM4q/8cTSsDyC6"},"_contentSize":{"__type__":"cc.Size","height":25.2},"_trs":{"__type__":"TypedArray","ctor":"Float64Array","array":[185.743,0,0,0,0,0,1,1,1,1]}},{"__type__":"cc.Label","node":{"__id__":71},"_materials":[{"__uuid__":"ecpdLyjvZBwrvm+cedCcQy"}],"_useOriginalSize":false,"_fontSize":16,"_lineHeight":20,"_N$file":{"__uuid__":"6cdYiskGtJJYGqTveEBiCW"},"_isSystemFontUsed":false,"_N$horizontalAlign":1,"_N$verticalAlign":1},{"__type__":"cc.Node","_name":"bankPos","_parent":{"__id__":59},"_active":false,"_components":[{"__id__":74}],"_prefab":{"__type__":"cc.PrefabInfo","root":{"__id__":1},"asset":{"__uuid__":"238YX0jQVJIJ+OwDZSh2+W"},"fileId":"6dky13QZxEZbWA8QIBTaQl"},"_contentSize":{"__type__":"cc.Size","height":25.2},"_trs":{"__type__":"TypedArray","ctor":"Float64Array","array":[304.939,0,0,0,0,0,1,1,1,1]}},{"__type__":"cc.Label","node":{"__id__":73},"_materials":[{"__uuid__":"ecpdLyjvZBwrvm+cedCcQy"}],"_useOriginalSize":false,"_fontSize":16,"_lineHeight":20,"_N$file":{"__uuid__":"6cdYiskGtJJYGqTveEBiCW"},"_isSystemFontUsed":false,"_N$horizontalAlign":1,"_N$verticalAlign":1},{"__type__":"cc.Node","_name":"status","_parent":{"__id__":59},"_children":[{"__id__":76}],"_components":[{"__id__":78}],"_prefab":{"__type__":"cc.PrefabInfo","root":{"__id__":1},"asset":{"__uuid__":"238YX0jQVJIJ+OwDZSh2+W"},"fileId":"0aLWj5GRtJaaU8ye8Qoi5d"},"_contentSize":{"__type__":"cc.Size","height":25.2},"_trs":{"__type__":"TypedArray","ctor":"Float64Array","array":[366.888,0,0,0,0,0,1,1,1,1]}},{"__type__":"cc.Node","_name":"status2","_parent":{"__id__":75},"_components":[{"__id__":77},{"__type__":"cc.Button","node":{"__id__":76},"clickEvents":[{"__type__":"cc.ClickEvent","target":{"__id__":59},"_componentId":"c0e40+vpTBJaoQCjyDSxXuW","handler":"returnReason"}]}],"_prefab":{"__type__":"cc.PrefabInfo","root":{"__id__":1},"asset":{"__uuid__":"238YX0jQVJIJ+OwDZSh2+W"},"fileId":"9dSSJKfx1DU5bEtOEKzxvz"},"_color":{"__type__":"cc.Color","r":255},"_contentSize":{"__type__":"cc.Size","height":25.2},"_trs":{"__type__":"TypedArray","ctor":"Float64Array","array":[0,0,0,0,0,0,1,1,1,1]}},{"__type__":"cc.Label","node":{"__id__":76},"_materials":[{"__uuid__":"ecpdLyjvZBwrvm+cedCcQy"}],"_useOriginalSize":false,"_fontSize":16,"_lineHeight":20,"_N$file":{"__uuid__":"6cdYiskGtJJYGqTveEBiCW"},"_isSystemFontUsed":false,"_styleFlags":4,"_N$horizontalAlign":1,"_N$verticalAlign":1},{"__type__":"cc.Label","node":{"__id__":75},"_materials":[{"__uuid__":"ecpdLyjvZBwrvm+cedCcQy"}],"_useOriginalSize":false,"_fontSize":16,"_lineHeight":20,"_N$file":{"__uuid__":"6cdYiskGtJJYGqTveEBiCW"},"_isSystemFontUsed":false,"_N$horizontalAlign":1,"_N$verticalAlign":1},{"__type__":"cc.Node","_name":"recordItem","_parent":{"__id__":58},"_children":[{"__id__":80},{"__id__":81},{"__id__":83},{"__id__":85},{"__id__":87},{"__id__":89},{"__id__":91},{"__id__":93},{"__id__":95}],"_components":[{"__type__":"c0e40+vpTBJaoQCjyDSxXuW","node":{"__id__":79},"lineNumLab":{"__id__":82},"nameLab":{"__id__":84},"timeLab":{"__id__":88},"scoreLab":{"__id__":86},"bankNameLab":{"__id__":90},"bankNumLab":{"__id__":92},"bankPosLab":{"__id__":94},"statusLab":{"__id__":98},"statusLab2":{"__id__":97}}],"_prefab":{"__type__":"cc.PrefabInfo","root":{"__id__":1},"asset":{"__uuid__":"238YX0jQVJIJ+OwDZSh2+W"},"fileId":"9f/5C8ahxIiaM4tRgMhHgW"},"_contentSize":{"__type__":"cc.Size","width":946,"height":56},"_trs":{"__type__":"TypedArray","ctor":"Float64Array","array":[-83,-86,0,0,0,0,1,1,1,1]}},{"__type__":"cc.Node","_name":"bg","_parent":{"__id__":79},"_components":[{"__type__":"cc.Sprite","node":{"__id__":80},"_materials":[{"__uuid__":"ecpdLyjvZBwrvm+cedCcQy"}],"_spriteFrame":{"__uuid__":"f9BjRs4/NFz4J8t/aKywAJ"},"_type":1,"_sizeMode":0}],"_prefab":{"__type__":"cc.PrefabInfo","root":{"__id__":1},"asset":{"__uuid__":"238YX0jQVJIJ+OwDZSh2+W"},"fileId":"beH+2gBmxN/5aFANUNtpZD"},"_opacity":214,"_contentSize":{"__type__":"cc.Size","width":788.6,"height":56},"_trs":{"__type__":"TypedArray","ctor":"Float64Array","array":[78.7,0,0,0,0,0,1,1,1,1]}},{"__type__":"cc.Node","_name":"lineNumLab","_parent":{"__id__":79},"_components":[{"__id__":82}],"_prefab":{"__type__":"cc.PrefabInfo","root":{"__id__":1},"asset":{"__uuid__":"238YX0jQVJIJ+OwDZSh2+W"},"fileId":"2beQCwse1LIol1nc1Pn49s"},"_contentSize":{"__type__":"cc.Size","height":25.2},"_trs":{"__type__":"TypedArray","ctor":"Float64Array","array":[-206.195,0,0,0,0,0,1,1,1,1]}},{"__type__":"cc.Label","node":{"__id__":81},"_materials":[{"__uuid__":"ecpdLyjvZBwrvm+cedCcQy"}],"_useOriginalSize":false,"_fontSize":16,"_lineHeight":20,"_N$file":{"__uuid__":"6cdYiskGtJJYGqTveEBiCW"},"_isSystemFontUsed":false,"_N$horizontalAlign":1,"_N$verticalAlign":1},{"__type__":"cc.Node","_name":"nameLab","_parent":{"__id__":79},"_active":false,"_components":[{"__id__":84}],"_prefab":{"__type__":"cc.PrefabInfo","root":{"__id__":1},"asset":{"__uuid__":"238YX0jQVJIJ+OwDZSh2+W"},"fileId":"1edJuTp3NDM58dkZfweW8w"},"_contentSize":{"__type__":"cc.Size","height":25.2},"_trs":{"__type__":"TypedArray","ctor":"Float64Array","array":[-158.495,0,0,0,0,0,1,1,1,1]}},{"__type__":"cc.Label","node":{"__id__":83},"_materials":[{"__uuid__":"ecpdLyjvZBwrvm+cedCcQy"}],"_useOriginalSize":false,"_fontSize":16,"_lineHeight":20,"_N$file":{"__uuid__":"6cdYiskGtJJYGqTveEBiCW"},"_isSystemFontUsed":false,"_N$horizontalAlign":1,"_N$verticalAlign":1},{"__type__":"cc.Node","_name":"scoreLab","_parent":{"__id__":79},"_components":[{"__id__":86}],"_prefab":{"__type__":"cc.PrefabInfo","root":{"__id__":1},"asset":{"__uuid__":"238YX0jQVJIJ+OwDZSh2+W"},"fileId":"c3IWRBMMJNMIVpgtVq/ENr"},"_contentSize":{"__type__":"cc.Size","height":25.2},"_trs":{"__type__":"TypedArray","ctor":"Float64Array","array":[-11.654,0,0,0,0,0,1,1,1,1]}},{"__type__":"cc.Label","node":{"__id__":85},"_materials":[{"__uuid__":"ecpdLyjvZBwrvm+cedCcQy"}],"_useOriginalSize":false,"_fontSize":16,"_lineHeight":20,"_N$file":{"__uuid__":"6cdYiskGtJJYGqTveEBiCW"},"_isSystemFontUsed":false,"_N$horizontalAlign":1,"_N$verticalAlign":1},{"__type__":"cc.Node","_name":"timeLab","_parent":{"__id__":79},"_components":[{"__id__":88}],"_prefab":{"__type__":"cc.PrefabInfo","root":{"__id__":1},"asset":{"__uuid__":"238YX0jQVJIJ+OwDZSh2+W"},"fileId":"9e46eWyjtKwZONubbIsa+7"},"_contentSize":{"__type__":"cc.Size","height":25.2},"_trs":{"__type__":"TypedArray","ctor":"Float64Array","array":[189.12,0,0,0,0,0,1,1,1,1]}},{"__type__":"cc.Label","node":{"__id__":87},"_materials":[{"__uuid__":"ecpdLyjvZBwrvm+cedCcQy"}],"_useOriginalSize":false,"_fontSize":16,"_lineHeight":20,"_N$file":{"__uuid__":"6cdYiskGtJJYGqTveEBiCW"},"_isSystemFontUsed":false,"_N$horizontalAlign":1,"_N$verticalAlign":1},{"__type__":"cc.Node","_name":"bankName","_parent":{"__id__":79},"_active":false,"_components":[{"__id__":90}],"_prefab":{"__type__":"cc.PrefabInfo","root":{"__id__":1},"asset":{"__uuid__":"238YX0jQVJIJ+OwDZSh2+W"},"fileId":"adKQsDe+5JiZyj9EXOEA6j"},"_contentSize":{"__type__":"cc.Size","height":25.2},"_trs":{"__type__":"TypedArray","ctor":"Float64Array","array":[69.556,0,0,0,0,0,1,1,1,1]}},{"__type__":"cc.Label","node":{"__id__":89},"_materials":[{"__uuid__":"ecpdLyjvZBwrvm+cedCcQy"}],"_useOriginalSize":false,"_fontSize":16,"_lineHeight":20,"_N$file":{"__uuid__":"6cdYiskGtJJYGqTveEBiCW"},"_isSystemFontUsed":false,"_N$horizontalAlign":1,"_N$verticalAlign":1},{"__type__":"cc.Node","_name":"bankNum","_parent":{"__id__":79},"_active":false,"_components":[{"__id__":92}],"_prefab":{"__type__":"cc.PrefabInfo","root":{"__id__":1},"asset":{"__uuid__":"238YX0jQVJIJ+OwDZSh2+W"},"fileId":"6bfJ3iKFpHcoTYtptifSem"},"_contentSize":{"__type__":"cc.Size","height":25.2},"_trs":{"__type__":"TypedArray","ctor":"Float64Array","array":[185.743,0,0,0,0,0,1,1,1,1]}},{"__type__":"cc.Label","node":{"__id__":91},"_materials":[{"__uuid__":"ecpdLyjvZBwrvm+cedCcQy"}],"_useOriginalSize":false,"_fontSize":16,"_lineHeight":20,"_N$file":{"__uuid__":"6cdYiskGtJJYGqTveEBiCW"},"_isSystemFontUsed":false,"_N$horizontalAlign":1,"_N$verticalAlign":1},{"__type__":"cc.Node","_name":"bankPos","_parent":{"__id__":79},"_active":false,"_components":[{"__id__":94}],"_prefab":{"__type__":"cc.PrefabInfo","root":{"__id__":1},"asset":{"__uuid__":"238YX0jQVJIJ+OwDZSh2+W"},"fileId":"fbvwHpOkpOg7xzTS9Wr0cI"},"_contentSize":{"__type__":"cc.Size","height":25.2},"_trs":{"__type__":"TypedArray","ctor":"Float64Array","array":[304.939,0,0,0,0,0,1,1,1,1]}},{"__type__":"cc.Label","node":{"__id__":93},"_materials":[{"__uuid__":"ecpdLyjvZBwrvm+cedCcQy"}],"_useOriginalSize":false,"_fontSize":16,"_lineHeight":20,"_N$file":{"__uuid__":"6cdYiskGtJJYGqTveEBiCW"},"_isSystemFontUsed":false,"_N$horizontalAlign":1,"_N$verticalAlign":1},{"__type__":"cc.Node","_name":"status","_parent":{"__id__":79},"_children":[{"__id__":96}],"_components":[{"__id__":98}],"_prefab":{"__type__":"cc.PrefabInfo","root":{"__id__":1},"asset":{"__uuid__":"238YX0jQVJIJ+OwDZSh2+W"},"fileId":"050vErm/9HLoCEy6OQyV8D"},"_contentSize":{"__type__":"cc.Size","height":25.2},"_trs":{"__type__":"TypedArray","ctor":"Float64Array","array":[366.888,0,0,0,0,0,1,1,1,1]}},{"__type__":"cc.Node","_name":"status2","_parent":{"__id__":95},"_components":[{"__id__":97},{"__type__":"cc.Button","node":{"__id__":96},"clickEvents":[{"__type__":"cc.ClickEvent","target":{"__id__":79},"_componentId":"c0e40+vpTBJaoQCjyDSxXuW","handler":"returnReason"}]}],"_prefab":{"__type__":"cc.PrefabInfo","root":{"__id__":1},"asset":{"__uuid__":"238YX0jQVJIJ+OwDZSh2+W"},"fileId":"5czelk6iVFNZM289JWvoGX"},"_color":{"__type__":"cc.Color","r":255},"_contentSize":{"__type__":"cc.Size","height":25.2},"_trs":{"__type__":"TypedArray","ctor":"Float64Array","array":[0,0,0,0,0,0,1,1,1,1]}},{"__type__":"cc.Label","node":{"__id__":96},"_materials":[{"__uuid__":"ecpdLyjvZBwrvm+cedCcQy"}],"_useOriginalSize":false,"_fontSize":16,"_lineHeight":20,"_N$file":{"__uuid__":"6cdYiskGtJJYGqTveEBiCW"},"_isSystemFontUsed":false,"_styleFlags":4,"_N$horizontalAlign":1,"_N$verticalAlign":1},{"__type__":"cc.Label","node":{"__id__":95},"_materials":[{"__uuid__":"ecpdLyjvZBwrvm+cedCcQy"}],"_useOriginalSize":false,"_fontSize":16,"_lineHeight":20,"_N$file":{"__uuid__":"6cdYiskGtJJYGqTveEBiCW"},"_isSystemFontUsed":false,"_N$horizontalAlign":1,"_N$verticalAlign":1},{"__type__":"cc.Node","_name":"recordItem","_parent":{"__id__":58},"_children":[{"__id__":100},{"__id__":101},{"__id__":103},{"__id__":105},{"__id__":107},{"__id__":109},{"__id__":111},{"__id__":113},{"__id__":115}],"_components":[{"__type__":"c0e40+vpTBJaoQCjyDSxXuW","node":{"__id__":99},"lineNumLab":{"__id__":102},"nameLab":{"__id__":104},"timeLab":{"__id__":108},"scoreLab":{"__id__":106},"bankNameLab":{"__id__":110},"bankNumLab":{"__id__":112},"bankPosLab":{"__id__":114},"statusLab":{"__id__":118},"statusLab2":{"__id__":117}}],"_prefab":{"__type__":"cc.PrefabInfo","root":{"__id__":1},"asset":{"__uuid__":"238YX0jQVJIJ+OwDZSh2+W"},"fileId":"b52+OLh9BCbJ9TawAZFVDV"},"_contentSize":{"__type__":"cc.Size","width":946,"height":56},"_trs":{"__type__":"TypedArray","ctor":"Float64Array","array":[-83,-144,0,0,0,0,1,1,1,1]}},{"__type__":"cc.Node","_name":"bg","_parent":{"__id__":99},"_components":[{"__type__":"cc.Sprite","node":{"__id__":100},"_materials":[{"__uuid__":"ecpdLyjvZBwrvm+cedCcQy"}],"_spriteFrame":{"__uuid__":"f9BjRs4/NFz4J8t/aKywAJ"},"_type":1,"_sizeMode":0}],"_prefab":{"__type__":"cc.PrefabInfo","root":{"__id__":1},"asset":{"__uuid__":"238YX0jQVJIJ+OwDZSh2+W"},"fileId":"35DwMU/zpDyYH8lt0y6205"},"_opacity":214,"_contentSize":{"__type__":"cc.Size","width":788.6,"height":56},"_trs":{"__type__":"TypedArray","ctor":"Float64Array","array":[78.7,0,0,0,0,0,1,1,1,1]}},{"__type__":"cc.Node","_name":"lineNumLab","_parent":{"__id__":99},"_components":[{"__id__":102}],"_prefab":{"__type__":"cc.PrefabInfo","root":{"__id__":1},"asset":{"__uuid__":"238YX0jQVJIJ+OwDZSh2+W"},"fileId":"cbJnoAvkZB55cFZCj0Ebx7"},"_contentSize":{"__type__":"cc.Size","height":25.2},"_trs":{"__type__":"TypedArray","ctor":"Float64Array","array":[-206.195,0,0,0,0,0,1,1,1,1]}},{"__type__":"cc.Label","node":{"__id__":101},"_materials":[{"__uuid__":"ecpdLyjvZBwrvm+cedCcQy"}],"_useOriginalSize":false,"_fontSize":16,"_lineHeight":20,"_N$file":{"__uuid__":"6cdYiskGtJJYGqTveEBiCW"},"_isSystemFontUsed":false,"_N$horizontalAlign":1,"_N$verticalAlign":1},{"__type__":"cc.Node","_name":"nameLab","_parent":{"__id__":99},"_active":false,"_components":[{"__id__":104}],"_prefab":{"__type__":"cc.PrefabInfo","root":{"__id__":1},"asset":{"__uuid__":"238YX0jQVJIJ+OwDZSh2+W"},"fileId":"334a01aDNIdIQ5aYCwvGFz"},"_contentSize":{"__type__":"cc.Size","height":25.2},"_trs":{"__type__":"TypedArray","ctor":"Float64Array","array":[-158.495,0,0,0,0,0,1,1,1,1]}},{"__type__":"cc.Label","node":{"__id__":103},"_materials":[{"__uuid__":"ecpdLyjvZBwrvm+cedCcQy"}],"_useOriginalSize":false,"_fontSize":16,"_lineHeight":20,"_N$file":{"__uuid__":"6cdYiskGtJJYGqTveEBiCW"},"_isSystemFontUsed":false,"_N$horizontalAlign":1,"_N$verticalAlign":1},{"__type__":"cc.Node","_name":"scoreLab","_parent":{"__id__":99},"_components":[{"__id__":106}],"_prefab":{"__type__":"cc.PrefabInfo","root":{"__id__":1},"asset":{"__uuid__":"238YX0jQVJIJ+OwDZSh2+W"},"fileId":"debX84cLtD5rcOuPxcwG7c"},"_contentSize":{"__type__":"cc.Size","height":25.2},"_trs":{"__type__":"TypedArray","ctor":"Float64Array","array":[-11.654,0,0,0,0,0,1,1,1,1]}},{"__type__":"cc.Label","node":{"__id__":105},"_materials":[{"__uuid__":"ecpdLyjvZBwrvm+cedCcQy"}],"_useOriginalSize":false,"_fontSize":16,"_lineHeight":20,"_N$file":{"__uuid__":"6cdYiskGtJJYGqTveEBiCW"},"_isSystemFontUsed":false,"_N$horizontalAlign":1,"_N$verticalAlign":1},{"__type__":"cc.Node","_name":"timeLab","_parent":{"__id__":99},"_components":[{"__id__":108}],"_prefab":{"__type__":"cc.PrefabInfo","root":{"__id__":1},"asset":{"__uuid__":"238YX0jQVJIJ+OwDZSh2+W"},"fileId":"c6OPrwgnRPVrGuN3hq5dEu"},"_contentSize":{"__type__":"cc.Size","height":25.2},"_trs":{"__type__":"TypedArray","ctor":"Float64Array","array":[189.12,0,0,0,0,0,1,1,1,1]}},{"__type__":"cc.Label","node":{"__id__":107},"_materials":[{"__uuid__":"ecpdLyjvZBwrvm+cedCcQy"}],"_useOriginalSize":false,"_fontSize":16,"_lineHeight":20,"_N$file":{"__uuid__":"6cdYiskGtJJYGqTveEBiCW"},"_isSystemFontUsed":false,"_N$horizontalAlign":1,"_N$verticalAlign":1},{"__type__":"cc.Node","_name":"bankName","_parent":{"__id__":99},"_active":false,"_components":[{"__id__":110}],"_prefab":{"__type__":"cc.PrefabInfo","root":{"__id__":1},"asset":{"__uuid__":"238YX0jQVJIJ+OwDZSh2+W"},"fileId":"beM4tZp6JHXppyJWm5eV/e"},"_contentSize":{"__type__":"cc.Size","height":25.2},"_trs":{"__type__":"TypedArray","ctor":"Float64Array","array":[69.556,0,0,0,0,0,1,1,1,1]}},{"__type__":"cc.Label","node":{"__id__":109},"_materials":[{"__uuid__":"ecpdLyjvZBwrvm+cedCcQy"}],"_useOriginalSize":false,"_fontSize":16,"_lineHeight":20,"_N$file":{"__uuid__":"6cdYiskGtJJYGqTveEBiCW"},"_isSystemFontUsed":false,"_N$horizontalAlign":1,"_N$verticalAlign":1},{"__type__":"cc.Node","_name":"bankNum","_parent":{"__id__":99},"_active":false,"_components":[{"__id__":112}],"_prefab":{"__type__":"cc.PrefabInfo","root":{"__id__":1},"asset":{"__uuid__":"238YX0jQVJIJ+OwDZSh2+W"},"fileId":"27+bYu8y1B1rvt1POb5J3Y"},"_contentSize":{"__type__":"cc.Size","height":25.2},"_trs":{"__type__":"TypedArray","ctor":"Float64Array","array":[185.743,0,0,0,0,0,1,1,1,1]}},{"__type__":"cc.Label","node":{"__id__":111},"_materials":[{"__uuid__":"ecpdLyjvZBwrvm+cedCcQy"}],"_useOriginalSize":false,"_fontSize":16,"_lineHeight":20,"_N$file":{"__uuid__":"6cdYiskGtJJYGqTveEBiCW"},"_isSystemFontUsed":false,"_N$horizontalAlign":1,"_N$verticalAlign":1},{"__type__":"cc.Node","_name":"bankPos","_parent":{"__id__":99},"_active":false,"_components":[{"__id__":114}],"_prefab":{"__type__":"cc.PrefabInfo","root":{"__id__":1},"asset":{"__uuid__":"238YX0jQVJIJ+OwDZSh2+W"},"fileId":"98ux1aaAVN5pFPUHeTBm4V"},"_contentSize":{"__type__":"cc.Size","height":25.2},"_trs":{"__type__":"TypedArray","ctor":"Float64Array","array":[304.939,0,0,0,0,0,1,1,1,1]}},{"__type__":"cc.Label","node":{"__id__":113},"_materials":[{"__uuid__":"ecpdLyjvZBwrvm+cedCcQy"}],"_useOriginalSize":false,"_fontSize":16,"_lineHeight":20,"_N$file":{"__uuid__":"6cdYiskGtJJYGqTveEBiCW"},"_isSystemFontUsed":false,"_N$horizontalAlign":1,"_N$verticalAlign":1},{"__type__":"cc.Node","_name":"status","_parent":{"__id__":99},"_children":[{"__id__":116}],"_components":[{"__id__":118}],"_prefab":{"__type__":"cc.PrefabInfo","root":{"__id__":1},"asset":{"__uuid__":"238YX0jQVJIJ+OwDZSh2+W"},"fileId":"baR7+ZjZZONY4vqJLlv2pK"},"_contentSize":{"__type__":"cc.Size","height":25.2},"_trs":{"__type__":"TypedArray","ctor":"Float64Array","array":[366.888,0,0,0,0,0,1,1,1,1]}},{"__type__":"cc.Node","_name":"status2","_parent":{"__id__":115},"_components":[{"__id__":117},{"__type__":"cc.Button","node":{"__id__":116},"clickEvents":[{"__type__":"cc.ClickEvent","target":{"__id__":99},"_componentId":"c0e40+vpTBJaoQCjyDSxXuW","handler":"returnReason"}]}],"_prefab":{"__type__":"cc.PrefabInfo","root":{"__id__":1},"asset":{"__uuid__":"238YX0jQVJIJ+OwDZSh2+W"},"fileId":"2evqZgS/5Gra9YO/j9h0+D"},"_color":{"__type__":"cc.Color","r":255},"_contentSize":{"__type__":"cc.Size","height":25.2},"_trs":{"__type__":"TypedArray","ctor":"Float64Array","array":[0,0,0,0,0,0,1,1,1,1]}},{"__type__":"cc.Label","node":{"__id__":116},"_materials":[{"__uuid__":"ecpdLyjvZBwrvm+cedCcQy"}],"_useOriginalSize":false,"_fontSize":16,"_lineHeight":20,"_N$file":{"__uuid__":"6cdYiskGtJJYGqTveEBiCW"},"_isSystemFontUsed":false,"_styleFlags":4,"_N$horizontalAlign":1,"_N$verticalAlign":1},{"__type__":"cc.Label","node":{"__id__":115},"_materials":[{"__uuid__":"ecpdLyjvZBwrvm+cedCcQy"}],"_useOriginalSize":false,"_fontSize":16,"_lineHeight":20,"_N$file":{"__uuid__":"6cdYiskGtJJYGqTveEBiCW"},"_isSystemFontUsed":false,"_N$horizontalAlign":1,"_N$verticalAlign":1},{"__type__":"cc.Node","_name":"recordItem","_parent":{"__id__":58},"_children":[{"__id__":120},{"__id__":121},{"__id__":123},{"__id__":125},{"__id__":127},{"__id__":129},{"__id__":131},{"__id__":133},{"__id__":135}],"_components":[{"__type__":"c0e40+vpTBJaoQCjyDSxXuW","node":{"__id__":119},"lineNumLab":{"__id__":122},"nameLab":{"__id__":124},"timeLab":{"__id__":128},"scoreLab":{"__id__":126},"bankNameLab":{"__id__":130},"bankNumLab":{"__id__":132},"bankPosLab":{"__id__":134},"statusLab":{"__id__":138},"statusLab2":{"__id__":137}}],"_prefab":{"__type__":"cc.PrefabInfo","root":{"__id__":1},"asset":{"__uuid__":"238YX0jQVJIJ+OwDZSh2+W"},"fileId":"234WaUIWhPqLKAq5624LPf"},"_contentSize":{"__type__":"cc.Size","width":946,"height":56},"_trs":{"__type__":"TypedArray","ctor":"Float64Array","array":[-83,-202,0,0,0,0,1,1,1,1]}},{"__type__":"cc.Node","_name":"bg","_parent":{"__id__":119},"_components":[{"__type__":"cc.Sprite","node":{"__id__":120},"_materials":[{"__uuid__":"ecpdLyjvZBwrvm+cedCcQy"}],"_spriteFrame":{"__uuid__":"f9BjRs4/NFz4J8t/aKywAJ"},"_type":1,"_sizeMode":0}],"_prefab":{"__type__":"cc.PrefabInfo","root":{"__id__":1},"asset":{"__uuid__":"238YX0jQVJIJ+OwDZSh2+W"},"fileId":"5frfYZtGpBCYXD8qFjobjj"},"_opacity":214,"_contentSize":{"__type__":"cc.Size","width":788.6,"height":56},"_trs":{"__type__":"TypedArray","ctor":"Float64Array","array":[78.7,0,0,0,0,0,1,1,1,1]}},{"__type__":"cc.Node","_name":"lineNumLab","_parent":{"__id__":119},"_components":[{"__id__":122}],"_prefab":{"__type__":"cc.PrefabInfo","root":{"__id__":1},"asset":{"__uuid__":"238YX0jQVJIJ+OwDZSh2+W"},"fileId":"f0HWNZW/FB2KtP84CblKjR"},"_contentSize":{"__type__":"cc.Size","height":25.2},"_trs":{"__type__":"TypedArray","ctor":"Float64Array","array":[-206.195,0,0,0,0,0,1,1,1,1]}},{"__type__":"cc.Label","node":{"__id__":121},"_materials":[{"__uuid__":"ecpdLyjvZBwrvm+cedCcQy"}],"_useOriginalSize":false,"_fontSize":16,"_lineHeight":20,"_N$file":{"__uuid__":"6cdYiskGtJJYGqTveEBiCW"},"_isSystemFontUsed":false,"_N$horizontalAlign":1,"_N$verticalAlign":1},{"__type__":"cc.Node","_name":"nameLab","_parent":{"__id__":119},"_active":false,"_components":[{"__id__":124}],"_prefab":{"__type__":"cc.PrefabInfo","root":{"__id__":1},"asset":{"__uuid__":"238YX0jQVJIJ+OwDZSh2+W"},"fileId":"9fD2ji3k9Fy6CONvsMV9Mn"},"_contentSize":{"__type__":"cc.Size","height":25.2},"_trs":{"__type__":"TypedArray","ctor":"Float64Array","array":[-158.495,0,0,0,0,0,1,1,1,1]}},{"__type__":"cc.Label","node":{"__id__":123},"_materials":[{"__uuid__":"ecpdLyjvZBwrvm+cedCcQy"}],"_useOriginalSize":false,"_fontSize":16,"_lineHeight":20,"_N$file":{"__uuid__":"6cdYiskGtJJYGqTveEBiCW"},"_isSystemFontUsed":false,"_N$horizontalAlign":1,"_N$verticalAlign":1},{"__type__":"cc.Node","_name":"scoreLab","_parent":{"__id__":119},"_components":[{"__id__":126}],"_prefab":{"__type__":"cc.PrefabInfo","root":{"__id__":1},"asset":{"__uuid__":"238YX0jQVJIJ+OwDZSh2+W"},"fileId":"181UK/kZVIcb/LLQDEs41Y"},"_contentSize":{"__type__":"cc.Size","height":25.2},"_trs":{"__type__":"TypedArray","ctor":"Float64Array","array":[-11.654,0,0,0,0,0,1,1,1,1]}},{"__type__":"cc.Label","node":{"__id__":125},"_materials":[{"__uuid__":"ecpdLyjvZBwrvm+cedCcQy"}],"_useOriginalSize":false,"_fontSize":16,"_lineHeight":20,"_N$file":{"__uuid__":"6cdYiskGtJJYGqTveEBiCW"},"_isSystemFontUsed":false,"_N$horizontalAlign":1,"_N$verticalAlign":1},{"__type__":"cc.Node","_name":"timeLab","_parent":{"__id__":119},"_components":[{"__id__":128}],"_prefab":{"__type__":"cc.PrefabInfo","root":{"__id__":1},"asset":{"__uuid__":"238YX0jQVJIJ+OwDZSh2+W"},"fileId":"13RYXVB+9GPaa3qyicwpHw"},"_contentSize":{"__type__":"cc.Size","height":25.2},"_trs":{"__type__":"TypedArray","ctor":"Float64Array","array":[189.12,0,0,0,0,0,1,1,1,1]}},{"__type__":"cc.Label","node":{"__id__":127},"_materials":[{"__uuid__":"ecpdLyjvZBwrvm+cedCcQy"}],"_useOriginalSize":false,"_fontSize":16,"_lineHeight":20,"_N$file":{"__uuid__":"6cdYiskGtJJYGqTveEBiCW"},"_isSystemFontUsed":false,"_N$horizontalAlign":1,"_N$verticalAlign":1},{"__type__":"cc.Node","_name":"bankName","_parent":{"__id__":119},"_active":false,"_components":[{"__id__":130}],"_prefab":{"__type__":"cc.PrefabInfo","root":{"__id__":1},"asset":{"__uuid__":"238YX0jQVJIJ+OwDZSh2+W"},"fileId":"17X3NcY5hIJqLsdC5/BH0H"},"_contentSize":{"__type__":"cc.Size","height":25.2},"_trs":{"__type__":"TypedArray","ctor":"Float64Array","array":[69.556,0,0,0,0,0,1,1,1,1]}},{"__type__":"cc.Label","node":{"__id__":129},"_materials":[{"__uuid__":"ecpdLyjvZBwrvm+cedCcQy"}],"_useOriginalSize":false,"_fontSize":16,"_lineHeight":20,"_N$file":{"__uuid__":"6cdYiskGtJJYGqTveEBiCW"},"_isSystemFontUsed":false,"_N$horizontalAlign":1,"_N$verticalAlign":1},{"__type__":"cc.Node","_name":"bankNum","_parent":{"__id__":119},"_active":false,"_components":[{"__id__":132}],"_prefab":{"__type__":"cc.PrefabInfo","root":{"__id__":1},"asset":{"__uuid__":"238YX0jQVJIJ+OwDZSh2+W"},"fileId":"d5LSzWst1FpLc7V4g7osG7"},"_contentSize":{"__type__":"cc.Size","height":25.2},"_trs":{"__type__":"TypedArray","ctor":"Float64Array","array":[185.743,0,0,0,0,0,1,1,1,1]}},{"__type__":"cc.Label","node":{"__id__":131},"_materials":[{"__uuid__":"ecpdLyjvZBwrvm+cedCcQy"}],"_useOriginalSize":false,"_fontSize":16,"_lineHeight":20,"_N$file":{"__uuid__":"6cdYiskGtJJYGqTveEBiCW"},"_isSystemFontUsed":false,"_N$horizontalAlign":1,"_N$verticalAlign":1},{"__type__":"cc.Node","_name":"bankPos","_parent":{"__id__":119},"_active":false,"_components":[{"__id__":134}],"_prefab":{"__type__":"cc.PrefabInfo","root":{"__id__":1},"asset":{"__uuid__":"238YX0jQVJIJ+OwDZSh2+W"},"fileId":"3aWuFOPKREO4Z7+R8rcseK"},"_contentSize":{"__type__":"cc.Size","height":25.2},"_trs":{"__type__":"TypedArray","ctor":"Float64Array","array":[304.939,0,0,0,0,0,1,1,1,1]}},{"__type__":"cc.Label","node":{"__id__":133},"_materials":[{"__uuid__":"ecpdLyjvZBwrvm+cedCcQy"}],"_useOriginalSize":false,"_fontSize":16,"_lineHeight":20,"_N$file":{"__uuid__":"6cdYiskGtJJYGqTveEBiCW"},"_isSystemFontUsed":false,"_N$horizontalAlign":1,"_N$verticalAlign":1},{"__type__":"cc.Node","_name":"status","_parent":{"__id__":119},"_children":[{"__id__":136}],"_components":[{"__id__":138}],"_prefab":{"__type__":"cc.PrefabInfo","root":{"__id__":1},"asset":{"__uuid__":"238YX0jQVJIJ+OwDZSh2+W"},"fileId":"ecCIHwnE9E4rwDlW4O4+Hj"},"_contentSize":{"__type__":"cc.Size","height":25.2},"_trs":{"__type__":"TypedArray","ctor":"Float64Array","array":[366.888,0,0,0,0,0,1,1,1,1]}},{"__type__":"cc.Node","_name":"status2","_parent":{"__id__":135},"_components":[{"__id__":137},{"__type__":"cc.Button","node":{"__id__":136},"clickEvents":[{"__type__":"cc.ClickEvent","target":{"__id__":119},"_componentId":"c0e40+vpTBJaoQCjyDSxXuW","handler":"returnReason"}]}],"_prefab":{"__type__":"cc.PrefabInfo","root":{"__id__":1},"asset":{"__uuid__":"238YX0jQVJIJ+OwDZSh2+W"},"fileId":"8344646llA7pLseogE3Qkf"},"_color":{"__type__":"cc.Color","r":255},"_contentSize":{"__type__":"cc.Size","height":25.2},"_trs":{"__type__":"TypedArray","ctor":"Float64Array","array":[0,0,0,0,0,0,1,1,1,1]}},{"__type__":"cc.Label","node":{"__id__":136},"_materials":[{"__uuid__":"ecpdLyjvZBwrvm+cedCcQy"}],"_useOriginalSize":false,"_fontSize":16,"_lineHeight":20,"_N$file":{"__uuid__":"6cdYiskGtJJYGqTveEBiCW"},"_isSystemFontUsed":false,"_styleFlags":4,"_N$horizontalAlign":1,"_N$verticalAlign":1},{"__type__":"cc.Label","node":{"__id__":135},"_materials":[{"__uuid__":"ecpdLyjvZBwrvm+cedCcQy"}],"_useOriginalSize":false,"_fontSize":16,"_lineHeight":20,"_N$file":{"__uuid__":"6cdYiskGtJJYGqTveEBiCW"},"_isSystemFontUsed":false,"_N$horizontalAlign":1,"_N$verticalAlign":1},{"__type__":"cc.Node","_name":"recordItem","_parent":{"__id__":58},"_children":[{"__id__":140},{"__id__":141},{"__id__":143},{"__id__":145},{"__id__":147},{"__id__":149},{"__id__":151},{"__id__":153},{"__id__":155}],"_components":[{"__type__":"c0e40+vpTBJaoQCjyDSxXuW","node":{"__id__":139},"lineNumLab":{"__id__":142},"nameLab":{"__id__":144},"timeLab":{"__id__":148},"scoreLab":{"__id__":146},"bankNameLab":{"__id__":150},"bankNumLab":{"__id__":152},"bankPosLab":{"__id__":154},"statusLab":{"__id__":158},"statusLab2":{"__id__":157}}],"_prefab":{"__type__":"cc.PrefabInfo","root":{"__id__":1},"asset":{"__uuid__":"238YX0jQVJIJ+OwDZSh2+W"},"fileId":"e17WpyObRMe4E1mCGNu8xj"},"_contentSize":{"__type__":"cc.Size","width":946,"height":56},"_trs":{"__type__":"TypedArray","ctor":"Float64Array","array":[-83,-260,0,0,0,0,1,1,1,1]}},{"__type__":"cc.Node","_name":"bg","_parent":{"__id__":139},"_components":[{"__type__":"cc.Sprite","node":{"__id__":140},"_materials":[{"__uuid__":"ecpdLyjvZBwrvm+cedCcQy"}],"_spriteFrame":{"__uuid__":"f9BjRs4/NFz4J8t/aKywAJ"},"_type":1,"_sizeMode":0}],"_prefab":{"__type__":"cc.PrefabInfo","root":{"__id__":1},"asset":{"__uuid__":"238YX0jQVJIJ+OwDZSh2+W"},"fileId":"0cFoVG7uhLMIlniyPi40XG"},"_opacity":214,"_contentSize":{"__type__":"cc.Size","width":788.6,"height":56},"_trs":{"__type__":"TypedArray","ctor":"Float64Array","array":[78.7,0,0,0,0,0,1,1,1,1]}},{"__type__":"cc.Node","_name":"lineNumLab","_parent":{"__id__":139},"_components":[{"__id__":142}],"_prefab":{"__type__":"cc.PrefabInfo","root":{"__id__":1},"asset":{"__uuid__":"238YX0jQVJIJ+OwDZSh2+W"},"fileId":"64GI5LfKxB875jBTW1vVsz"},"_contentSize":{"__type__":"cc.Size","height":25.2},"_trs":{"__type__":"TypedArray","ctor":"Float64Array","array":[-206.195,0,0,0,0,0,1,1,1,1]}},{"__type__":"cc.Label","node":{"__id__":141},"_materials":[{"__uuid__":"ecpdLyjvZBwrvm+cedCcQy"}],"_useOriginalSize":false,"_fontSize":16,"_lineHeight":20,"_N$file":{"__uuid__":"6cdYiskGtJJYGqTveEBiCW"},"_isSystemFontUsed":false,"_N$horizontalAlign":1,"_N$verticalAlign":1},{"__type__":"cc.Node","_name":"nameLab","_parent":{"__id__":139},"_active":false,"_components":[{"__id__":144}],"_prefab":{"__type__":"cc.PrefabInfo","root":{"__id__":1},"asset":{"__uuid__":"238YX0jQVJIJ+OwDZSh2+W"},"fileId":"30Gu1LK0ZITKhO4ir+oS09"},"_contentSize":{"__type__":"cc.Size","height":25.2},"_trs":{"__type__":"TypedArray","ctor":"Float64Array","array":[-158.495,0,0,0,0,0,1,1,1,1]}},{"__type__":"cc.Label","node":{"__id__":143},"_materials":[{"__uuid__":"ecpdLyjvZBwrvm+cedCcQy"}],"_useOriginalSize":false,"_fontSize":16,"_lineHeight":20,"_N$file":{"__uuid__":"6cdYiskGtJJYGqTveEBiCW"},"_isSystemFontUsed":false,"_N$horizontalAlign":1,"_N$verticalAlign":1},{"__type__":"cc.Node","_name":"scoreLab","_parent":{"__id__":139},"_components":[{"__id__":146}],"_prefab":{"__type__":"cc.PrefabInfo","root":{"__id__":1},"asset":{"__uuid__":"238YX0jQVJIJ+OwDZSh2+W"},"fileId":"ec3nu/LY1EX6gStGYxxnwg"},"_contentSize":{"__type__":"cc.Size","height":25.2},"_trs":{"__type__":"TypedArray","ctor":"Float64Array","array":[-11.654,0,0,0,0,0,1,1,1,1]}},{"__type__":"cc.Label","node":{"__id__":145},"_materials":[{"__uuid__":"ecpdLyjvZBwrvm+cedCcQy"}],"_useOriginalSize":false,"_fontSize":16,"_lineHeight":20,"_N$file":{"__uuid__":"6cdYiskGtJJYGqTveEBiCW"},"_isSystemFontUsed":false,"_N$horizontalAlign":1,"_N$verticalAlign":1},{"__type__":"cc.Node","_name":"timeLab","_parent":{"__id__":139},"_components":[{"__id__":148}],"_prefab":{"__type__":"cc.PrefabInfo","root":{"__id__":1},"asset":{"__uuid__":"238YX0jQVJIJ+OwDZSh2+W"},"fileId":"32cINcoDRAS65irMI8mzAi"},"_contentSize":{"__type__":"cc.Size","height":25.2},"_trs":{"__type__":"TypedArray","ctor":"Float64Array","array":[189.12,0,0,0,0,0,1,1,1,1]}},{"__type__":"cc.Label","node":{"__id__":147},"_materials":[{"__uuid__":"ecpdLyjvZBwrvm+cedCcQy"}],"_useOriginalSize":false,"_fontSize":16,"_lineHeight":20,"_N$file":{"__uuid__":"6cdYiskGtJJYGqTveEBiCW"},"_isSystemFontUsed":false,"_N$horizontalAlign":1,"_N$verticalAlign":1},{"__type__":"cc.Node","_name":"bankName","_parent":{"__id__":139},"_active":false,"_components":[{"__id__":150}],"_prefab":{"__type__":"cc.PrefabInfo","root":{"__id__":1},"asset":{"__uuid__":"238YX0jQVJIJ+OwDZSh2+W"},"fileId":"810jygo+1LoLfpZ8d9N/+Q"},"_contentSize":{"__type__":"cc.Size","height":25.2},"_trs":{"__type__":"TypedArray","ctor":"Float64Array","array":[69.556,0,0,0,0,0,1,1,1,1]}},{"__type__":"cc.Label","node":{"__id__":149},"_materials":[{"__uuid__":"ecpdLyjvZBwrvm+cedCcQy"}],"_useOriginalSize":false,"_fontSize":16,"_lineHeight":20,"_N$file":{"__uuid__":"6cdYiskGtJJYGqTveEBiCW"},"_isSystemFontUsed":false,"_N$horizontalAlign":1,"_N$verticalAlign":1},{"__type__":"cc.Node","_name":"bankNum","_parent":{"__id__":139},"_active":false,"_components":[{"__id__":152}],"_prefab":{"__type__":"cc.PrefabInfo","root":{"__id__":1},"asset":{"__uuid__":"238YX0jQVJIJ+OwDZSh2+W"},"fileId":"1djSH9CQVL47+tcDBCPqFl"},"_contentSize":{"__type__":"cc.Size","height":25.2},"_trs":{"__type__":"TypedArray","ctor":"Float64Array","array":[185.743,0,0,0,0,0,1,1,1,1]}},{"__type__":"cc.Label","node":{"__id__":151},"_materials":[{"__uuid__":"ecpdLyjvZBwrvm+cedCcQy"}],"_useOriginalSize":false,"_fontSize":16,"_lineHeight":20,"_N$file":{"__uuid__":"6cdYiskGtJJYGqTveEBiCW"},"_isSystemFontUsed":false,"_N$horizontalAlign":1,"_N$verticalAlign":1},{"__type__":"cc.Node","_name":"bankPos","_parent":{"__id__":139},"_active":false,"_components":[{"__id__":154}],"_prefab":{"__type__":"cc.PrefabInfo","root":{"__id__":1},"asset":{"__uuid__":"238YX0jQVJIJ+OwDZSh2+W"},"fileId":"e3swfCePpOLbTVa6gb98BO"},"_contentSize":{"__type__":"cc.Size","height":25.2},"_trs":{"__type__":"TypedArray","ctor":"Float64Array","array":[304.939,0,0,0,0,0,1,1,1,1]}},{"__type__":"cc.Label","node":{"__id__":153},"_materials":[{"__uuid__":"ecpdLyjvZBwrvm+cedCcQy"}],"_useOriginalSize":false,"_fontSize":16,"_lineHeight":20,"_N$file":{"__uuid__":"6cdYiskGtJJYGqTveEBiCW"},"_isSystemFontUsed":false,"_N$horizontalAlign":1,"_N$verticalAlign":1},{"__type__":"cc.Node","_name":"status","_parent":{"__id__":139},"_children":[{"__id__":156}],"_components":[{"__id__":158}],"_prefab":{"__type__":"cc.PrefabInfo","root":{"__id__":1},"asset":{"__uuid__":"238YX0jQVJIJ+OwDZSh2+W"},"fileId":"c9Kz20SkZEKJK6HKt9APU9"},"_contentSize":{"__type__":"cc.Size","height":25.2},"_trs":{"__type__":"TypedArray","ctor":"Float64Array","array":[366.888,0,0,0,0,0,1,1,1,1]}},{"__type__":"cc.Node","_name":"status2","_parent":{"__id__":155},"_components":[{"__id__":157},{"__type__":"cc.Button","node":{"__id__":156},"clickEvents":[{"__type__":"cc.ClickEvent","target":{"__id__":139},"_componentId":"c0e40+vpTBJaoQCjyDSxXuW","handler":"returnReason"}]}],"_prefab":{"__type__":"cc.PrefabInfo","root":{"__id__":1},"asset":{"__uuid__":"238YX0jQVJIJ+OwDZSh2+W"},"fileId":"0fUhgqT4BIPapt1/gN3hXx"},"_color":{"__type__":"cc.Color","r":255},"_contentSize":{"__type__":"cc.Size","height":25.2},"_trs":{"__type__":"TypedArray","ctor":"Float64Array","array":[0,0,0,0,0,0,1,1,1,1]}},{"__type__":"cc.Label","node":{"__id__":156},"_materials":[{"__uuid__":"ecpdLyjvZBwrvm+cedCcQy"}],"_useOriginalSize":false,"_fontSize":16,"_lineHeight":20,"_N$file":{"__uuid__":"6cdYiskGtJJYGqTveEBiCW"},"_isSystemFontUsed":false,"_styleFlags":4,"_N$horizontalAlign":1,"_N$verticalAlign":1},{"__type__":"cc.Label","node":{"__id__":155},"_materials":[{"__uuid__":"ecpdLyjvZBwrvm+cedCcQy"}],"_useOriginalSize":false,"_fontSize":16,"_lineHeight":20,"_N$file":{"__uuid__":"6cdYiskGtJJYGqTveEBiCW"},"_isSystemFontUsed":false,"_N$horizontalAlign":1,"_N$verticalAlign":1},{"__type__":"cc.Node","_name":"pagetBtnLayout","_parent":{"__id__":1},"_children":[{"__id__":160},{"__id__":161}],"_components":[{"__type__":"cc.Layout","node":{"__id__":159},"_layoutSize":{"__type__":"cc.Size","width":297,"height":50},"_resize":1,"_N$layoutType":1,"_N$spacingX":45},{"__type__":"cc.ToggleGroup","node":{"__id__":159},"_enabled":false}],"_prefab":{"__type__":"cc.PrefabInfo","root":{"__id__":1},"asset":{"__uuid__":"238YX0jQVJIJ+OwDZSh2+W"},"fileId":"b9QmM83FpO+5P8bYVXtQcm"},"_contentSize":{"__type__":"cc.Size","width":297,"height":50},"_trs":{"__type__":"TypedArray","ctor":"Float64Array","array":[307.858,-207.712,0,0,0,0,1,1,1,1]}},{"__type__":"cc.Node","_name":"lastPageBtn","_parent":{"__id__":159},"_components":[{"__type__":"cc.Sprite","node":{"__id__":160},"_materials":[{"__uuid__":"ecpdLyjvZBwrvm+cedCcQy"}],"_spriteFrame":{"__uuid__":"18Ev7oOz5CF65UlSS/jUnl"}},{"__type__":"cc.Button","node":{"__id__":160},"_normalMaterial":{"__uuid__":"ecpdLyjvZBwrvm+cedCcQy"},"clickEvents":[{"__type__":"cc.ClickEvent","target":{"__id__":1},"_componentId":"f7c275qiSNHGaE1IcJrcrfa","handler":"lastPage"}],"_N$transition":3,"transition":3}],"_prefab":{"__type__":"cc.PrefabInfo","root":{"__id__":1},"asset":{"__uuid__":"238YX0jQVJIJ+OwDZSh2+W"},"fileId":"efEnfR/6VCZLtXhQYY+YSs"},"_contentSize":{"__type__":"cc.Size","width":126,"height":49},"_trs":{"__type__":"TypedArray","ctor":"Float64Array","array":[-85.5,0.62,0,0,0,0,1,1,1,1]}},{"__type__":"cc.Node","_name":"nextPageBtn","_parent":{"__id__":159},"_children":[{"__id__":162}],"_components":[{"__type__":"cc.Sprite","node":{"__id__":161},"_materials":[{"__uuid__":"ecpdLyjvZBwrvm+cedCcQy"}],"_spriteFrame":{"__uuid__":"fceWhJvj9EfZAsLnlz76ju"},"_sizeMode":0},{"__type__":"cc.Button","node":{"__id__":161},"_normalMaterial":{"__uuid__":"ecpdLyjvZBwrvm+cedCcQy"},"clickEvents":[{"__type__":"cc.ClickEvent","target":{"__id__":1},"_componentId":"f7c275qiSNHGaE1IcJrcrfa","handler":"nextPage"}],"_N$transition":3,"transition":3}],"_prefab":{"__type__":"cc.PrefabInfo","root":{"__id__":1},"asset":{"__uuid__":"238YX0jQVJIJ+OwDZSh2+W"},"fileId":"e6287l+5tFcZysEkfZD7qK"},"_contentSize":{"__type__":"cc.Size","width":126,"height":49},"_trs":{"__type__":"TypedArray","ctor":"Float64Array","array":[85.5,2.064,0,0,0,0,1,1,1,1]}},{"__type__":"cc.Node","_name":"label","_parent":{"__id__":161},"_components":[{"__type__":"cc.Label","node":{"__id__":162},"_materials":[{"__uuid__":"ecpdLyjvZBwrvm+cedCcQy"}],"_useOriginalSize":false,"_string":"下 一 页","_N$string":"下 一 页","_fontSize":18,"_N$file":{"__uuid__":"6cdYiskGtJJYGqTveEBiCW"},"_isSystemFontUsed":false,"_N$horizontalAlign":1,"_N$verticalAlign":1}],"_prefab":{"__type__":"cc.PrefabInfo","root":{"__id__":1},"asset":{"__uuid__":"238YX0jQVJIJ+OwDZSh2+W"},"fileId":"7dFTjvYTRDvpoLqd+OqBTb"},"_contentSize":{"__type__":"cc.Size","width":65.99,"height":50.4},"_trs":{"__type__":"TypedArray","ctor":"Float64Array","array":[0,0,0,0,0,0,1,1,1,1]}}],{"__type__":"cc.SpriteFrame","content":{"name":"normal_tip_bg","texture":"cfCpKgTV5PO4J+8KRBAv+M","rect":[2,2,78,527],"offset":[0,0],"originalSize":[78,527],"capInsets":[26,0,24,0]}},{"__type__":"cc.SpriteFrame","content":{"name":"close_btn","texture":"cfCpKgTV5PO4J+8KRBAv+M","rect":[578,812,81,78],"offset":[0,0],"originalSize":[81,78],"rotated":1,"capInsets":[0,0,0,0]}},{"__type__":"cc.SpriteFrame","content":{"name":"chongzhijilu","texture":"cfCpKgTV5PO4J+8KRBAv+M","rect":[310,496,351,75],"offset":[0,0],"originalSize":[351,75],"rotated":1,"capInsets":[0,0,0,0]}},{"__type__":"cc.SpriteFrame","content":{"name":"record_bg","texture":"cfCpKgTV5PO4J+8KRBAv+M","rect":[335,990,30,26],"offset":[0,0],"originalSize":[30,26],"rotated":1,"capInsets":[8,0,8,0]}},{"__type__":"cc.SpriteFrame","content":{"name":"normal_btn_1","texture":"cfCpKgTV5PO4J+8KRBAv+M","rect":[2,884,138,53],"offset":[0,0],"originalSize":[138,53],"rotated":1,"capInsets":[39,0,50,0]}}]