[{"__type__":"cc.Prefab","_name":"UICenter","data":{"__id__":1}},{"__type__":"cc.Node","_name":"UICenter","_children":[{"__id__":2},{"__id__":3},{"__id__":4},{"__id__":5}],"_components":[{"__type__":"00f23vVDSFBm6fnF0BmWC44","node":{"__id__":1},"poolParent":{"__id__":2},"commonPanelNode":{"__id__":3},"guidePanelNode":{"__id__":4},"tipPanelNode":{"__id__":5}},{"__type__":"cc.Widget","node":{"__id__":1},"_alignFlags":45}],"_prefab":{"__type__":"cc.PrefabInfo","root":{"__id__":1},"asset":{"__uuid__":"a33K6DH2BEeZG4hwgbmEMN"},"fileId":"5c/bB0I51NAKJgLtuo7upJ"},"_contentSize":{"__type__":"cc.Size","width":640,"height":1136},"_trs":{"__type__":"TypedArray","ctor":"Float64Array","array":[320,568,0,0,0,0,1,1,1,1]},"_groupIndex":1,"groupIndex":1},{"__type__":"cc.Node","_name":"UIPool","_parent":{"__id__":1},"_active":false,"_prefab":{"__type__":"cc.PrefabInfo","root":{"__id__":1},"asset":{"__uuid__":"a33K6DH2BEeZG4hwgbmEMN"},"fileId":"f1lwMjCz9HQ45x4+/I+S52"},"_trs":{"__type__":"TypedArray","ctor":"Float64Array","array":[0,0,0,0,0,0,1,1,1,1]}},{"__type__":"cc.Node","_name":"CommonPanel","_parent":{"__id__":1},"_components":[{"__type__":"cc.Widget","node":{"__id__":3},"_alignFlags":45}],"_prefab":{"__type__":"cc.PrefabInfo","root":{"__id__":1},"asset":{"__uuid__":"a33K6DH2BEeZG4hwgbmEMN"},"fileId":"c7zHcJXaRMA6MyOinuJ0if"},"_contentSize":{"__type__":"cc.Size","width":640,"height":1136},"_trs":{"__type__":"TypedArray","ctor":"Float64Array","array":[0,0,0,0,0,0,1,1,1,1]}},{"__type__":"cc.Node","_name":"GuidePanel","_parent":{"__id__":1},"_components":[{"__type__":"cc.Widget","node":{"__id__":4},"_alignFlags":45}],"_prefab":{"__type__":"cc.PrefabInfo","root":{"__id__":1},"asset":{"__uuid__":"a33K6DH2BEeZG4hwgbmEMN"},"fileId":"73qZ5QF/9DYYYCF5rRUFYQ"},"_contentSize":{"__type__":"cc.Size","width":640,"height":1136},"_trs":{"__type__":"TypedArray","ctor":"Float64Array","array":[0,0,0,0,0,0,1,1,1,1]}},{"__type__":"cc.Node","_name":"TipPanel","_parent":{"__id__":1},"_components":[{"__type__":"cc.Widget","node":{"__id__":5},"_alignFlags":45}],"_prefab":{"__type__":"cc.PrefabInfo","root":{"__id__":1},"asset":{"__uuid__":"a33K6DH2BEeZG4hwgbmEMN"},"fileId":"bfTz3H1vZNOoN4D2PTTLKm"},"_contentSize":{"__type__":"cc.Size","width":640,"height":1136},"_trs":{"__type__":"TypedArray","ctor":"Float64Array","array":[0,0,0,0,0,0,1,1,1,1]}}]