[{"__type__":"cc.SpriteFrame","content":{"name":"login_tip_bg","texture":"ebmdEg3GZG5bu83hkMIeDJ","rect":[2,2,69,432],"offset":[0,0],"originalSize":[69,432],"capInsets":[20,0,20,0]}},[{"__type__":"cc.Prefab","_name":"MemberLoginView","data":{"__id__":1}},{"__type__":"cc.Node","_name":"MemberLoginView","_children":[{"__id__":2},{"__id__":3},{"__id__":11},{"__id__":19},{"__id__":20},{"__id__":21},{"__id__":22},{"__id__":23},{"__id__":24},{"__id__":25}],"_components":[{"__type__":"814799d3yNFmaEt3wZlnekh","node":{"__id__":1},"isMaskToExit":true,"accountInput":{"__id__":10},"passwordInput":{"__id__":18},"checkBox":{"__id__":29}},{"__type__":"cc.Widget","node":{"__id__":1},"_alignFlags":45}],"_prefab":{"__type__":"cc.PrefabInfo","root":{"__id__":1},"asset":{"__uuid__":"2eMKPyqkBCGq1X1vN/dr7k"},"fileId":"c2RGSINnxBlLB5Fx+inCHS"},"_contentSize":{"__type__":"cc.Size","width":1136,"height":640},"_trs":{"__type__":"TypedArray","ctor":"Float64Array","array":[568,320,0,0,0,0,1,1,1,1]}},{"__type__":"cc.Node","_name":"bg","_parent":{"__id__":1},"_components":[{"__type__":"cc.Sprite","node":{"__id__":2},"_materials":[{"__uuid__":"ecpdLyjvZBwrvm+cedCcQy"}],"_spriteFrame":{"__uuid__":"20FVgdK5NKsIYJNTlRrc3L"},"_type":1,"_sizeMode":0},{"__type__":"cc.Button","node":{"__id__":2}}],"_prefab":{"__type__":"cc.PrefabInfo","root":{"__id__":1},"asset":{"__uuid__":"2eMKPyqkBCGq1X1vN/dr7k"},"fileId":"181vkpRzRHKJ9EVHHR+Zz9"},"_contentSize":{"__type__":"cc.Size","width":598.7,"height":432.5},"_trs":{"__type__":"TypedArray","ctor":"Float64Array","array":[2.4,-2.9,0,0,0,0,1,1,1,1]}},{"__type__":"cc.Node","_name":"userNameInput","_parent":{"__id__":1},"_children":[{"__id__":4},{"__id__":6},{"__id__":8}],"_components":[{"__id__":10}],"_prefab":{"__type__":"cc.PrefabInfo","root":{"__id__":1},"asset":{"__uuid__":"2eMKPyqkBCGq1X1vN/dr7k"},"fileId":"af+UmAq4pLyJB39ZWN8WXc"},"_contentSize":{"__type__":"cc.Size","width":357.5,"height":42.3},"_trs":{"__type__":"TypedArray","ctor":"Float64Array","array":[8.3,53.4,0,0,0,0,1,1,1,1]}},{"__type__":"cc.Node","_name":"BACKGROUND_SPRITE","_parent":{"__id__":3},"_components":[{"__id__":5},{"__type__":"cc.Widget","node":{"__id__":4},"alignMode":0,"_alignFlags":45,"_originalWidth":160,"_originalHeight":40}],"_prefab":{"__type__":"cc.PrefabInfo","root":{"__id__":1},"asset":{"__uuid__":"2eMKPyqkBCGq1X1vN/dr7k"},"fileId":"d8BeXcXztEgoYek0iCXYTC"},"_contentSize":{"__type__":"cc.Size","width":357.5,"height":42.3},"_trs":{"__type__":"TypedArray","ctor":"Float64Array","array":[0,0,0,0,0,0,1,1,1,1]}},{"__type__":"cc.Sprite","node":{"__id__":4},"_materials":[{"__uuid__":"ecpdLyjvZBwrvm+cedCcQy"}],"_spriteFrame":{"__uuid__":"daDzL0nYlOS4UAyvxLVeek"},"_type":1,"_sizeMode":0},{"__type__":"cc.Node","_name":"TEXT_LABEL","_parent":{"__id__":3},"_active":false,"_components":[{"__id__":7},{"__type__":"cc.Widget","node":{"__id__":6},"alignMode":0,"_alignFlags":45,"_left":2,"_originalWidth":158,"_originalHeight":40}],"_prefab":{"__type__":"cc.PrefabInfo","root":{"__id__":1},"asset":{"__uuid__":"2eMKPyqkBCGq1X1vN/dr7k"},"fileId":"a6g8Kd3O9MTIayK5AcDDUz"},"_contentSize":{"__type__":"cc.Size","width":383,"height":59},"_anchorPoint":{"__type__":"cc.Vec2","y":1},"_trs":{"__type__":"TypedArray","ctor":"Float64Array","array":[-190,30,0,0,0,0,1,1,1,1]}},{"__type__":"cc.Label","node":{"__id__":6},"_fontSize":20,"_lineHeight":25,"_enableWrapText":false,"_N$verticalAlign":1,"_N$overflow":1},{"__type__":"cc.Node","_name":"PLACEHOLDER_LABEL","_parent":{"__id__":3},"_components":[{"__id__":9},{"__type__":"cc.Widget","node":{"__id__":8},"alignMode":0,"_alignFlags":45,"_left":2,"_originalWidth":158,"_originalHeight":40}],"_prefab":{"__type__":"cc.PrefabInfo","root":{"__id__":1},"asset":{"__uuid__":"2eMKPyqkBCGq1X1vN/dr7k"},"fileId":"fc0oQ8xzJBR7TEaw+HLdas"},"_contentSize":{"__type__":"cc.Size","width":355.5,"height":42.3},"_anchorPoint":{"__type__":"cc.Vec2","y":1},"_trs":{"__type__":"TypedArray","ctor":"Float64Array","array":[-176.75,21.15,0,0,0,0,1,1,1,1]}},{"__type__":"cc.Label","node":{"__id__":8},"_materials":[{"__uuid__":"ecpdLyjvZBwrvm+cedCcQy"}],"_string":"  输入手机号","_N$string":"  输入手机号","_fontSize":20,"_lineHeight":25,"_enableWrapText":false,"_N$file":{"__uuid__":"6cdYiskGtJJYGqTveEBiCW"},"_isSystemFontUsed":false,"_N$verticalAlign":1,"_N$overflow":1},{"__type__":"cc.EditBox","node":{"__id__":3},"_useOriginalSize":false,"maxLength":11,"_N$textLabel":{"__id__":7},"_N$placeholderLabel":{"__id__":9},"_N$background":{"__id__":5},"_N$inputFlag":4,"_N$inputMode":3},{"__type__":"cc.Node","_name":"passwordInput","_parent":{"__id__":1},"_children":[{"__id__":12},{"__id__":14},{"__id__":16}],"_components":[{"__id__":18}],"_prefab":{"__type__":"cc.PrefabInfo","root":{"__id__":1},"asset":{"__uuid__":"2eMKPyqkBCGq1X1vN/dr7k"},"fileId":"46Rx9Z/vhIRb6G6G+ztW3z"},"_contentSize":{"__type__":"cc.Size","width":355.6,"height":45.4},"_trs":{"__type__":"TypedArray","ctor":"Float64Array","array":[8.7,-46.2,0,0,0,0,1,1,1,1]}},{"__type__":"cc.Node","_name":"BACKGROUND_SPRITE","_parent":{"__id__":11},"_components":[{"__id__":13},{"__type__":"cc.Widget","node":{"__id__":12},"alignMode":0,"_alignFlags":45,"_originalWidth":160,"_originalHeight":40}],"_prefab":{"__type__":"cc.PrefabInfo","root":{"__id__":1},"asset":{"__uuid__":"2eMKPyqkBCGq1X1vN/dr7k"},"fileId":"5bDh+muTtPh7KgNKbUMmUJ"},"_contentSize":{"__type__":"cc.Size","width":355.6,"height":45.4},"_trs":{"__type__":"TypedArray","ctor":"Float64Array","array":[0,0,0,0,0,0,1,1,1,1]}},{"__type__":"cc.Sprite","node":{"__id__":12},"_materials":[{"__uuid__":"ecpdLyjvZBwrvm+cedCcQy"}],"_spriteFrame":{"__uuid__":"daDzL0nYlOS4UAyvxLVeek"},"_type":1,"_sizeMode":0},{"__type__":"cc.Node","_name":"TEXT_LABEL","_parent":{"__id__":11},"_active":false,"_components":[{"__id__":15},{"__type__":"cc.Widget","node":{"__id__":14},"alignMode":0,"_alignFlags":45,"_left":2,"_originalWidth":158,"_originalHeight":40}],"_prefab":{"__type__":"cc.PrefabInfo","root":{"__id__":1},"asset":{"__uuid__":"2eMKPyqkBCGq1X1vN/dr7k"},"fileId":"59cXkk9yhMMandfnhfIqFF"},"_contentSize":{"__type__":"cc.Size","width":383,"height":59},"_anchorPoint":{"__type__":"cc.Vec2","y":1},"_trs":{"__type__":"TypedArray","ctor":"Float64Array","array":[-190,30,0,0,0,0,1,1,1,1]}},{"__type__":"cc.Label","node":{"__id__":14},"_fontSize":20,"_lineHeight":25,"_enableWrapText":false,"_N$verticalAlign":1,"_N$overflow":1},{"__type__":"cc.Node","_name":"PLACEHOLDER_LABEL","_parent":{"__id__":11},"_components":[{"__id__":17},{"__type__":"cc.Widget","node":{"__id__":16},"alignMode":0,"_alignFlags":45,"_left":2,"_originalWidth":158,"_originalHeight":40}],"_prefab":{"__type__":"cc.PrefabInfo","root":{"__id__":1},"asset":{"__uuid__":"2eMKPyqkBCGq1X1vN/dr7k"},"fileId":"0bhhuvqCBIWIyKzVb8Wob/"},"_contentSize":{"__type__":"cc.Size","width":353.6,"height":45.4},"_anchorPoint":{"__type__":"cc.Vec2","y":1},"_trs":{"__type__":"TypedArray","ctor":"Float64Array","array":[-175.8,22.7,0,0,0,0,1,1,1,1]}},{"__type__":"cc.Label","node":{"__id__":16},"_materials":[{"__uuid__":"ecpdLyjvZBwrvm+cedCcQy"}],"_string":"  输入密码","_N$string":"  输入密码","_fontSize":20,"_lineHeight":25,"_enableWrapText":false,"_N$file":{"__uuid__":"6cdYiskGtJJYGqTveEBiCW"},"_isSystemFontUsed":false,"_N$verticalAlign":1,"_N$overflow":1},{"__type__":"cc.EditBox","node":{"__id__":11},"_useOriginalSize":false,"maxLength":-0.1,"_N$textLabel":{"__id__":15},"_N$placeholderLabel":{"__id__":17},"_N$background":{"__id__":13},"_N$inputFlag":0,"_N$inputMode":3},{"__type__":"cc.Node","_name":"title","_parent":{"__id__":1},"_components":[{"__type__":"cc.Sprite","node":{"__id__":19},"_materials":[{"__uuid__":"ecpdLyjvZBwrvm+cedCcQy"}],"_spriteFrame":{"__uuid__":"e7rpEvU9hMza2OYXOLXcrx"}}],"_prefab":{"__type__":"cc.PrefabInfo","root":{"__id__":1},"asset":{"__uuid__":"2eMKPyqkBCGq1X1vN/dr7k"},"fileId":"0eJAwDgwdEtppjGyh/syxa"},"_contentSize":{"__type__":"cc.Size","width":351,"height":75},"_trs":{"__type__":"TypedArray","ctor":"Float64Array","array":[1.336,176.527,0,0,0,0,1,1,1,1]}},{"__type__":"cc.Node","_name":"login_btn","_parent":{"__id__":1},"_components":[{"__type__":"cc.Sprite","node":{"__id__":20},"_materials":[{"__uuid__":"ecpdLyjvZBwrvm+cedCcQy"}],"_spriteFrame":{"__uuid__":"a4PxvG4dNMJKbK7/3XMMcq"}},{"__type__":"cc.Button","node":{"__id__":20},"clickEvents":[{"__type__":"cc.ClickEvent","target":{"__id__":1},"_componentId":"814799d3yNFmaEt3wZlnekh","handler":"onLogin"}],"_N$transition":3,"transition":3}],"_prefab":{"__type__":"cc.PrefabInfo","root":{"__id__":1},"asset":{"__uuid__":"2eMKPyqkBCGq1X1vN/dr7k"},"fileId":"0duuzBy2BFYpTGLSOSp67p"},"_contentSize":{"__type__":"cc.Size","width":163,"height":54},"_trs":{"__type__":"TypedArray","ctor":"Float64Array","array":[0,-159.511,0,0,0,0,1,1,1,1]}},{"__type__":"cc.Node","_name":"exitBtn","_parent":{"__id__":1},"_components":[{"__type__":"cc.Sprite","node":{"__id__":21},"_materials":[{"__uuid__":"ecpdLyjvZBwrvm+cedCcQy"}],"_spriteFrame":{"__uuid__":"c6D01mhoNBoZ0RPnMByWJX"},"_sizeMode":0},{"__type__":"cc.Button","node":{"__id__":21},"clickEvents":[{"__type__":"cc.ClickEvent","target":{"__id__":1},"_componentId":"814799d3yNFmaEt3wZlnekh","handler":"closePanel"}]}],"_prefab":{"__type__":"cc.PrefabInfo","root":{"__id__":1},"asset":{"__uuid__":"2eMKPyqkBCGq1X1vN/dr7k"},"fileId":"b9gCK900dARoIu+BfBCJJv"},"_contentSize":{"__type__":"cc.Size","width":100,"height":100},"_trs":{"__type__":"TypedArray","ctor":"Float64Array","array":[303.178,175.504,0,0,0,0,1,0.8,0.8,1]}},{"__type__":"cc.Node","_name":"accountLab","_parent":{"__id__":1},"_components":[{"__type__":"cc.Label","node":{"__id__":22},"_materials":[{"__uuid__":"ecpdLyjvZBwrvm+cedCcQy"}],"_useOriginalSize":false,"_string":"账号","_N$string":"账号","_fontSize":22,"_lineHeight":22,"_N$file":{"__uuid__":"6cdYiskGtJJYGqTveEBiCW"},"_isSystemFontUsed":false,"_N$horizontalAlign":1,"_N$verticalAlign":1}],"_prefab":{"__type__":"cc.PrefabInfo","root":{"__id__":1},"asset":{"__uuid__":"2eMKPyqkBCGq1X1vN/dr7k"},"fileId":"bbbhCuTwhERbddbMKKfwfe"},"_color":{"__type__":"cc.Color","r":251,"g":244,"b":207},"_contentSize":{"__type__":"cc.Size","width":44,"height":27.72},"_trs":{"__type__":"TypedArray","ctor":"Float64Array","array":[-146.788,100.487,0,0,0,0,1,1,1,1]}},{"__type__":"cc.Node","_name":"passwordLab","_parent":{"__id__":1},"_components":[{"__type__":"cc.Label","node":{"__id__":23},"_materials":[{"__uuid__":"ecpdLyjvZBwrvm+cedCcQy"}],"_useOriginalSize":false,"_string":"密码","_N$string":"密码","_fontSize":22,"_lineHeight":22,"_N$file":{"__uuid__":"6cdYiskGtJJYGqTveEBiCW"},"_isSystemFontUsed":false,"_N$horizontalAlign":1,"_N$verticalAlign":1}],"_prefab":{"__type__":"cc.PrefabInfo","root":{"__id__":1},"asset":{"__uuid__":"2eMKPyqkBCGq1X1vN/dr7k"},"fileId":"63bc4/rMRKYrwbjxeDwEOP"},"_color":{"__type__":"cc.Color","r":251,"g":244,"b":207},"_contentSize":{"__type__":"cc.Size","width":44,"height":27.72},"_trs":{"__type__":"TypedArray","ctor":"Float64Array","array":[-146.788,1.556,0,0,0,0,1,1,1,1]}},{"__type__":"cc.Node","_name":"forgetLab","_parent":{"__id__":1},"_components":[{"__type__":"cc.Label","node":{"__id__":24},"_materials":[{"__uuid__":"ecpdLyjvZBwrvm+cedCcQy"}],"_useOriginalSize":false,"_string":"记住密码","_N$string":"记住密码","_fontSize":16,"_lineHeight":22,"_N$file":{"__uuid__":"6cdYiskGtJJYGqTveEBiCW"},"_isSystemFontUsed":false,"_N$horizontalAlign":1,"_N$verticalAlign":1},{"__type__":"cc.Button","node":{"__id__":24}}],"_prefab":{"__type__":"cc.PrefabInfo","root":{"__id__":1},"asset":{"__uuid__":"2eMKPyqkBCGq1X1vN/dr7k"},"fileId":"4d3n6UlatHFY+MknOSp4Vy"},"_color":{"__type__":"cc.Color","r":251,"g":244,"b":207},"_contentSize":{"__type__":"cc.Size","width":64,"height":27.72},"_trs":{"__type__":"TypedArray","ctor":"Float64Array","array":[146.144,-93.289,0,0,0,0,1,1,1,1]}},{"__type__":"cc.Node","_name":"checkBox","_parent":{"__id__":1},"_children":[{"__id__":26},{"__id__":27}],"_components":[{"__id__":29}],"_prefab":{"__type__":"cc.PrefabInfo","root":{"__id__":1},"asset":{"__uuid__":"2eMKPyqkBCGq1X1vN/dr7k"},"fileId":"a85V4H3p9H+JcKkwjvKSio"},"_contentSize":{"__type__":"cc.Size","width":28,"height":28},"_trs":{"__type__":"TypedArray","ctor":"Float64Array","array":[95,-95,0,0,0,0,1,1,1,1]}},{"__type__":"cc.Node","_name":"Background","_parent":{"__id__":25},"_components":[{"__type__":"cc.Sprite","node":{"__id__":26},"_materials":[{"__uuid__":"ecpdLyjvZBwrvm+cedCcQy"}],"_spriteFrame":{"__uuid__":"68J8oyAQdFUrqy37MXmbtE"}}],"_prefab":{"__type__":"cc.PrefabInfo","root":{"__id__":1},"asset":{"__uuid__":"2eMKPyqkBCGq1X1vN/dr7k"},"fileId":"b1bQUMFBlHZJetf5Xtxiq7"},"_contentSize":{"__type__":"cc.Size","width":28,"height":28},"_trs":{"__type__":"TypedArray","ctor":"Float64Array","array":[0,0,0,0,0,0,1,1,1,1]}},{"__type__":"cc.Node","_name":"checkmark","_parent":{"__id__":25},"_components":[{"__id__":28}],"_prefab":{"__type__":"cc.PrefabInfo","root":{"__id__":1},"asset":{"__uuid__":"2eMKPyqkBCGq1X1vN/dr7k"},"fileId":"71aIB/Xx9K07xsmr0aPrg5"},"_contentSize":{"__type__":"cc.Size","width":28,"height":28},"_trs":{"__type__":"TypedArray","ctor":"Float64Array","array":[0,0,0,0,0,0,1,1,1,1]}},{"__type__":"cc.Sprite","node":{"__id__":27},"_materials":[{"__uuid__":"ecpdLyjvZBwrvm+cedCcQy"}],"_spriteFrame":{"__uuid__":"90AErWL21A4ZPvtxQ3XG8G"},"_sizeMode":2,"_isTrimmedMode":false},{"__type__":"cc.Toggle","node":{"__id__":25},"_N$transition":3,"transition":3,"_N$normalColor":{"__type__":"cc.Color","r":214,"g":214,"b":214},"_N$target":{"__id__":26},"checkMark":{"__id__":28}}],{"__type__":"cc.SpriteFrame","content":{"name":"default_toggle_normal","texture":"d2kHe6FidKcpV5e1aiNTQM","rect":[0,0,28,28],"offset":[0,0],"originalSize":[28,28],"capInsets":[0,0,0,0]}},{"__type__":"cc.SpriteFrame","content":{"name":"default_toggle_checkmark","texture":"73oJA92A5OPKpn+ZlUPAj1","rect":[4,5,20,18],"offset":[0,0],"originalSize":[28,28],"capInsets":[0,0,0,0]}},{"__type__":"cc.SpriteFrame","content":{"name":"loginBtn","texture":"ebmdEg3GZG5bu83hkMIeDJ","rect":[306,2,163,54],"offset":[0,0],"originalSize":[163,54],"capInsets":[0,0,0,0]}},{"__type__":"cc.SpriteFrame","content":{"name":"close_btn","texture":"ebmdEg3GZG5bu83hkMIeDJ","rect":[306,217,81,78],"offset":[0,0],"originalSize":[81,78],"capInsets":[0,0,0,0]}},{"__type__":"cc.SpriteFrame","content":{"name":"input_bg","texture":"ebmdEg3GZG5bu83hkMIeDJ","rect":[73,411,14,13],"offset":[0,0],"originalSize":[14,13],"rotated":1,"capInsets":[4,0,4,0]}},{"__type__":"cc.SpriteFrame","content":{"name":"member_login_title","texture":"ebmdEg3GZG5bu83hkMIeDJ","rect":[150,58,351,75],"offset":[0,0],"originalSize":[351,75],"capInsets":[0,0,0,0]}}]