[{"__type__":"cc.SpriteFrame","content":{"name":"303","texture":"92N0JFrPxPEpFfKQj0SeW+","rect":[160,470,77,115],"offset":[0,0],"originalSize":[77,115],"capInsets":[0,0,0,0]}},{"__type__":"cc.SpriteFrame","content":{"name":"410","texture":"92N0JFrPxPEpFfKQj0SeW+","rect":[2,236,77,115],"offset":[0,0],"originalSize":[77,115],"capInsets":[0,0,0,0]}},{"__type__":"cc.SpriteFrame","content":{"name":"306","texture":"92N0JFrPxPEpFfKQj0SeW+","rect":[397,2,77,115],"offset":[0,0],"originalSize":[77,115],"capInsets":[0,0,0,0]}},{"__type__":"cc.SpriteFrame","content":{"name":"211","texture":"92N0JFrPxPEpFfKQj0SeW+","rect":[81,704,77,115],"offset":[0,0],"originalSize":[77,115],"capInsets":[0,0,0,0]}},{"__type__":"cc.SpriteFrame","content":{"name":"308","texture":"92N0JFrPxPEpFfKQj0SeW+","rect":[239,236,77,115],"offset":[0,0],"originalSize":[77,115],"capInsets":[0,0,0,0]}},{"__type__":"cc.SpriteFrame","content":{"name":"405","texture":"92N0JFrPxPEpFfKQj0SeW+","rect":[160,119,77,115],"offset":[0,0],"originalSize":[77,115],"capInsets":[0,0,0,0]}},{"__type__":"cc.SpriteFrame","content":{"name":"408","texture":"92N0JFrPxPEpFfKQj0SeW+","rect":[160,2,77,115],"offset":[0,0],"originalSize":[77,115],"capInsets":[0,0,0,0]}},{"__type__":"cc.SpriteFrame","content":{"name":"402","texture":"92N0JFrPxPEpFfKQj0SeW+","rect":[81,353,77,115],"offset":[0,0],"originalSize":[77,115],"capInsets":[0,0,0,0]}},{"__type__":"cc.SpriteFrame","content":{"name":"203","texture":"92N0JFrPxPEpFfKQj0SeW+","rect":[239,587,77,115],"offset":[0,0],"originalSize":[77,115],"capInsets":[0,0,0,0]}},{"__type__":"cc.SpriteFrame","content":{"name":"204","texture":"92N0JFrPxPEpFfKQj0SeW+","rect":[160,704,77,115],"offset":[0,0],"originalSize":[77,115],"capInsets":[0,0,0,0]}},{"__type__":"cc.SpriteFrame","content":{"name":"209","texture":"92N0JFrPxPEpFfKQj0SeW+","rect":[239,470,77,115],"offset":[0,0],"originalSize":[77,115],"capInsets":[0,0,0,0]}},{"__type__":"cc.SpriteAtlas","_name":"poke_ui.plist","_spriteFrames":{"101":{"__uuid__":"b4U3GfiYNLH5jqrlInYEUf"},"102":{"__uuid__":"d3m27rjWpM0ILwdp6dBgZp"},"103":{"__uuid__":"8fqoftIStNj5jtdTWGzSig"},"104":{"__uuid__":"d1rc7+uiZO4pNcU3MT0Ek3"},"105":{"__uuid__":"83M8Ea571ASZoBlOAebFOV"},"106":{"__uuid__":"5ax9KWC2dCwJ5BJEXIlXkM"},"107":{"__uuid__":"b6GWVz7TBOoZYaCOhRE6AC"},"108":{"__uuid__":"e18ClM+QFJB4gsCqfUPXtp"},"109":{"__uuid__":"b9rCQJNHNEUo4RtKOW9G+I"},"110":{"__uuid__":"62VWsW2o9HjbtyaRy6p6z9"},"111":{"__uuid__":"cdwjE9CHNHe4wcLRLj87EH"},"112":{"__uuid__":"b21Ux612pLHrnN2vMIUGEG"},"113":{"__uuid__":"8dbdFpBppOCofF0hnrcU6N"},"201":{"__uuid__":"5cStQ0LxNMgrL7VauT9hBt"},"202":{"__uuid__":"606H5ykDJN1pUHPS5XBzxL"},"203":{"__uuid__":"4c/bj4gaBHPo+F8TKtJd3j"},"204":{"__uuid__":"4ee0eI+kFNTpPtnum1Lu+3"},"205":{"__uuid__":"f5j+xgN8NFWZ+O1nZAap4S"},"206":{"__uuid__":"e0VW0ll/xByZiV0o5HGQrC"},"207":{"__uuid__":"80JVxMD5ZEmYWofDg3R+/p"},"208":{"__uuid__":"81q9e+AS1CAJoJdQg9K2J2"},"209":{"__uuid__":"53Ma5Qsg1G1bANObPd8eQF"},"210":{"__uuid__":"b0Da3agydFtrqo5oiTgX25"},"211":{"__uuid__":"18YMabdVROC6Y/DjUSVcXV"},"212":{"__uuid__":"71lZwp54dH0awVTlhr8Sru"},"213":{"__uuid__":"74Es5cRl5DAbvQAXrElNVF"},"301":{"__uuid__":"f4uMe1cvdM5JTZ3C9ffAT9"},"302":{"__uuid__":"b0cZzAwztNZITZr2UBp6KL"},"303":{"__uuid__":"02CBQPQTtFIrmKZaVEeKUq"},"304":{"__uuid__":"bcTdvVaGREJo91qNZ8QoZy"},"305":{"__uuid__":"c5WruBQetEfamH8GF3PQZV"},"306":{"__uuid__":"06nEyrzddFyK44a7lhdTp1"},"307":{"__uuid__":"5bp9vbfTxOyLfmSW1a9hFy"},"308":{"__uuid__":"19c+HNOUtFELh7LRJMqLUL"},"309":{"__uuid__":"54uMlAC+pCTK3SPxToG6od"},"310":{"__uuid__":"59nf2cwcNPI4Os4LbYodCP"},"311":{"__uuid__":"b3ZIkGuHlPXLI7faswYapj"},"312":{"__uuid__":"b0nO+nSihLwI872z4JW1RV"},"313":{"__uuid__":"96UP5vNvRNp61++fdFCQ7J"},"401":{"__uuid__":"f4+t3JF9JDuqE0+upqrZ4Z"},"402":{"__uuid__":"39JD5YHQpHIJzj6ZZnmEzJ"},"403":{"__uuid__":"5fgzac4+5E0rWKDlKBzmG6"},"404":{"__uuid__":"d5uIXBmEFL3rwd51GLm9Ch"},"405":{"__uuid__":"236SqjFmNAuLX+OjIbQgOM"},"406":{"__uuid__":"ebLsYX2yBF6o4E8ow6WGQY"},"407":{"__uuid__":"d7l/mhbAlK8aw0nZpgfodP"},"408":{"__uuid__":"2a7sCyslVCHpi5EXFCYt/M"},"409":{"__uuid__":"a4OoXIGdxN8oS3ruOf9zRw"},"410":{"__uuid__":"05YE/uv7dES4k4KfAHFxER"},"411":{"__uuid__":"b8t0Uwl+5JS7Rv44VMSyT3"},"412":{"__uuid__":"c2Tn6NLypLk5UfqWnC4XTC"},"413":{"__uuid__":"63uoJHhYFKyLXQ0or0Bx3B"}}},{"__type__":"cc.SpriteFrame","content":{"name":"309","texture":"92N0JFrPxPEpFfKQj0SeW+","rect":[160,353,77,115],"offset":[0,0],"originalSize":[77,115],"capInsets":[0,0,0,0]}},{"__type__":"cc.SpriteFrame","content":{"name":"310","texture":"92N0JFrPxPEpFfKQj0SeW+","rect":[81,470,77,115],"offset":[0,0],"originalSize":[77,115],"capInsets":[0,0,0,0]}},{"__type__":"cc.SpriteFrame","content":{"name":"106","texture":"92N0JFrPxPEpFfKQj0SeW+","rect":[397,587,77,115],"offset":[0,0],"originalSize":[77,115],"capInsets":[0,0,0,0]}},{"__type__":"cc.SpriteFrame","content":{"name":"307","texture":"92N0JFrPxPEpFfKQj0SeW+","rect":[318,119,77,115],"offset":[0,0],"originalSize":[77,115],"capInsets":[0,0,0,0]}},{"__type__":"cc.SpriteFrame","content":{"name":"201","texture":"92N0JFrPxPEpFfKQj0SeW+","rect":[397,353,77,115],"offset":[0,0],"originalSize":[77,115],"capInsets":[0,0,0,0]}},{"__type__":"cc.SpriteFrame","content":{"name":"403","texture":"92N0JFrPxPEpFfKQj0SeW+","rect":[2,470,77,115],"offset":[0,0],"originalSize":[77,115],"capInsets":[0,0,0,0]}},{"__type__":"cc.SpriteFrame","content":{"name":"202","texture":"92N0JFrPxPEpFfKQj0SeW+","rect":[318,470,77,115],"offset":[0,0],"originalSize":[77,115],"capInsets":[0,0,0,0]}},{"__type__":"cc.SpriteFrame","content":{"name":"110","texture":"92N0JFrPxPEpFfKQj0SeW+","rect":[318,587,77,115],"offset":[0,0],"originalSize":[77,115],"capInsets":[0,0,0,0]}},{"__type__":"cc.SpriteFrame","content":{"name":"413","texture":"92N0JFrPxPEpFfKQj0SeW+","rect":[2,2,77,115],"offset":[0,0],"originalSize":[77,115],"capInsets":[0,0,0,0]}},{"__type__":"cc.SpriteFrame","content":{"name":"212","texture":"92N0JFrPxPEpFfKQj0SeW+","rect":[2,821,77,115],"offset":[0,0],"originalSize":[77,115],"capInsets":[0,0,0,0]}},{"__type__":"cc.SpriteFrame","content":{"name":"213","texture":"92N0JFrPxPEpFfKQj0SeW+","rect":[397,119,77,115],"offset":[0,0],"originalSize":[77,115],"capInsets":[0,0,0,0]}},{"__type__":"cc.SpriteFrame","content":{"name":"207","texture":"92N0JFrPxPEpFfKQj0SeW+","rect":[397,236,77,115],"offset":[0,0],"originalSize":[77,115],"capInsets":[0,0,0,0]}},{"__type__":"cc.SpriteFrame","content":{"name":"208","texture":"92N0JFrPxPEpFfKQj0SeW+","rect":[318,353,77,115],"offset":[0,0],"originalSize":[77,115],"capInsets":[0,0,0,0]}},{"__type__":"cc.SpriteFrame","content":{"name":"105","texture":"92N0JFrPxPEpFfKQj0SeW+","rect":[318,821,77,115],"offset":[0,0],"originalSize":[77,115],"capInsets":[0,0,0,0]}},{"__type__":"cc.SpriteFrame","content":{"name":"113","texture":"92N0JFrPxPEpFfKQj0SeW+","rect":[160,821,77,115],"offset":[0,0],"originalSize":[77,115],"capInsets":[0,0,0,0]}},{"__type__":"cc.SpriteFrame","content":{"name":"103","texture":"92N0JFrPxPEpFfKQj0SeW+","rect":[397,704,77,115],"offset":[0,0],"originalSize":[77,115],"capInsets":[0,0,0,0]}},{"__type__":"cc.SpriteFrame","content":{"name":"313","texture":"92N0JFrPxPEpFfKQj0SeW+","rect":[239,119,77,115],"offset":[0,0],"originalSize":[77,115],"capInsets":[0,0,0,0]}},{"__type__":"cc.SpriteFrame","content":{"name":"409","texture":"92N0JFrPxPEpFfKQj0SeW+","rect":[81,119,77,115],"offset":[0,0],"originalSize":[77,115],"capInsets":[0,0,0,0]}},{"__type__":"cc.SpriteFrame","content":{"name":"210","texture":"92N0JFrPxPEpFfKQj0SeW+","rect":[160,587,77,115],"offset":[0,0],"originalSize":[77,115],"capInsets":[0,0,0,0]}},{"__type__":"cc.SpriteFrame","content":{"name":"302","texture":"92N0JFrPxPEpFfKQj0SeW+","rect":[239,353,77,115],"offset":[0,0],"originalSize":[77,115],"capInsets":[0,0,0,0]}},{"__type__":"cc.SpriteFrame","content":{"name":"312","texture":"92N0JFrPxPEpFfKQj0SeW+","rect":[318,2,77,115],"offset":[0,0],"originalSize":[77,115],"capInsets":[0,0,0,0]}},{"__type__":"cc.SpriteFrame","content":{"name":"112","texture":"92N0JFrPxPEpFfKQj0SeW+","rect":[119,938,77,115],"offset":[0,0],"originalSize":[77,115],"rotated":1,"capInsets":[0,0,0,0]}},{"__type__":"cc.SpriteFrame","content":{"name":"311","texture":"92N0JFrPxPEpFfKQj0SeW+","rect":[2,587,77,115],"offset":[0,0],"originalSize":[77,115],"capInsets":[0,0,0,0]}},{"__type__":"cc.SpriteFrame","content":{"name":"101","texture":"92N0JFrPxPEpFfKQj0SeW+","rect":[353,938,77,115],"offset":[0,0],"originalSize":[77,115],"rotated":1,"capInsets":[0,0,0,0]}},{"__type__":"cc.SpriteFrame","content":{"name":"107","texture":"92N0JFrPxPEpFfKQj0SeW+","rect":[318,704,77,115],"offset":[0,0],"originalSize":[77,115],"capInsets":[0,0,0,0]}},{"__type__":"cc.SpriteFrame","content":{"name":"411","texture":"92N0JFrPxPEpFfKQj0SeW+","rect":[81,2,77,115],"offset":[0,0],"originalSize":[77,115],"capInsets":[0,0,0,0]}},{"__type__":"cc.SpriteFrame","content":{"name":"109","texture":"92N0JFrPxPEpFfKQj0SeW+","rect":[397,470,77,115],"offset":[0,0],"originalSize":[77,115],"capInsets":[0,0,0,0]}},{"__type__":"cc.SpriteFrame","content":{"name":"304","texture":"92N0JFrPxPEpFfKQj0SeW+","rect":[81,587,77,115],"offset":[0,0],"originalSize":[77,115],"capInsets":[0,0,0,0]}},{"__type__":"cc.SpriteFrame","content":{"name":"412","texture":"92N0JFrPxPEpFfKQj0SeW+","rect":[2,119,77,115],"offset":[0,0],"originalSize":[77,115],"capInsets":[0,0,0,0]}},{"__type__":"cc.SpriteFrame","content":{"name":"305","texture":"92N0JFrPxPEpFfKQj0SeW+","rect":[2,704,77,115],"offset":[0,0],"originalSize":[77,115],"capInsets":[0,0,0,0]}},{"__type__":"cc.SpriteFrame","content":{"name":"111","texture":"92N0JFrPxPEpFfKQj0SeW+","rect":[239,704,77,115],"offset":[0,0],"originalSize":[77,115],"capInsets":[0,0,0,0]}},{"__type__":"cc.SpriteFrame","content":{"name":"104","texture":"92N0JFrPxPEpFfKQj0SeW+","rect":[236,938,77,115],"offset":[0,0],"originalSize":[77,115],"rotated":1,"capInsets":[0,0,0,0]}},{"__type__":"cc.SpriteFrame","content":{"name":"102","texture":"92N0JFrPxPEpFfKQj0SeW+","rect":[397,821,77,115],"offset":[0,0],"originalSize":[77,115],"capInsets":[0,0,0,0]}},{"__type__":"cc.SpriteFrame","content":{"name":"404","texture":"92N0JFrPxPEpFfKQj0SeW+","rect":[239,2,77,115],"offset":[0,0],"originalSize":[77,115],"capInsets":[0,0,0,0]}},{"__type__":"cc.SpriteFrame","content":{"name":"407","texture":"92N0JFrPxPEpFfKQj0SeW+","rect":[2,353,77,115],"offset":[0,0],"originalSize":[77,115],"capInsets":[0,0,0,0]}},{"__type__":"cc.SpriteFrame","content":{"name":"206","texture":"92N0JFrPxPEpFfKQj0SeW+","rect":[81,821,77,115],"offset":[0,0],"originalSize":[77,115],"capInsets":[0,0,0,0]}},{"__type__":"cc.SpriteFrame","content":{"name":"108","texture":"92N0JFrPxPEpFfKQj0SeW+","rect":[239,821,77,115],"offset":[0,0],"originalSize":[77,115],"capInsets":[0,0,0,0]}},{"__type__":"cc.SpriteFrame","content":{"name":"406","texture":"92N0JFrPxPEpFfKQj0SeW+","rect":[81,236,77,115],"offset":[0,0],"originalSize":[77,115],"capInsets":[0,0,0,0]}},{"__type__":"cc.SpriteFrame","content":{"name":"301","texture":"92N0JFrPxPEpFfKQj0SeW+","rect":[318,236,77,115],"offset":[0,0],"originalSize":[77,115],"capInsets":[0,0,0,0]}},{"__type__":"cc.SpriteFrame","content":{"name":"401","texture":"92N0JFrPxPEpFfKQj0SeW+","rect":[160,236,77,115],"offset":[0,0],"originalSize":[77,115],"capInsets":[0,0,0,0]}},{"__type__":"cc.SpriteFrame","content":{"name":"205","texture":"92N0JFrPxPEpFfKQj0SeW+","rect":[2,938,77,115],"offset":[0,0],"originalSize":[77,115],"rotated":1,"capInsets":[0,0,0,0]}}]