[{"__type__":"cc.SpriteFrame","content":{"name":"normal_tip_bg","texture":"cfCpKgTV5PO4J+8KRBAv+M","rect":[2,2,78,527],"offset":[0,0],"originalSize":[78,527],"capInsets":[26,0,24,0]}},{"__type__":"cc.SpriteFrame","content":{"name":"close_btn","texture":"cfCpKgTV5PO4J+8KRBAv+M","rect":[578,812,81,78],"offset":[0,0],"originalSize":[81,78],"rotated":1,"capInsets":[0,0,0,0]}},[{"__type__":"cc.Prefab","_name":"SystemSettingView","data":{"__id__":1}},{"__type__":"cc.Node","_name":"SystemSettingView","_children":[{"__id__":2},{"__id__":3},{"__id__":4}],"_components":[{"__type__":"cc.Widget","node":{"__id__":1},"_enabled":false,"_alignFlags":45},{"__type__":"f3c58M9FaxFnbc7jd8Wkkpx","node":{"__id__":1}}],"_prefab":{"__type__":"cc.PrefabInfo","root":{"__id__":1},"asset":{"__uuid__":"9ehj9sLgRL1IE5uVxIC3ak"},"fileId":"23Yd9jV3dPSrK/+TtxWE0c"},"_contentSize":{"__type__":"cc.Size","width":1136,"height":640},"_trs":{"__type__":"TypedArray","ctor":"Float64Array","array":[568,320,0,0,0,0,1,1,1,1]}},{"__type__":"cc.Node","_name":"bg","_parent":{"__id__":1},"_components":[{"__type__":"cc.Sprite","node":{"__id__":2},"_materials":[{"__uuid__":"ecpdLyjvZBwrvm+cedCcQy"}],"_spriteFrame":{"__uuid__":"24yWtuBDVKdYg4jjClu6j7"},"_type":1,"_sizeMode":0},{"__type__":"cc.Button","node":{"__id__":2}}],"_prefab":{"__type__":"cc.PrefabInfo","root":{"__id__":1},"asset":{"__uuid__":"9ehj9sLgRL1IE5uVxIC3ak"},"fileId":"1162OZa79OwIwfifNQctV7"},"_contentSize":{"__type__":"cc.Size","width":470,"height":432},"_trs":{"__type__":"TypedArray","ctor":"Float64Array","array":[0,-4.504,0,0,0,0,1,1,1,1]}},{"__type__":"cc.Node","_name":"exitBtn","_parent":{"__id__":1},"_components":[{"__type__":"cc.Sprite","node":{"__id__":3},"_materials":[{"__uuid__":"ecpdLyjvZBwrvm+cedCcQy"}],"_spriteFrame":{"__uuid__":"30Hcj40p5IxKuqJSTx5a7F"}},{"__type__":"cc.Button","node":{"__id__":3},"clickEvents":[{"__type__":"cc.ClickEvent","target":{"__id__":1},"_componentId":"f3c58M9FaxFnbc7jd8Wkkpx","handler":"closePanel"}],"_N$transition":3,"transition":3}],"_prefab":{"__type__":"cc.PrefabInfo","root":{"__id__":1},"asset":{"__uuid__":"9ehj9sLgRL1IE5uVxIC3ak"},"fileId":"f8V2RjiNNAfpzIFz8tPrBT"},"_contentSize":{"__type__":"cc.Size","width":81,"height":78},"_trs":{"__type__":"TypedArray","ctor":"Float64Array","array":[233.437,169.636,0,0,0,0,1,1,1,1]}},{"__type__":"cc.Node","_name":"Layout","_parent":{"__id__":1},"_children":[{"__id__":5},{"__id__":9},{"__id__":13},{"__id__":17}],"_components":[{"__type__":"cc.Layout","node":{"__id__":4},"_layoutSize":{"__type__":"cc.Size","width":307.44,"height":242},"_resize":1,"_N$layoutType":2,"_N$spacingY":34}],"_prefab":{"__type__":"cc.PrefabInfo","root":{"__id__":1},"asset":{"__uuid__":"9ehj9sLgRL1IE5uVxIC3ak"},"fileId":"6euNB34YBJ0JOPq5XEXYMV"},"_contentSize":{"__type__":"cc.Size","width":307.44,"height":242},"_anchorPoint":{"__type__":"cc.Vec2","x":0.5,"y":1},"_trs":{"__type__":"TypedArray","ctor":"Float64Array","array":[23,121.176,0,0,0,0,1,1,1,1]}},{"__type__":"cc.Node","_name":"setItem_1","_parent":{"__id__":4},"_children":[{"__id__":6},{"__id__":7},{"__id__":8}],"_components":[{"__type__":"47b193ODEBO3Z+lYm8YzIQR","node":{"__id__":5},"onIcon":{"__id__":8},"offIcon":{"__id__":7}}],"_prefab":{"__type__":"cc.PrefabInfo","root":{"__id__":1},"asset":{"__uuid__":"9ehj9sLgRL1IE5uVxIC3ak"},"fileId":"96OzBxjHtNWpr6cAEiyIo8"},"_contentSize":{"__type__":"cc.Size","width":300,"height":35},"_trs":{"__type__":"TypedArray","ctor":"Float64Array","array":[-23,-17.5,0,0,0,0,1,1,1,1]}},{"__type__":"cc.Node","_name":"title_Lab","_parent":{"__id__":5},"_components":[{"__type__":"cc.Label","node":{"__id__":6},"_materials":[{"__uuid__":"ecpdLyjvZBwrvm+cedCcQy"}],"_useOriginalSize":false,"_string":"声音设置","_N$string":"声音设置","_fontSize":22,"_lineHeight":25,"_N$file":{"__uuid__":"bcrfDxrhZMG61uRL1F6Fu9"},"_isSystemFontUsed":false,"_N$horizontalAlign":1,"_N$verticalAlign":1}],"_prefab":{"__type__":"cc.PrefabInfo","root":{"__id__":1},"asset":{"__uuid__":"9ehj9sLgRL1IE5uVxIC3ak"},"fileId":"1celqg+NxNAISuUfL2ovUI"},"_color":{"__type__":"cc.Color","r":251,"g":244,"b":207},"_contentSize":{"__type__":"cc.Size","width":88,"height":31.5},"_trs":{"__type__":"TypedArray","ctor":"Float64Array","array":[-113.44,0,0,0,0,0,1,1,1,1]}},{"__type__":"cc.Node","_name":"toggle_off","_parent":{"__id__":5},"_active":false,"_components":[{"__type__":"cc.Sprite","node":{"__id__":7},"_materials":[{"__uuid__":"ecpdLyjvZBwrvm+cedCcQy"}],"_spriteFrame":{"__uuid__":"cd4SDf/qpJEaCZuLLuU1dn"}},{"__type__":"cc.Button","node":{"__id__":7},"clickEvents":[{"__type__":"cc.ClickEvent","target":{"__id__":5},"_componentId":"47b193ODEBO3Z+lYm8YzIQR","handler":"openSwitch"}]}],"_prefab":{"__type__":"cc.PrefabInfo","root":{"__id__":1},"asset":{"__uuid__":"9ehj9sLgRL1IE5uVxIC3ak"},"fileId":"51CsMkKCVEjp35V7L/MGRA"},"_contentSize":{"__type__":"cc.Size","width":72,"height":35},"_trs":{"__type__":"TypedArray","ctor":"Float64Array","array":[99.675,0,0,0,0,0,1,1,1,1]}},{"__type__":"cc.Node","_name":"toggle_on","_parent":{"__id__":5},"_components":[{"__type__":"cc.Sprite","node":{"__id__":8},"_materials":[{"__uuid__":"ecpdLyjvZBwrvm+cedCcQy"}],"_spriteFrame":{"__uuid__":"d8d+TodRpM6aHgVeGspoSS"}},{"__type__":"cc.Button","node":{"__id__":8},"clickEvents":[{"__type__":"cc.ClickEvent","target":{"__id__":5},"_componentId":"47b193ODEBO3Z+lYm8YzIQR","handler":"closeSwith"}]}],"_prefab":{"__type__":"cc.PrefabInfo","root":{"__id__":1},"asset":{"__uuid__":"9ehj9sLgRL1IE5uVxIC3ak"},"fileId":"40PkweNiRCRJTDmrEnZzSN"},"_contentSize":{"__type__":"cc.Size","width":72,"height":35},"_trs":{"__type__":"TypedArray","ctor":"Float64Array","array":[99.675,0,0,0,0,0,1,1,1,1]}},{"__type__":"cc.Node","_name":"setItem_2","_parent":{"__id__":4},"_children":[{"__id__":10},{"__id__":11},{"__id__":12}],"_components":[{"__type__":"47b193ODEBO3Z+lYm8YzIQR","node":{"__id__":9},"onIcon":{"__id__":12},"offIcon":{"__id__":11}}],"_prefab":{"__type__":"cc.PrefabInfo","root":{"__id__":1},"asset":{"__uuid__":"9ehj9sLgRL1IE5uVxIC3ak"},"fileId":"c1aZiuF59F7rJvSfmEc7tu"},"_contentSize":{"__type__":"cc.Size","width":300,"height":35},"_trs":{"__type__":"TypedArray","ctor":"Float64Array","array":[-23,-86.5,0,0,0,0,1,1,1,1]}},{"__type__":"cc.Node","_name":"title_Lab","_parent":{"__id__":9},"_components":[{"__type__":"cc.Label","node":{"__id__":10},"_materials":[{"__uuid__":"ecpdLyjvZBwrvm+cedCcQy"}],"_useOriginalSize":false,"_string":"游戏视屏","_N$string":"游戏视屏","_fontSize":22,"_lineHeight":25,"_N$file":{"__uuid__":"bcrfDxrhZMG61uRL1F6Fu9"},"_isSystemFontUsed":false,"_N$horizontalAlign":1,"_N$verticalAlign":1}],"_prefab":{"__type__":"cc.PrefabInfo","root":{"__id__":1},"asset":{"__uuid__":"9ehj9sLgRL1IE5uVxIC3ak"},"fileId":"441dejYzNONJKLKeZJ6/z3"},"_color":{"__type__":"cc.Color","r":251,"g":244,"b":207},"_contentSize":{"__type__":"cc.Size","width":88,"height":31.5},"_trs":{"__type__":"TypedArray","ctor":"Float64Array","array":[-113.44,0,0,0,0,0,1,1,1,1]}},{"__type__":"cc.Node","_name":"toggle_off","_parent":{"__id__":9},"_active":false,"_components":[{"__type__":"cc.Sprite","node":{"__id__":11},"_materials":[{"__uuid__":"ecpdLyjvZBwrvm+cedCcQy"}],"_spriteFrame":{"__uuid__":"cd4SDf/qpJEaCZuLLuU1dn"}},{"__type__":"cc.Button","node":{"__id__":11},"clickEvents":[{"__type__":"cc.ClickEvent","target":{"__id__":9},"_componentId":"47b193ODEBO3Z+lYm8YzIQR","handler":"openSwitch"}]}],"_prefab":{"__type__":"cc.PrefabInfo","root":{"__id__":1},"asset":{"__uuid__":"9ehj9sLgRL1IE5uVxIC3ak"},"fileId":"1anQVvrv1ABKY6AOATpFGY"},"_contentSize":{"__type__":"cc.Size","width":72,"height":35},"_trs":{"__type__":"TypedArray","ctor":"Float64Array","array":[99.675,0,0,0,0,0,1,1,1,1]}},{"__type__":"cc.Node","_name":"toggle_on","_parent":{"__id__":9},"_components":[{"__type__":"cc.Sprite","node":{"__id__":12},"_materials":[{"__uuid__":"ecpdLyjvZBwrvm+cedCcQy"}],"_spriteFrame":{"__uuid__":"d8d+TodRpM6aHgVeGspoSS"}},{"__type__":"cc.Button","node":{"__id__":12},"clickEvents":[{"__type__":"cc.ClickEvent","target":{"__id__":9},"_componentId":"47b193ODEBO3Z+lYm8YzIQR","handler":"closeSwith"}]}],"_prefab":{"__type__":"cc.PrefabInfo","root":{"__id__":1},"asset":{"__uuid__":"9ehj9sLgRL1IE5uVxIC3ak"},"fileId":"e8uWPzE75EvYpmhmFJGXB3"},"_contentSize":{"__type__":"cc.Size","width":72,"height":35},"_trs":{"__type__":"TypedArray","ctor":"Float64Array","array":[99.675,0,0,0,0,0,1,1,1,1]}},{"__type__":"cc.Node","_name":"setItem_3","_parent":{"__id__":4},"_children":[{"__id__":14},{"__id__":15},{"__id__":16}],"_components":[{"__type__":"47b193ODEBO3Z+lYm8YzIQR","node":{"__id__":13},"onIcon":{"__id__":16},"offIcon":{"__id__":15}}],"_prefab":{"__type__":"cc.PrefabInfo","root":{"__id__":1},"asset":{"__uuid__":"9ehj9sLgRL1IE5uVxIC3ak"},"fileId":"6eD/tkybNIwYIX0jTR5nqA"},"_contentSize":{"__type__":"cc.Size","width":300,"height":35},"_trs":{"__type__":"TypedArray","ctor":"Float64Array","array":[-23,-155.5,0,0,0,0,1,1,1,1]}},{"__type__":"cc.Node","_name":"title_Lab","_parent":{"__id__":13},"_components":[{"__type__":"cc.Label","node":{"__id__":14},"_materials":[{"__uuid__":"ecpdLyjvZBwrvm+cedCcQy"}],"_useOriginalSize":false,"_string":"聊天功能","_N$string":"聊天功能","_fontSize":22,"_lineHeight":25,"_N$file":{"__uuid__":"bcrfDxrhZMG61uRL1F6Fu9"},"_isSystemFontUsed":false,"_N$horizontalAlign":1,"_N$verticalAlign":1}],"_prefab":{"__type__":"cc.PrefabInfo","root":{"__id__":1},"asset":{"__uuid__":"9ehj9sLgRL1IE5uVxIC3ak"},"fileId":"daRYrPRytJOZfkLn/k5Nji"},"_color":{"__type__":"cc.Color","r":251,"g":244,"b":207},"_contentSize":{"__type__":"cc.Size","width":88,"height":31.5},"_trs":{"__type__":"TypedArray","ctor":"Float64Array","array":[-113.44,0,0,0,0,0,1,1,1,1]}},{"__type__":"cc.Node","_name":"toggle_off","_parent":{"__id__":13},"_active":false,"_components":[{"__type__":"cc.Sprite","node":{"__id__":15},"_materials":[{"__uuid__":"ecpdLyjvZBwrvm+cedCcQy"}],"_spriteFrame":{"__uuid__":"cd4SDf/qpJEaCZuLLuU1dn"}},{"__type__":"cc.Button","node":{"__id__":15},"clickEvents":[{"__type__":"cc.ClickEvent","target":{"__id__":13},"_componentId":"47b193ODEBO3Z+lYm8YzIQR","handler":"openSwitch"}]}],"_prefab":{"__type__":"cc.PrefabInfo","root":{"__id__":1},"asset":{"__uuid__":"9ehj9sLgRL1IE5uVxIC3ak"},"fileId":"e5PcZFFzZO/4+4LDBBiGk3"},"_contentSize":{"__type__":"cc.Size","width":72,"height":35},"_trs":{"__type__":"TypedArray","ctor":"Float64Array","array":[99.675,0,0,0,0,0,1,1,1,1]}},{"__type__":"cc.Node","_name":"toggle_on","_parent":{"__id__":13},"_components":[{"__type__":"cc.Sprite","node":{"__id__":16},"_materials":[{"__uuid__":"ecpdLyjvZBwrvm+cedCcQy"}],"_spriteFrame":{"__uuid__":"d8d+TodRpM6aHgVeGspoSS"}},{"__type__":"cc.Button","node":{"__id__":16},"clickEvents":[{"__type__":"cc.ClickEvent","target":{"__id__":13},"_componentId":"47b193ODEBO3Z+lYm8YzIQR","handler":"closeSwith"}]}],"_prefab":{"__type__":"cc.PrefabInfo","root":{"__id__":1},"asset":{"__uuid__":"9ehj9sLgRL1IE5uVxIC3ak"},"fileId":"7dz8aFskVE+IugZJKOScJk"},"_contentSize":{"__type__":"cc.Size","width":72,"height":35},"_trs":{"__type__":"TypedArray","ctor":"Float64Array","array":[99.675,0,0,0,0,0,1,1,1,1]}},{"__type__":"cc.Node","_name":"setItem_4","_parent":{"__id__":4},"_children":[{"__id__":18},{"__id__":19},{"__id__":20}],"_components":[{"__type__":"47b193ODEBO3Z+lYm8YzIQR","node":{"__id__":17},"onIcon":{"__id__":20},"offIcon":{"__id__":19}}],"_prefab":{"__type__":"cc.PrefabInfo","root":{"__id__":1},"asset":{"__uuid__":"9ehj9sLgRL1IE5uVxIC3ak"},"fileId":"d5+FVD/LlJVZD+iLce6Kwy"},"_contentSize":{"__type__":"cc.Size","width":300,"height":35},"_trs":{"__type__":"TypedArray","ctor":"Float64Array","array":[-23,-224.5,0,0,0,0,1,1,1,1]}},{"__type__":"cc.Node","_name":"title_Lab","_parent":{"__id__":17},"_components":[{"__type__":"cc.Label","node":{"__id__":18},"_materials":[{"__uuid__":"ecpdLyjvZBwrvm+cedCcQy"}],"_useOriginalSize":false,"_string":"弹幕通知","_N$string":"弹幕通知","_fontSize":22,"_lineHeight":25,"_N$file":{"__uuid__":"bcrfDxrhZMG61uRL1F6Fu9"},"_isSystemFontUsed":false,"_N$horizontalAlign":1,"_N$verticalAlign":1}],"_prefab":{"__type__":"cc.PrefabInfo","root":{"__id__":1},"asset":{"__uuid__":"9ehj9sLgRL1IE5uVxIC3ak"},"fileId":"00E1SLfxlFjasjKS4ZPd0H"},"_color":{"__type__":"cc.Color","r":251,"g":244,"b":207},"_contentSize":{"__type__":"cc.Size","width":88,"height":31.5},"_trs":{"__type__":"TypedArray","ctor":"Float64Array","array":[-113.44,0,0,0,0,0,1,1,1,1]}},{"__type__":"cc.Node","_name":"toggle_off","_parent":{"__id__":17},"_active":false,"_components":[{"__type__":"cc.Sprite","node":{"__id__":19},"_materials":[{"__uuid__":"ecpdLyjvZBwrvm+cedCcQy"}],"_spriteFrame":{"__uuid__":"cd4SDf/qpJEaCZuLLuU1dn"}},{"__type__":"cc.Button","node":{"__id__":19},"clickEvents":[{"__type__":"cc.ClickEvent","target":{"__id__":17},"_componentId":"47b193ODEBO3Z+lYm8YzIQR","handler":"openSwitch"}]}],"_prefab":{"__type__":"cc.PrefabInfo","root":{"__id__":1},"asset":{"__uuid__":"9ehj9sLgRL1IE5uVxIC3ak"},"fileId":"81X2wOwRhHYpjkEi6MAoRB"},"_contentSize":{"__type__":"cc.Size","width":72,"height":35},"_trs":{"__type__":"TypedArray","ctor":"Float64Array","array":[99.675,0,0,0,0,0,1,1,1,1]}},{"__type__":"cc.Node","_name":"toggle_on","_parent":{"__id__":17},"_components":[{"__type__":"cc.Sprite","node":{"__id__":20},"_materials":[{"__uuid__":"ecpdLyjvZBwrvm+cedCcQy"}],"_spriteFrame":{"__uuid__":"d8d+TodRpM6aHgVeGspoSS"}},{"__type__":"cc.Button","node":{"__id__":20},"clickEvents":[{"__type__":"cc.ClickEvent","target":{"__id__":17},"_componentId":"47b193ODEBO3Z+lYm8YzIQR","handler":"closeSwith"}]}],"_prefab":{"__type__":"cc.PrefabInfo","root":{"__id__":1},"asset":{"__uuid__":"9ehj9sLgRL1IE5uVxIC3ak"},"fileId":"efpB/dAB5KAImUulxPaukx"},"_contentSize":{"__type__":"cc.Size","width":72,"height":35},"_trs":{"__type__":"TypedArray","ctor":"Float64Array","array":[99.675,0,0,0,0,0,1,1,1,1]}}],{"__type__":"cc.SpriteFrame","content":{"name":"toggle_off","texture":"cfCpKgTV5PO4J+8KRBAv+M","rect":[600,213,72,35],"offset":[0,0],"originalSize":[72,35],"rotated":1,"capInsets":[0,0,0,0]}},{"__type__":"cc.SpriteFrame","content":{"name":"toggle_on","texture":"cfCpKgTV5PO4J+8KRBAv+M","rect":[656,895,72,35],"offset":[0,0],"originalSize":[72,35],"capInsets":[0,0,0,0]}}]