[{"__type__":"cc.SpriteFrame","content":{"name":"top_bg","texture":"a4+Wm77SpBk6/vu1ayVGW7","rect":[0,0,1136,83],"offset":[0,0],"originalSize":[1136,83],"capInsets":[530,0,555,0]}},{"__type__":"cc.SpriteFrame","content":{"name":"hui_kuang","texture":"cfCpKgTV5PO4J+8KRBAv+M","rect":[132,1012,10,10],"offset":[0,0],"originalSize":[10,10],"capInsets":[2,1,2,2]}},{"__type__":"cc.SpriteFrame","content":{"name":"touming_baidi","texture":"cfCpKgTV5PO4J+8KRBAv+M","rect":[57,1013,4,4],"offset":[0,0],"originalSize":[4,4],"capInsets":[0,0,0,0]}},{"__type__":"cc.SpriteFrame","content":{"name":"main_bg","texture":"6fbcz5Z/1EzanvnN6v7Y+p","rect":[0,0,1136,640],"offset":[0,0],"originalSize":[1136,640],"capInsets":[0,0,0,0]}},[{"__type__":"cc.Prefab","_name":"BankManageView","data":{"__id__":1}},{"__type__":"cc.Node","_name":"BankManageView","_children":[{"__id__":2},{"__id__":3},{"__id__":4},{"__id__":5},{"__id__":6},{"__id__":21}],"_components":[{"__type__":"cc.Widget","node":{"__id__":1},"_alignFlags":45},{"__type__":"b6d3dp0swZBs43PCwmA4UXu","node":{"__id__":1},"isCloseSceneCamera":true}],"_prefab":{"__type__":"cc.PrefabInfo","root":{"__id__":1},"asset":{"__uuid__":"abVD+dqdZAtaklSvqmFFl9"},"fileId":"94tcxIGMxKu4gYMmEXMjSl"},"_contentSize":{"__type__":"cc.Size","width":1136,"height":640},"_trs":{"__type__":"TypedArray","ctor":"Float64Array","array":[568,320,0,0,0,0,1,1,1,1]}},{"__type__":"cc.Node","_name":"bg","_parent":{"__id__":1},"_components":[{"__type__":"cc.Sprite","node":{"__id__":2},"_materials":[{"__uuid__":"ecpdLyjvZBwrvm+cedCcQy"}],"_spriteFrame":{"__uuid__":"a0GuSjgKVAPatuCPEq+grf"},"_sizeMode":0},{"__type__":"cc.Widget","node":{"__id__":2},"_alignFlags":45,"_originalWidth":100,"_originalHeight":100}],"_prefab":{"__type__":"cc.PrefabInfo","root":{"__id__":1},"asset":{"__uuid__":"abVD+dqdZAtaklSvqmFFl9"},"fileId":"546XluZC5HZb7B34O1ydQN"},"_contentSize":{"__type__":"cc.Size","width":1136,"height":640},"_trs":{"__type__":"TypedArray","ctor":"Float64Array","array":[0,0,0,0,0,0,1,1,1,1]}},{"__type__":"cc.Node","_name":"topBg","_parent":{"__id__":1},"_components":[{"__type__":"cc.Sprite","node":{"__id__":3},"_materials":[{"__uuid__":"ecpdLyjvZBwrvm+cedCcQy"}],"_spriteFrame":{"__uuid__":"04oOJuThRHRrEOtzEAGsiV"}},{"__type__":"cc.Widget","node":{"__id__":3},"_alignFlags":41,"_bottom":518.6095,"_originalWidth":1136,"_originalHeight":100}],"_prefab":{"__type__":"cc.PrefabInfo","root":{"__id__":1},"asset":{"__uuid__":"abVD+dqdZAtaklSvqmFFl9"},"fileId":"63Y1euHKBH+acC0PIcIl6b"},"_contentSize":{"__type__":"cc.Size","width":1136,"height":83},"_trs":{"__type__":"TypedArray","ctor":"Float64Array","array":[0,278.5,0,0,0,0,1,1,1,1]}},{"__type__":"cc.Node","_name":"title","_parent":{"__id__":1},"_components":[{"__type__":"cc.Sprite","node":{"__id__":4},"_materials":[{"__uuid__":"ecpdLyjvZBwrvm+cedCcQy"}],"_spriteFrame":{"__uuid__":"f8kylidiNNKIgc0t6l1q/Q"}}],"_prefab":{"__type__":"cc.PrefabInfo","root":{"__id__":1},"asset":{"__uuid__":"abVD+dqdZAtaklSvqmFFl9"},"fileId":"6fvAX1twJMwqKi4xUAsSh2"},"_contentSize":{"__type__":"cc.Size","width":127,"height":32},"_trs":{"__type__":"TypedArray","ctor":"Float64Array","array":[-430.748,279.898,0,0,0,0,1,1.5,1.5,1]}},{"__type__":"cc.Node","_name":"exit","_parent":{"__id__":1},"_components":[{"__type__":"cc.Sprite","node":{"__id__":5},"_materials":[{"__uuid__":"ecpdLyjvZBwrvm+cedCcQy"}],"_spriteFrame":{"__uuid__":"deIrTLDj9Ds7tOYtqi589P"}},{"__type__":"cc.Widget","node":{"__id__":5},"_alignFlags":33},{"__type__":"cc.Button","node":{"__id__":5},"clickEvents":[{"__type__":"cc.ClickEvent","target":{"__id__":1},"_componentId":"b6d3dp0swZBs43PCwmA4UXu","handler":"closePanel"}]}],"_prefab":{"__type__":"cc.PrefabInfo","root":{"__id__":1},"asset":{"__uuid__":"abVD+dqdZAtaklSvqmFFl9"},"fileId":"e2HL882L9JmLsSJx3Hl2qE"},"_contentSize":{"__type__":"cc.Size","width":147,"height":70},"_trs":{"__type__":"TypedArray","ctor":"Float64Array","array":[494.5,285,0,0,0,0,1,1,1,1]}},{"__type__":"cc.Node","_name":"ScrollView","_parent":{"__id__":1},"_children":[{"__id__":7}],"_components":[{"__type__":"cc.ScrollView","node":{"__id__":6},"horizontal":false,"brake":0.75,"bounceDuration":0.23,"_N$content":{"__id__":8},"content":{"__id__":8},"_N$horizontalScrollBar":null,"_N$verticalScrollBar":null}],"_prefab":{"__type__":"cc.PrefabInfo","root":{"__id__":1},"asset":{"__uuid__":"abVD+dqdZAtaklSvqmFFl9"},"fileId":"aaOxejHWNADrk9qr6BaP0u"},"_contentSize":{"__type__":"cc.Size","width":1127,"height":386},"_trs":{"__type__":"TypedArray","ctor":"Float64Array","array":[-1,36,0,0,0,0,1,1,1,1]}},{"__type__":"cc.Node","_name":"view","_parent":{"__id__":6},"_children":[{"__id__":8}],"_components":[{"__type__":"cc.Mask","node":{"__id__":7},"_materials":[{"__uuid__":"ecpdLyjvZBwrvm+cedCcQy"}],"_N$alphaThreshold":0},{"__type__":"cc.Widget","node":{"__id__":7},"_alignFlags":45,"_originalWidth":240,"_originalHeight":250}],"_prefab":{"__type__":"cc.PrefabInfo","root":{"__id__":1},"asset":{"__uuid__":"abVD+dqdZAtaklSvqmFFl9"},"fileId":"9bExcYoAdO6Y9xl3P2oCbE"},"_contentSize":{"__type__":"cc.Size","width":1127,"height":386},"_trs":{"__type__":"TypedArray","ctor":"Float64Array","array":[0,0,0,0,0,0,1,1,1,1]}},{"__type__":"cc.Node","_name":"content","_parent":{"__id__":7},"_children":[{"__id__":9},{"__id__":13},{"__id__":17}],"_components":[{"__type__":"cc.Layout","node":{"__id__":8},"_layoutSize":{"__type__":"cc.Size","width":1107,"height":311},"_resize":1,"_N$layoutType":2,"_N$spacingY":13}],"_prefab":{"__type__":"cc.PrefabInfo","root":{"__id__":1},"asset":{"__uuid__":"abVD+dqdZAtaklSvqmFFl9"},"fileId":"bejKHJF1lLrqzN4E/ZsiI4"},"_contentSize":{"__type__":"cc.Size","width":1107,"height":311},"_anchorPoint":{"__type__":"cc.Vec2","x":0.5,"y":1},"_trs":{"__type__":"TypedArray","ctor":"Float64Array","array":[5,174.683,0,0,0,0,1,1,1,1]}},{"__type__":"cc.Node","_name":"bankItem","_parent":{"__id__":8},"_children":[{"__id__":10},{"__id__":11},{"__id__":12}],"_prefab":{"__type__":"cc.PrefabInfo","root":{"__id__":1},"asset":{"__uuid__":"abVD+dqdZAtaklSvqmFFl9"},"fileId":"50od5QXNFDubVrrjBWmx4c"},"_contentSize":{"__type__":"cc.Size","width":1089,"height":95},"_trs":{"__type__":"TypedArray","ctor":"Float64Array","array":[-2,-47.5,0,0,0,0,1,1,1,1]}},{"__type__":"cc.Node","_name":"bg","_parent":{"__id__":9},"_components":[{"__type__":"cc.Sprite","node":{"__id__":10},"_materials":[{"__uuid__":"ecpdLyjvZBwrvm+cedCcQy"}],"_spriteFrame":{"__uuid__":"20jjDudspDEbdFr54VwPld"},"_type":1,"_sizeMode":0},{"__type__":"cc.Widget","node":{"__id__":10},"_alignFlags":45,"_originalWidth":100,"_originalHeight":100}],"_prefab":{"__type__":"cc.PrefabInfo","root":{"__id__":1},"asset":{"__uuid__":"abVD+dqdZAtaklSvqmFFl9"},"fileId":"baW8Oc4ypDhpOeF9jN5m3u"},"_opacity":189,"_contentSize":{"__type__":"cc.Size","width":1089,"height":95},"_trs":{"__type__":"TypedArray","ctor":"Float64Array","array":[0,0,0,0,0,0,1,1,1,1]}},{"__type__":"cc.Node","_name":"bankNameLab","_parent":{"__id__":9},"_components":[{"__type__":"cc.Label","node":{"__id__":11},"_materials":[{"__uuid__":"ecpdLyjvZBwrvm+cedCcQy"}],"_useOriginalSize":false,"_string":"中国建设银行","_N$string":"中国建设银行","_fontSize":25,"_N$file":{"__uuid__":"a6GFdfihpIQY/CU35PyGmw"},"_isSystemFontUsed":false,"_N$horizontalAlign":1,"_N$verticalAlign":1}],"_prefab":{"__type__":"cc.PrefabInfo","root":{"__id__":1},"asset":{"__uuid__":"abVD+dqdZAtaklSvqmFFl9"},"fileId":"13zDikjV9OgYGMzES4SONN"},"_contentSize":{"__type__":"cc.Size","width":150,"height":50.4},"_trs":{"__type__":"TypedArray","ctor":"Float64Array","array":[-429.983,0,0,0,0,0,1,1,1,1]}},{"__type__":"cc.Node","_name":"banknumLab","_parent":{"__id__":9},"_components":[{"__type__":"cc.Label","node":{"__id__":12},"_materials":[{"__uuid__":"ecpdLyjvZBwrvm+cedCcQy"}],"_useOriginalSize":false,"_string":"****    ****    ****    0001","_N$string":"****    ****    ****    0001","_fontSize":25,"_N$file":{"__uuid__":"a6GFdfihpIQY/CU35PyGmw"},"_isSystemFontUsed":false,"_N$horizontalAlign":1,"_N$verticalAlign":1}],"_prefab":{"__type__":"cc.PrefabInfo","root":{"__id__":1},"asset":{"__uuid__":"abVD+dqdZAtaklSvqmFFl9"},"fileId":"81IRlhtKtImZKJrgxw49tT"},"_contentSize":{"__type__":"cc.Size","width":275.39,"height":50.4},"_anchorPoint":{"__type__":"cc.Vec2","y":0.5},"_trs":{"__type__":"TypedArray","ctor":"Float64Array","array":[-263.962,0,0,0,0,0,1,1,1,1]}},{"__type__":"cc.Node","_name":"bankItem copy","_parent":{"__id__":8},"_children":[{"__id__":14},{"__id__":15},{"__id__":16}],"_prefab":{"__type__":"cc.PrefabInfo","root":{"__id__":1},"asset":{"__uuid__":"abVD+dqdZAtaklSvqmFFl9"},"fileId":"c3yfrkIdpPVocu6ydYloTg"},"_contentSize":{"__type__":"cc.Size","width":1089,"height":95},"_trs":{"__type__":"TypedArray","ctor":"Float64Array","array":[-2,-155.5,0,0,0,0,1,1,1,1]}},{"__type__":"cc.Node","_name":"bg","_parent":{"__id__":13},"_components":[{"__type__":"cc.Sprite","node":{"__id__":14},"_materials":[{"__uuid__":"ecpdLyjvZBwrvm+cedCcQy"}],"_spriteFrame":{"__uuid__":"20jjDudspDEbdFr54VwPld"},"_type":1,"_sizeMode":0},{"__type__":"cc.Widget","node":{"__id__":14},"_alignFlags":45,"_originalWidth":100,"_originalHeight":100}],"_prefab":{"__type__":"cc.PrefabInfo","root":{"__id__":1},"asset":{"__uuid__":"abVD+dqdZAtaklSvqmFFl9"},"fileId":"d24UNVpjRBh5ziDG5fZUUT"},"_opacity":189,"_contentSize":{"__type__":"cc.Size","width":1089,"height":95},"_trs":{"__type__":"TypedArray","ctor":"Float64Array","array":[0,0,0,0,0,0,1,1,1,1]}},{"__type__":"cc.Node","_name":"bankNameLab","_parent":{"__id__":13},"_components":[{"__type__":"cc.Label","node":{"__id__":15},"_materials":[{"__uuid__":"ecpdLyjvZBwrvm+cedCcQy"}],"_useOriginalSize":false,"_string":"中国建设银行","_N$string":"中国建设银行","_fontSize":25,"_N$file":{"__uuid__":"a6GFdfihpIQY/CU35PyGmw"},"_isSystemFontUsed":false,"_N$horizontalAlign":1,"_N$verticalAlign":1}],"_prefab":{"__type__":"cc.PrefabInfo","root":{"__id__":1},"asset":{"__uuid__":"abVD+dqdZAtaklSvqmFFl9"},"fileId":"4aRHVNyl5FZKsim9vWeIiX"},"_contentSize":{"__type__":"cc.Size","width":150,"height":50.4},"_trs":{"__type__":"TypedArray","ctor":"Float64Array","array":[-429.983,0,0,0,0,0,1,1,1,1]}},{"__type__":"cc.Node","_name":"banknumLab","_parent":{"__id__":13},"_components":[{"__type__":"cc.Label","node":{"__id__":16},"_materials":[{"__uuid__":"ecpdLyjvZBwrvm+cedCcQy"}],"_useOriginalSize":false,"_string":"****    ****    ****    0001","_N$string":"****    ****    ****    0001","_fontSize":25,"_N$file":{"__uuid__":"a6GFdfihpIQY/CU35PyGmw"},"_isSystemFontUsed":false,"_N$horizontalAlign":1,"_N$verticalAlign":1}],"_prefab":{"__type__":"cc.PrefabInfo","root":{"__id__":1},"asset":{"__uuid__":"abVD+dqdZAtaklSvqmFFl9"},"fileId":"9bpf3b7hZAX7vNsN7fthNi"},"_contentSize":{"__type__":"cc.Size","width":275.39,"height":50.4},"_anchorPoint":{"__type__":"cc.Vec2","y":0.5},"_trs":{"__type__":"TypedArray","ctor":"Float64Array","array":[-263.962,0,0,0,0,0,1,1,1,1]}},{"__type__":"cc.Node","_name":"bankItem copy","_parent":{"__id__":8},"_children":[{"__id__":18},{"__id__":19},{"__id__":20}],"_prefab":{"__type__":"cc.PrefabInfo","root":{"__id__":1},"asset":{"__uuid__":"abVD+dqdZAtaklSvqmFFl9"},"fileId":"67LG1SjutCoqtcNYViRYs4"},"_contentSize":{"__type__":"cc.Size","width":1089,"height":95},"_trs":{"__type__":"TypedArray","ctor":"Float64Array","array":[-2,-263.5,0,0,0,0,1,1,1,1]}},{"__type__":"cc.Node","_name":"bg","_parent":{"__id__":17},"_components":[{"__type__":"cc.Sprite","node":{"__id__":18},"_materials":[{"__uuid__":"ecpdLyjvZBwrvm+cedCcQy"}],"_spriteFrame":{"__uuid__":"20jjDudspDEbdFr54VwPld"},"_type":1,"_sizeMode":0},{"__type__":"cc.Widget","node":{"__id__":18},"_alignFlags":45,"_originalWidth":100,"_originalHeight":100}],"_prefab":{"__type__":"cc.PrefabInfo","root":{"__id__":1},"asset":{"__uuid__":"abVD+dqdZAtaklSvqmFFl9"},"fileId":"d2uqoRlbpKRaw5QK/BMybi"},"_opacity":189,"_contentSize":{"__type__":"cc.Size","width":1089,"height":95},"_trs":{"__type__":"TypedArray","ctor":"Float64Array","array":[0,0,0,0,0,0,1,1,1,1]}},{"__type__":"cc.Node","_name":"bankNameLab","_parent":{"__id__":17},"_components":[{"__type__":"cc.Label","node":{"__id__":19},"_materials":[{"__uuid__":"ecpdLyjvZBwrvm+cedCcQy"}],"_useOriginalSize":false,"_string":"中国建设银行","_N$string":"中国建设银行","_fontSize":25,"_N$file":{"__uuid__":"a6GFdfihpIQY/CU35PyGmw"},"_isSystemFontUsed":false,"_N$horizontalAlign":1,"_N$verticalAlign":1}],"_prefab":{"__type__":"cc.PrefabInfo","root":{"__id__":1},"asset":{"__uuid__":"abVD+dqdZAtaklSvqmFFl9"},"fileId":"24Om6+4KBIMq2IhOYE68oA"},"_contentSize":{"__type__":"cc.Size","width":150,"height":50.4},"_trs":{"__type__":"TypedArray","ctor":"Float64Array","array":[-429.983,0,0,0,0,0,1,1,1,1]}},{"__type__":"cc.Node","_name":"banknumLab","_parent":{"__id__":17},"_components":[{"__type__":"cc.Label","node":{"__id__":20},"_materials":[{"__uuid__":"ecpdLyjvZBwrvm+cedCcQy"}],"_useOriginalSize":false,"_string":"****    ****    ****    0001","_N$string":"****    ****    ****    0001","_fontSize":25,"_N$file":{"__uuid__":"a6GFdfihpIQY/CU35PyGmw"},"_isSystemFontUsed":false,"_N$horizontalAlign":1,"_N$verticalAlign":1}],"_prefab":{"__type__":"cc.PrefabInfo","root":{"__id__":1},"asset":{"__uuid__":"abVD+dqdZAtaklSvqmFFl9"},"fileId":"39+voaHetILJaoQZoQBi8u"},"_contentSize":{"__type__":"cc.Size","width":275.39,"height":50.4},"_anchorPoint":{"__type__":"cc.Vec2","y":0.5},"_trs":{"__type__":"TypedArray","ctor":"Float64Array","array":[-263.962,0,0,0,0,0,1,1,1,1]}},{"__type__":"cc.Node","_name":"addBankCardBtn","_parent":{"__id__":1},"_children":[{"__id__":22}],"_components":[{"__type__":"cc.Sprite","node":{"__id__":21},"_materials":[{"__uuid__":"ecpdLyjvZBwrvm+cedCcQy"}],"_spriteFrame":{"__uuid__":"951OK3Mk1HaIVkWtyime9m"},"_sizeMode":0},{"__type__":"cc.Button","node":{"__id__":21}}],"_prefab":{"__type__":"cc.PrefabInfo","root":{"__id__":1},"asset":{"__uuid__":"abVD+dqdZAtaklSvqmFFl9"},"fileId":"39nBhG7dRFA481ppGp41et"},"_contentSize":{"__type__":"cc.Size","width":149,"height":52},"_trs":{"__type__":"TypedArray","ctor":"Float64Array","array":[-1,-249,0,0,0,0,1,1,1,1]}},{"__type__":"cc.Node","_name":"New Label","_parent":{"__id__":21},"_components":[{"__type__":"cc.Label","node":{"__id__":22},"_materials":[{"__uuid__":"ecpdLyjvZBwrvm+cedCcQy"}],"_useOriginalSize":false,"_string":"添加银行卡","_N$string":"添加银行卡","_fontSize":22,"_lineHeight":25,"_N$file":{"__uuid__":"a6GFdfihpIQY/CU35PyGmw"},"_isSystemFontUsed":false,"_N$horizontalAlign":1,"_N$verticalAlign":1}],"_prefab":{"__type__":"cc.PrefabInfo","root":{"__id__":1},"asset":{"__uuid__":"abVD+dqdZAtaklSvqmFFl9"},"fileId":"c9UFLQY45J66Bigcet5i1m"},"_contentSize":{"__type__":"cc.Size","width":110,"height":31.5},"_trs":{"__type__":"TypedArray","ctor":"Float64Array","array":[1.894,0,0,0,0,0,1,1,1,1]}}],{"__type__":"cc.SpriteFrame","content":{"name":"game_back_2","texture":"3dn4uZuXJLSqUYywI1ZTZy","rect":[861,71,147,70],"offset":[0,0],"originalSize":[147,70],"capInsets":[0,0,0,0]}},{"__type__":"cc.SpriteFrame","content":{"name":"bank_card_title","texture":"cfCpKgTV5PO4J+8KRBAv+M","rect":[57,884,127,32],"offset":[0,1],"originalSize":[127,54],"rotated":1,"capInsets":[0,0,0,0]}}]