[{"__type__":"cc.SpriteFrame","content":{"name":"notice_bg","texture":"b75pvtU/JOHqGKKIoSpeLX","rect":[0,0,486,34],"offset":[0,0],"originalSize":[486,34],"capInsets":[87,0,383,0]}},{"__type__":"cc.SpriteFrame","content":{"name":"gametype4","texture":"e1yQmXXQ9O3bS0pzleANtn","rect":[639,1,188,236],"offset":[0,0],"originalSize":[188,236],"rotated":1,"capInsets":[0,0,0,0]}},{"__type__":"cc.SpriteFrame","content":{"name":"setting_on","texture":"cfCpKgTV5PO4J+8KRBAv+M","rect":[590,442,39,40],"offset":[0,0],"originalSize":[39,40],"capInsets":[0,0,0,0]}},{"__type__":"cc.SpriteFrame","content":{"name":"icon_money","texture":"e1yQmXXQ9O3bS0pzleANtn","rect":[543,931,35,35],"offset":[0,0],"originalSize":[35,35],"capInsets":[0,0,0,0]}},{"__type__":"cc.SpriteFrame","content":{"name":"password_on","texture":"cfCpKgTV5PO4J+8KRBAv+M","rect":[577,536,39,40],"offset":[0,0],"originalSize":[39,40],"capInsets":[0,0,0,0]}},{"__type__":"cc.SpriteFrame","content":{"name":"head_icon","texture":"24k0oqgvtCNIPo/SipX0l0","rect":[0,0,96,113],"offset":[0,0],"originalSize":[96,113],"capInsets":[0,0,0,0]}},{"__type__":"cc.SpriteFrame","content":{"name":"main_top","texture":"e1yQmXXQ9O3bS0pzleANtn","rect":[1,1,1920,112],"offset":[0,0],"originalSize":[1920,112],"rotated":1,"capInsets":[0,0,0,0]}},{"__type__":"cc.SpriteFrame","content":{"name":"user_bg","texture":"e1yQmXXQ9O3bS0pzleANtn","rect":[659,931,212,238],"offset":[0,0],"originalSize":[212,238],"capInsets":[0,0,0,0]}},{"__type__":"cc.SpriteFrame","content":{"name":"bottom_bg","texture":"41NVZ6DXBEjIv7TkA0EGJd","rect":[0,0,1137,52],"offset":[0,0],"originalSize":[1137,52],"capInsets":[0,0,0,0]}},{"__type__":"cc.SpriteFrame","content":{"name":"btn_bgb","texture":"e1yQmXXQ9O3bS0pzleANtn","rect":[115,1681,208,67],"offset":[0,0],"originalSize":[208,67],"rotated":1,"capInsets":[0,0,0,0]}},{"__type__":"cc.SpriteFrame","content":{"name":"head_icon_bg","texture":"cfCpKgTV5PO4J+8KRBAv+M","rect":[144,1012,10,10],"offset":[0,0],"originalSize":[10,10],"capInsets":[3,2,3,3]}},{"__type__":"cc.SpriteFrame","content":{"name":"get_money_icon","texture":"cfCpKgTV5PO4J+8KRBAv+M","rect":[467,213,124,75],"offset":[0,0],"originalSize":[124,75],"rotated":1,"capInsets":[0,0,0,0]}},{"__type__":"cc.SpriteFrame","content":{"name":"save_money_icon","texture":"cfCpKgTV5PO4J+8KRBAv+M","rect":[391,849,124,75],"offset":[0,0],"originalSize":[124,75],"rotated":1,"capInsets":[0,0,0,0]}},{"__type__":"cc.SpriteFrame","content":{"name":"sangong","texture":"29Qd79aWhNG4ADEb4LJ/b4","rect":[0,0,328,219],"offset":[0,0],"originalSize":[328,219],"capInsets":[0,0,0,0]}},{"__type__":"cc.SpriteFrame","content":{"name":"red_point","texture":"cfCpKgTV5PO4J+8KRBAv+M","rect":[600,287,27,27],"offset":[0,0],"originalSize":[29,29],"capInsets":[0,0,0,0]}},[{"__type__":"cc.SceneAsset","_name":"mainScene2","scene":{"__id__":1},"asyncLoadAssets":null},{"__type__":"cc.Scene","_name":"New Node","_children":[{"__id__":2}],"_active":false,"_anchorPoint":{"__type__":"cc.Vec2"},"_trs":{"__type__":"TypedArray","ctor":"Float64Array","array":[0,0,0,0,0,0,1,1,1,1]},"autoReleaseAssets":false},{"__type__":"cc.Node","_name":"Canvas","_parent":{"__id__":1},"_children":[{"__id__":3},{"__id__":4}],"_components":[{"__type__":"cc.Canvas","node":{"__id__":2},"_designResolution":{"__type__":"cc.Size","width":1920,"height":1080},"_fitWidth":true},{"__type__":"dc73dWRu5pPsY9ZYNI0QAn4","node":{"__id__":2},"mainGameNode":{"__id__":7}},{"__type__":"79b1bMKJaFAM7+8M/Sdqg3H","node":{"__id__":2}},{"__type__":"cc.Widget","node":{"__id__":2},"_alignFlags":45}],"_contentSize":{"__type__":"cc.Size","width":1920,"height":1080},"_trs":{"__type__":"TypedArray","ctor":"Float64Array","array":[960,540,0,0,0,0,1,1,1,1]},"_id":"61IoIXb+9AroXyM/ETO+kq"},{"__type__":"cc.Node","_name":"Main Camera","_parent":{"__id__":2},"_components":[{"__type__":"cc.Camera","node":{"__id__":3},"_clearFlags":7,"_depth":-1}],"_trs":{"__type__":"TypedArray","ctor":"Float64Array","array":[0,0,526.5434455009387,0,0,0,1,1,1,1]}},{"__type__":"cc.Node","_name":"UICenter","_parent":{"__id__":2},"_children":[{"__id__":5},{"__id__":6},{"__id__":164},{"__id__":165}],"_components":[{"__type__":"00f23vVDSFBm6fnF0BmWC44","node":{"__id__":4},"poolParent":{"__id__":5},"commonPanelNode":{"__id__":6},"guidePanelNode":{"__id__":164},"tipPanelNode":{"__id__":165}},{"__type__":"cc.Widget","node":{"__id__":4},"_alignFlags":45}],"_prefab":{"__type__":"cc.PrefabInfo","root":{"__id__":4},"asset":{"__uuid__":"a33K6DH2BEeZG4hwgbmEMN"},"fileId":"5c/bB0I51NAKJgLtuo7upJ"},"_contentSize":{"__type__":"cc.Size","width":1920,"height":1080},"_trs":{"__type__":"TypedArray","ctor":"Float64Array","array":[0,0,0,0,0,0,1,1,1,1]},"_groupIndex":1,"groupIndex":1},{"__type__":"cc.Node","_name":"UIPool","_parent":{"__id__":4},"_active":false,"_prefab":{"__type__":"cc.PrefabInfo","root":{"__id__":4},"asset":{"__uuid__":"a33K6DH2BEeZG4hwgbmEMN"},"fileId":"f1lwMjCz9HQ45x4+/I+S52"},"_trs":{"__type__":"TypedArray","ctor":"Float64Array","array":[0,0,0,0,0,0,1,1,1,1]}},{"__type__":"cc.Node","_name":"CommonPanel","_parent":{"__id__":4},"_children":[{"__id__":7}],"_components":[{"__type__":"cc.Widget","node":{"__id__":6},"_alignFlags":45}],"_prefab":{"__type__":"cc.PrefabInfo","root":{"__id__":4},"asset":{"__uuid__":"a33K6DH2BEeZG4hwgbmEMN"},"fileId":"c7zHcJXaRMA6MyOinuJ0if"},"_contentSize":{"__type__":"cc.Size","width":1920,"height":1080},"_trs":{"__type__":"TypedArray","ctor":"Float64Array","array":[0,0,0,0,0,0,1,1,1,1]}},{"__type__":"cc.Node","_name":"MainGame","_parent":{"__id__":6},"_children":[{"__id__":8},{"__id__":9},{"__id__":52},{"__id__":58},{"__id__":107},{"__id__":134},{"__id__":135},{"__id__":151},{"__id__":154},{"__id__":156}],"_components":[{"__type__":"cc.Widget","node":{"__id__":7},"alignMode":2,"_alignFlags":45},{"__type__":"6e1d7kgV5tLUbnIRYDdp53M","node":{"__id__":7},"bottomBtnArray":[{"__id__":65},{"__id__":71},{"__id__":77},{"__id__":83},{"__id__":89},{"__id__":95},{"__id__":101},{"__id__":106}],"gameInfoArray":[{"__type__":"gameInfo","gameLineMemberLab":{"__id__":114}},{"__type__":"gameInfo","gameId":3,"gameLineMemberLab":{"__id__":119}},{"__type__":"gameInfo","gameId":2,"gameLineMemberLab":{"__id__":126}},{"__type__":"gameInfo","gameId":4,"gameLineMemberLab":{"__id__":128}},{"__type__":"gameInfo","gameId":5,"gameLineMemberLab":{"__id__":133}}],"memberLab":{"__id__":51},"moneyLab":{"__id__":143},"messageLab":{"__id__":48},"nikeNameLab":{"__id__":33},"accountLab":{"__id__":139},"mainMaskNode":{"__id__":134},"itemParent":{"__id__":153}}],"_prefab":{"__type__":"cc.PrefabInfo","root":{"__id__":7},"asset":{"__uuid__":"9aKY1Hx31LwofWoiGzrwNT"},"fileId":"92gi8xIiZL1YPrdDFbHjDV"},"_contentSize":{"__type__":"cc.Size","width":1920,"height":1080},"_trs":{"__type__":"TypedArray","ctor":"Float64Array","array":[0,0,0,0,0,0,1,1,1,1]}},{"__type__":"cc.Node","_name":"bg","_parent":{"__id__":7},"_components":[{"__type__":"cc.Sprite","node":{"__id__":8},"_materials":[{"__uuid__":"ecpdLyjvZBwrvm+cedCcQy"}],"_spriteFrame":{"__uuid__":"a6eabckI9D8oASZzKVuRdT"},"_type":2,"_sizeMode":0},{"__type__":"cc.Widget","node":{"__id__":8},"alignMode":2,"_alignFlags":45,"_top":55.5,"_originalWidth":1136,"_originalHeight":640}],"_prefab":{"__type__":"cc.PrefabInfo","root":{"__id__":7},"asset":{"__uuid__":"9aKY1Hx31LwofWoiGzrwNT"},"fileId":"6ew7bDfZBLhK7Wv9Wd++Qu"},"_contentSize":{"__type__":"cc.Size","width":1920,"height":1024.5},"_trs":{"__type__":"TypedArray","ctor":"Float64Array","array":[0,-27.75,0,0,0,0,1,1,1,1]}},{"__type__":"cc.Node","_name":"top_bg","_parent":{"__id__":7},"_children":[{"__id__":10},{"__id__":30},{"__id__":38},{"__id__":39},{"__id__":40},{"__id__":41},{"__id__":49},{"__id__":50}],"_components":[{"__type__":"cc.Sprite","node":{"__id__":9},"_materials":[{"__uuid__":"ecpdLyjvZBwrvm+cedCcQy"}],"_spriteFrame":{"__uuid__":"419Xve9WpNQoN1/nxKfzwm"},"_sizeMode":2},{"__type__":"cc.Widget","node":{"__id__":9},"alignMode":2,"_alignFlags":41,"_originalWidth":1136}],"_prefab":{"__type__":"cc.PrefabInfo","root":{"__id__":7},"asset":{"__uuid__":"9aKY1Hx31LwofWoiGzrwNT"},"fileId":"e64i+jKD5IjoRK6XJFfI0j"},"_contentSize":{"__type__":"cc.Size","width":1920,"height":112},"_trs":{"__type__":"TypedArray","ctor":"Float64Array","array":[0,484,0,0,0,0,1,1,1,1]}},{"__type__":"cc.Node","_name":"head_menu","_parent":{"__id__":9},"_children":[{"__id__":11},{"__id__":13},{"__id__":15},{"__id__":22},{"__id__":24},{"__id__":26},{"__id__":28}],"_components":[{"__type__":"cc.Layout","node":{"__id__":10},"_layoutSize":{"__type__":"cc.Size","width":1857,"height":100},"_resize":1,"_N$layoutType":1,"_N$paddingLeft":250,"_N$spacingX":15}],"_prefab":{"__type__":"cc.PrefabInfo","root":{"__id__":7},"asset":{"__uuid__":"9aKY1Hx31LwofWoiGzrwNT"},"fileId":"f4oSDuQpFNSL3IO2Z02UXH"},"_contentSize":{"__type__":"cc.Size","width":1857,"height":100},"_trs":{"__type__":"TypedArray","ctor":"Float64Array","array":[0,0,0,0,0,0,1,1,1,1]}},{"__type__":"cc.Node","_name":"full_screen","_parent":{"__id__":10},"_children":[{"__id__":12}],"_components":[{"__type__":"cc.Sprite","node":{"__id__":11},"_materials":[{"__uuid__":"ecpdLyjvZBwrvm+cedCcQy"}],"_spriteFrame":{"__uuid__":"b74gJ+4cBMDooUhsllxEBK"}},{"__type__":"cc.Button","node":{"__id__":11},"_normalMaterial":{"__uuid__":"ecpdLyjvZBwrvm+cedCcQy"},"clickEvents":[{"__type__":"cc.ClickEvent","target":{"__id__":7},"_componentId":"6e1d7kgV5tLUbnIRYDdp53M","handler":"onBtnTap"}],"_N$transition":3,"transition":3}],"_prefab":{"__type__":"cc.PrefabInfo","root":{"__id__":7},"asset":{"__uuid__":"9aKY1Hx31LwofWoiGzrwNT"},"fileId":"fbZomHgPNJ8IkWbyfUavRO"},"_contentSize":{"__type__":"cc.Size","width":137,"height":44},"_trs":{"__type__":"TypedArray","ctor":"Float64Array","array":[-610,0,0,0,0,0,1,1,1,1]}},{"__type__":"cc.Node","_name":"text","_parent":{"__id__":11},"_components":[{"__type__":"cc.Label","node":{"__id__":12},"_materials":[{"__uuid__":"ecpdLyjvZBwrvm+cedCcQy"}],"_useOriginalSize":false,"_string":"全屏显示","_N$string":"全屏显示","_fontSize":16,"_lineHeight":30,"_styleFlags":1,"_N$horizontalAlign":1,"_N$verticalAlign":1}],"_prefab":{"__type__":"cc.PrefabInfo","root":{"__id__":7},"asset":{"__uuid__":"9aKY1Hx31LwofWoiGzrwNT"},"fileId":"ea/l8avFlO3ZNhw0cL5jtg"},"_color":{"__type__":"cc.Color","r":114,"g":52,"b":22},"_contentSize":{"__type__":"cc.Size","width":64,"height":37.8},"_trs":{"__type__":"TypedArray","ctor":"Float64Array","array":[0,0,0,0,0,0,1,1,1,1]}},{"__type__":"cc.Node","_name":"bet_record","_parent":{"__id__":10},"_children":[{"__id__":14}],"_components":[{"__type__":"cc.Sprite","node":{"__id__":13},"_materials":[{"__uuid__":"ecpdLyjvZBwrvm+cedCcQy"}],"_spriteFrame":{"__uuid__":"b74gJ+4cBMDooUhsllxEBK"}},{"__type__":"cc.Button","node":{"__id__":13},"_normalMaterial":{"__uuid__":"ecpdLyjvZBwrvm+cedCcQy"},"clickEvents":[{"__type__":"cc.ClickEvent","target":{"__id__":7},"_componentId":"6e1d7kgV5tLUbnIRYDdp53M","handler":"onBtnTap"}],"_N$transition":3,"transition":3}],"_prefab":{"__type__":"cc.PrefabInfo","root":{"__id__":7},"asset":{"__uuid__":"9aKY1Hx31LwofWoiGzrwNT"},"fileId":"911FYIvXdG5Y0+ES6VWQUN"},"_contentSize":{"__type__":"cc.Size","width":137,"height":44},"_trs":{"__type__":"TypedArray","ctor":"Float64Array","array":[-458,0,0,0,0,0,1,1,1,1]}},{"__type__":"cc.Node","_name":"text","_parent":{"__id__":13},"_components":[{"__type__":"cc.Label","node":{"__id__":14},"_materials":[{"__uuid__":"ecpdLyjvZBwrvm+cedCcQy"}],"_useOriginalSize":false,"_string":"下注记录","_N$string":"下注记录","_fontSize":16,"_lineHeight":30,"_styleFlags":1,"_N$horizontalAlign":1,"_N$verticalAlign":1}],"_prefab":{"__type__":"cc.PrefabInfo","root":{"__id__":7},"asset":{"__uuid__":"9aKY1Hx31LwofWoiGzrwNT"},"fileId":"32FeJ4aTpJnKwm3drZ62kT"},"_color":{"__type__":"cc.Color","r":114,"g":52,"b":22},"_contentSize":{"__type__":"cc.Size","width":64,"height":37.8},"_trs":{"__type__":"TypedArray","ctor":"Float64Array","array":[0,0,0,0,0,0,1,1,1,1]}},{"__type__":"cc.Node","_name":"NoticeController","_parent":{"__id__":10},"_children":[{"__id__":16},{"__id__":17}],"_components":[{"__type__":"cc.Layout","node":{"__id__":15},"_layoutSize":{"__type__":"cc.Size","width":725,"height":50},"_resize":1,"_N$layoutType":1,"_N$paddingLeft":50,"_N$paddingRight":30,"_N$spacingX":10},{"__type__":"5723faLBcBOWLEqrr8AyDjB","node":{"__id__":15},"moveBg":{"__id__":18},"msgContent":{"__id__":21}}],"_prefab":{"__type__":"cc.PrefabInfo","root":{"__id__":7},"asset":{"__uuid__":"9aKY1Hx31LwofWoiGzrwNT"},"fileId":"f5mEwYGo5HNKewitzyDduH"},"_contentSize":{"__type__":"cc.Size","width":725,"height":50},"_trs":{"__type__":"TypedArray","ctor":"Float64Array","array":[-12,5,0,0,0,0,1,1,1,1]}},{"__type__":"cc.Node","_name":"notice_icon","_parent":{"__id__":15},"_components":[{"__type__":"cc.Sprite","node":{"__id__":16},"_materials":[{"__uuid__":"ecpdLyjvZBwrvm+cedCcQy"}]}],"_prefab":{"__type__":"cc.PrefabInfo","root":{"__id__":7},"asset":{"__uuid__":"9aKY1Hx31LwofWoiGzrwNT"},"fileId":"444T5mXmlPvaaZ4qwn6xBz"},"_contentSize":{"__type__":"cc.Size","width":35,"height":28},"_trs":{"__type__":"TypedArray","ctor":"Float64Array","array":[-295,0,0,0,0,0,1,1,1,1]}},{"__type__":"cc.Node","_name":"maskNode","_parent":{"__id__":15},"_children":[{"__id__":18}],"_components":[{"__type__":"cc.Mask","node":{"__id__":17},"_materials":[{"__uuid__":"ecpdLyjvZBwrvm+cedCcQy"}]}],"_prefab":{"__type__":"cc.PrefabInfo","root":{"__id__":7},"asset":{"__uuid__":"9aKY1Hx31LwofWoiGzrwNT"},"fileId":"b03i8pwa5A7YUtvM2JOEzI"},"_contentSize":{"__type__":"cc.Size","width":600,"height":30.7},"_trs":{"__type__":"TypedArray","ctor":"Float64Array","array":[32.5,0.6,0,0,0,0,1,1,1,1]}},{"__type__":"cc.Node","_name":"moveBg","_parent":{"__id__":17},"_children":[{"__id__":19}],"_active":false,"_components":[{"__type__":"cc.Mask","node":{"__id__":18},"_materials":[{"__uuid__":"ecpdLyjvZBwrvm+cedCcQy"}]}],"_prefab":{"__type__":"cc.PrefabInfo","root":{"__id__":7},"asset":{"__uuid__":"9aKY1Hx31LwofWoiGzrwNT"},"fileId":"70msBERzxEX4Q6yYK+9bwV"},"_contentSize":{"__type__":"cc.Size","width":566.9,"height":30.7},"_anchorPoint":{"__type__":"cc.Vec2","y":0.5},"_trs":{"__type__":"TypedArray","ctor":"Float64Array","array":[295,0,0,0,0,0,1,1,1,1]}},{"__type__":"cc.Node","_name":"msg","_parent":{"__id__":18},"_children":[{"__id__":20}],"_components":[{"__id__":21}],"_prefab":{"__type__":"cc.PrefabInfo","root":{"__id__":7},"asset":{"__uuid__":"9aKY1Hx31LwofWoiGzrwNT"},"fileId":"02TIMQdp1C25988Y2l3dd/"},"_contentSize":{"__type__":"cc.Size","width":29.4,"height":50.4},"_anchorPoint":{"__type__":"cc.Vec2","y":0.5},"_trs":{"__type__":"TypedArray","ctor":"Float64Array","array":[295,0,0,0,0,0,1,1,1,1]}},{"__type__":"cc.PrivateNode","_name":"RICHTEXT_CHILD","_objFlags":1024,"_parent":{"__id__":19},"_active":false,"_components":[{"__type__":"cc.Label","node":{"__id__":20},"_materials":[{"__uuid__":"ecpdLyjvZBwrvm+cedCcQy"}],"_string":"xxx","_N$string":"xxx","_fontSize":20,"_N$file":{"__uuid__":"bcrfDxrhZMG61uRL1F6Fu9"},"_isSystemFontUsed":false,"_N$verticalAlign":1}],"_prefab":{"__type__":"cc.PrefabInfo","root":{"__id__":7},"asset":{"__uuid__":"9aKY1Hx31LwofWoiGzrwNT"},"fileId":"efmCsAXmxC662wLF/opvNE"},"_contentSize":{"__type__":"cc.Size","width":29.4,"height":50.4},"_anchorPoint":{"__type__":"cc.Vec2"},"_trs":{"__type__":"TypedArray","ctor":"Float64Array","array":[0,-25.2,0,0,0,0,1,1,1,1]},"_zIndex":-32768},{"__type__":"cc.RichText","node":{"__id__":19},"_isSystemFontUsed":false,"_N$string":"xxx","_N$fontSize":30,"_N$font":{"__uuid__":"bcrfDxrhZMG61uRL1F6Fu9"}},{"__type__":"cc.Node","_name":"sys_set","_parent":{"__id__":10},"_children":[{"__id__":23}],"_components":[{"__type__":"cc.Sprite","node":{"__id__":22},"_materials":[{"__uuid__":"ecpdLyjvZBwrvm+cedCcQy"}],"_spriteFrame":{"__uuid__":"b74gJ+4cBMDooUhsllxEBK"}},{"__type__":"cc.Button","node":{"__id__":22},"_normalMaterial":{"__uuid__":"ecpdLyjvZBwrvm+cedCcQy"},"clickEvents":[{"__type__":"cc.ClickEvent","target":{"__id__":7},"_componentId":"6e1d7kgV5tLUbnIRYDdp53M","handler":"onBtnTap"}],"_N$transition":3,"transition":3}],"_prefab":{"__type__":"cc.PrefabInfo","root":{"__id__":7},"asset":{"__uuid__":"9aKY1Hx31LwofWoiGzrwNT"},"fileId":"0ccXQDMfFKVoXilYThtaI0"},"_contentSize":{"__type__":"cc.Size","width":137,"height":44},"_trs":{"__type__":"TypedArray","ctor":"Float64Array","array":[434,0,0,0,0,0,1,1,1,1]}},{"__type__":"cc.Node","_name":"text","_parent":{"__id__":22},"_components":[{"__type__":"cc.Label","node":{"__id__":23},"_materials":[{"__uuid__":"ecpdLyjvZBwrvm+cedCcQy"}],"_useOriginalSize":false,"_string":"系统设置","_N$string":"系统设置","_fontSize":16,"_lineHeight":30,"_styleFlags":1,"_N$horizontalAlign":1,"_N$verticalAlign":1}],"_prefab":{"__type__":"cc.PrefabInfo","root":{"__id__":7},"asset":{"__uuid__":"9aKY1Hx31LwofWoiGzrwNT"},"fileId":"f5ujrADypB2InO/cghn7/6"},"_color":{"__type__":"cc.Color","r":114,"g":52,"b":22},"_contentSize":{"__type__":"cc.Size","width":64,"height":37.8},"_trs":{"__type__":"TypedArray","ctor":"Float64Array","array":[0,0,0,0,0,0,1,1,1,1]}},{"__type__":"cc.Node","_name":"game_rule","_parent":{"__id__":10},"_children":[{"__id__":25}],"_components":[{"__type__":"cc.Sprite","node":{"__id__":24},"_materials":[{"__uuid__":"ecpdLyjvZBwrvm+cedCcQy"}],"_spriteFrame":{"__uuid__":"b74gJ+4cBMDooUhsllxEBK"}},{"__type__":"cc.Button","node":{"__id__":24},"_normalMaterial":{"__uuid__":"ecpdLyjvZBwrvm+cedCcQy"},"clickEvents":[{"__type__":"cc.ClickEvent","target":{"__id__":7},"_componentId":"6e1d7kgV5tLUbnIRYDdp53M","handler":"onBtnTap"}],"_N$transition":3,"transition":3}],"_prefab":{"__type__":"cc.PrefabInfo","root":{"__id__":7},"asset":{"__uuid__":"9aKY1Hx31LwofWoiGzrwNT"},"fileId":"c3zwdQIl9OmZQO4AKpOAOT"},"_contentSize":{"__type__":"cc.Size","width":137,"height":44},"_trs":{"__type__":"TypedArray","ctor":"Float64Array","array":[586,0,0,0,0,0,1,1,1,1]}},{"__type__":"cc.Node","_name":"text","_parent":{"__id__":24},"_components":[{"__type__":"cc.Label","node":{"__id__":25},"_materials":[{"__uuid__":"ecpdLyjvZBwrvm+cedCcQy"}],"_useOriginalSize":false,"_string":"游戏规则","_N$string":"游戏规则","_fontSize":16,"_lineHeight":30,"_styleFlags":1,"_N$horizontalAlign":1,"_N$verticalAlign":1}],"_prefab":{"__type__":"cc.PrefabInfo","root":{"__id__":7},"asset":{"__uuid__":"9aKY1Hx31LwofWoiGzrwNT"},"fileId":"a8Rr9GQ3tOa6yBm2ZcI+as"},"_color":{"__type__":"cc.Color","r":114,"g":52,"b":22},"_contentSize":{"__type__":"cc.Size","width":64,"height":37.8},"_trs":{"__type__":"TypedArray","ctor":"Float64Array","array":[0,0,0,0,0,0,1,1,1,1]}},{"__type__":"cc.Node","_name":"black_btn","_parent":{"__id__":10},"_children":[{"__id__":27}],"_components":[{"__type__":"cc.Sprite","node":{"__id__":26},"_materials":[{"__uuid__":"ecpdLyjvZBwrvm+cedCcQy"}]},{"__type__":"cc.Button","node":{"__id__":26},"_normalMaterial":{"__uuid__":"ecpdLyjvZBwrvm+cedCcQy"},"_N$transition":3,"transition":3}],"_prefab":{"__type__":"cc.PrefabInfo","root":{"__id__":7},"asset":{"__uuid__":"9aKY1Hx31LwofWoiGzrwNT"},"fileId":"8dbpxE3GxIcbjvMVPg6N4O"},"_contentSize":{"__type__":"cc.Size","width":122,"height":47},"_trs":{"__type__":"TypedArray","ctor":"Float64Array","array":[730.5,0,0,0,0,0,1,1,1,1]}},{"__type__":"cc.Node","_name":"text","_parent":{"__id__":26},"_components":[{"__type__":"cc.Label","node":{"__id__":27},"_materials":[{"__uuid__":"ecpdLyjvZBwrvm+cedCcQy"}],"_useOriginalSize":false,"_string":"上一页","_N$string":"上一页","_fontSize":16,"_lineHeight":30,"_styleFlags":1,"_N$horizontalAlign":1,"_N$verticalAlign":1}],"_prefab":{"__type__":"cc.PrefabInfo","root":{"__id__":7},"asset":{"__uuid__":"9aKY1Hx31LwofWoiGzrwNT"},"fileId":"8aIxTmIiBLQ74vLSlAM/oy"},"_color":{"__type__":"cc.Color","r":14,"g":205,"b":240},"_contentSize":{"__type__":"cc.Size","width":48,"height":37.8},"_trs":{"__type__":"TypedArray","ctor":"Float64Array","array":[0,0,0,0,0,0,1,1,1,1]}},{"__type__":"cc.Node","_name":"black_btn","_parent":{"__id__":10},"_children":[{"__id__":29}],"_components":[{"__type__":"cc.Sprite","node":{"__id__":28},"_materials":[{"__uuid__":"ecpdLyjvZBwrvm+cedCcQy"}]},{"__type__":"cc.Button","node":{"__id__":28},"_normalMaterial":{"__uuid__":"ecpdLyjvZBwrvm+cedCcQy"},"_N$transition":3,"transition":3}],"_prefab":{"__type__":"cc.PrefabInfo","root":{"__id__":7},"asset":{"__uuid__":"9aKY1Hx31LwofWoiGzrwNT"},"fileId":"55hDp8vcBMLYqHJOnMntrY"},"_contentSize":{"__type__":"cc.Size","width":122,"height":47},"_trs":{"__type__":"TypedArray","ctor":"Float64Array","array":[867.5,0,0,0,0,0,1,1,1,1]}},{"__type__":"cc.Node","_name":"text","_parent":{"__id__":28},"_components":[{"__type__":"cc.Label","node":{"__id__":29},"_materials":[{"__uuid__":"ecpdLyjvZBwrvm+cedCcQy"}],"_useOriginalSize":false,"_string":"下一页","_N$string":"下一页","_fontSize":16,"_lineHeight":30,"_styleFlags":1,"_N$horizontalAlign":1,"_N$verticalAlign":1}],"_prefab":{"__type__":"cc.PrefabInfo","root":{"__id__":7},"asset":{"__uuid__":"9aKY1Hx31LwofWoiGzrwNT"},"fileId":"99w6vR8jNLpK9kvXzSBiax"},"_contentSize":{"__type__":"cc.Size","width":48,"height":37.8},"_trs":{"__type__":"TypedArray","ctor":"Float64Array","array":[0,0,0,0,0,0,1,1,1,1]}},{"__type__":"cc.Node","_name":"head_icon_bg","_parent":{"__id__":9},"_children":[{"__id__":31},{"__id__":35},{"__id__":36},{"__id__":37}],"_components":[{"__type__":"cc.Sprite","node":{"__id__":30},"_materials":[{"__uuid__":"ecpdLyjvZBwrvm+cedCcQy"}],"_spriteFrame":{"__uuid__":"57j2nH5VNIUbPFGmljxzcP"},"_type":1,"_sizeMode":0},{"__type__":"cc.Widget","node":{"__id__":30},"_alignFlags":9,"_left":15.624000000000024,"_top":24.188}],"_prefab":{"__type__":"cc.PrefabInfo","root":{"__id__":7},"asset":{"__uuid__":"9aKY1Hx31LwofWoiGzrwNT"},"fileId":"7a4faTVbBC7Y0RxBcx59in"},"_contentSize":{"__type__":"cc.Size","width":68,"height":68},"_trs":{"__type__":"TypedArray","ctor":"Float64Array","array":[-910.376,-2.187999999999999,0,0,0,0,1,1,1,1]}},{"__type__":"cc.Node","_name":"layout","_parent":{"__id__":30},"_children":[{"__id__":32},{"__id__":34}],"_components":[{"__type__":"cc.Layout","node":{"__id__":31},"_layoutSize":{"__type__":"cc.Size","width":69,"height":21},"_resize":1,"_N$layoutType":1,"_N$spacingX":10}],"_prefab":{"__type__":"cc.PrefabInfo","root":{"__id__":7},"asset":{"__uuid__":"9aKY1Hx31LwofWoiGzrwNT"},"fileId":"a2ukh1nbtCKozqApAlTadW"},"_contentSize":{"__type__":"cc.Size","width":69,"height":21},"_anchorPoint":{"__type__":"cc.Vec2","y":0.5},"_trs":{"__type__":"TypedArray","ctor":"Float64Array","array":[41.265,-0.456,0,0,0,0,1,1,1,1]}},{"__type__":"cc.Node","_name":"nikeNameLab","_parent":{"__id__":31},"_components":[{"__id__":33}],"_prefab":{"__type__":"cc.PrefabInfo","root":{"__id__":7},"asset":{"__uuid__":"9aKY1Hx31LwofWoiGzrwNT"},"fileId":"5bpXqQe6dLQrbjPK6uko3Q"},"_contentSize":{"__type__":"cc.Size","width":38,"height":37.8},"_anchorPoint":{"__type__":"cc.Vec2","y":0.5},"_trs":{"__type__":"TypedArray","ctor":"Float64Array","array":[0,0.778,0,0,0,0,1,1,1,1]}},{"__type__":"cc.Label","node":{"__id__":32},"_materials":[{"__uuid__":"ecpdLyjvZBwrvm+cedCcQy"}],"_useOriginalSize":false,"_string":"昵称","_N$string":"昵称","_fontSize":19,"_lineHeight":30,"_N$file":{"__uuid__":"46+JuiEWZM24PqUuDl8jKX"},"_isSystemFontUsed":false,"_N$horizontalAlign":1,"_N$verticalAlign":1},{"__type__":"cc.Node","_name":"modify_btn","_parent":{"__id__":31},"_components":[{"__type__":"cc.Sprite","node":{"__id__":34},"_materials":[{"__uuid__":"ecpdLyjvZBwrvm+cedCcQy"}],"_spriteFrame":{"__uuid__":"9eQWNpsCpFs6CpMneUQ4Qw"}}],"_prefab":{"__type__":"cc.PrefabInfo","root":{"__id__":7},"asset":{"__uuid__":"9aKY1Hx31LwofWoiGzrwNT"},"fileId":"87/7hFhtdDOos/JTiSH7CF"},"_contentSize":{"__type__":"cc.Size","width":21,"height":21},"_trs":{"__type__":"TypedArray","ctor":"Float64Array","array":[58.5,0,0,0,0,0,1,1,1,1]}},{"__type__":"cc.Node","_name":"accountLab","_parent":{"__id__":30},"_active":false,"_components":[{"__type__":"cc.Label","node":{"__id__":35},"_materials":[{"__uuid__":"ecpdLyjvZBwrvm+cedCcQy"}],"_useOriginalSize":false,"_string":"账户","_N$string":"账户","_fontSize":15,"_lineHeight":30,"_N$file":{"__uuid__":"46+JuiEWZM24PqUuDl8jKX"},"_isSystemFontUsed":false,"_N$verticalAlign":1}],"_prefab":{"__type__":"cc.PrefabInfo","root":{"__id__":7},"asset":{"__uuid__":"9aKY1Hx31LwofWoiGzrwNT"},"fileId":"7bY2VaeL1N2qup3psuiE2T"},"_contentSize":{"__type__":"cc.Size","width":30,"height":37.8},"_anchorPoint":{"__type__":"cc.Vec2","y":0.5},"_trs":{"__type__":"TypedArray","ctor":"Float64Array","array":[43.239,-14.319,0,0,0,0,1,1,1,1]}},{"__type__":"cc.Node","_name":"userInfoBtn","_parent":{"__id__":30},"_components":[{"__type__":"cc.Button","node":{"__id__":36},"clickEvents":[{"__type__":"cc.ClickEvent","target":{"__id__":7},"_componentId":"6e1d7kgV5tLUbnIRYDdp53M","handler":"onBtnTap"}]}],"_prefab":{"__type__":"cc.PrefabInfo","root":{"__id__":7},"asset":{"__uuid__":"9aKY1Hx31LwofWoiGzrwNT"},"fileId":"66ujpaqJZGr5PL6/8pCsW8"},"_contentSize":{"__type__":"cc.Size","width":188.3,"height":77},"_trs":{"__type__":"TypedArray","ctor":"Float64Array","array":[59.6,0,0,0,0,0,1,1,1,1]}},{"__type__":"cc.Node","_name":"headIcon","_parent":{"__id__":30},"_components":[{"__type__":"cc.Sprite","node":{"__id__":37},"_materials":[{"__uuid__":"ecpdLyjvZBwrvm+cedCcQy"}],"_spriteFrame":{"__uuid__":"3exyO6I3dDb63zLQqV1BC0"},"_sizeMode":0}],"_prefab":{"__type__":"cc.PrefabInfo","root":{"__id__":7},"asset":{"__uuid__":"9aKY1Hx31LwofWoiGzrwNT"},"fileId":"8bHnHfOc1DOr9q+taLf5iJ"},"_contentSize":{"__type__":"cc.Size","width":65.4,"height":65.3},"_trs":{"__type__":"TypedArray","ctor":"Float64Array","array":[-0.3,0.6,0,0,0,0,1,1,1,1]}},{"__type__":"cc.Node","_name":"total_money_bg","_parent":{"__id__":9},"_active":false,"_components":[{"__type__":"cc.Sprite","node":{"__id__":38},"_materials":[{"__uuid__":"ecpdLyjvZBwrvm+cedCcQy"}],"_spriteFrame":{"__uuid__":"e0jQ1hkyhKOb4r/al7Lj0i"},"_type":1,"_sizeMode":0}],"_prefab":{"__type__":"cc.PrefabInfo","root":{"__id__":7},"asset":{"__uuid__":"9aKY1Hx31LwofWoiGzrwNT"},"fileId":"c95SEwDhpIio4xOxox/PHp"},"_contentSize":{"__type__":"cc.Size","width":175.9,"height":34},"_trs":{"__type__":"TypedArray","ctor":"Float64Array","array":[-171.8,10.4,0,0,0,0,1,1,1,1]}},{"__type__":"cc.Node","_name":"total_member_bg","_parent":{"__id__":9},"_active":false,"_components":[{"__type__":"cc.Sprite","node":{"__id__":39},"_materials":[{"__uuid__":"ecpdLyjvZBwrvm+cedCcQy"}],"_spriteFrame":{"__uuid__":"f6EuCUnc1LGIWAwTSzyyuQ"},"_type":1,"_sizeMode":0}],"_prefab":{"__type__":"cc.PrefabInfo","root":{"__id__":7},"asset":{"__uuid__":"9aKY1Hx31LwofWoiGzrwNT"},"fileId":"1ethCtDkxKm6lgsvv87RZV"},"_contentSize":{"__type__":"cc.Size","width":153,"height":34},"_trs":{"__type__":"TypedArray","ctor":"Float64Array","array":[89.367,10.292,0,0,0,0,1,1,1,1]}},{"__type__":"cc.Node","_name":"money_add_btn","_parent":{"__id__":9},"_active":false,"_components":[{"__type__":"cc.Sprite","node":{"__id__":40},"_materials":[{"__uuid__":"ecpdLyjvZBwrvm+cedCcQy"}],"_spriteFrame":{"__uuid__":"66e3sVKrhEm71g6y7NZjq6"}},{"__type__":"cc.Button","node":{"__id__":40},"clickEvents":[{"__type__":"cc.ClickEvent","target":{"__id__":7},"_componentId":"6e1d7kgV5tLUbnIRYDdp53M","handler":"onBtnTap"}]}],"_prefab":{"__type__":"cc.PrefabInfo","root":{"__id__":7},"asset":{"__uuid__":"9aKY1Hx31LwofWoiGzrwNT"},"fileId":"57Wn/iVf9IfqiQacG/cqX/"},"_contentSize":{"__type__":"cc.Size","width":25,"height":25},"_trs":{"__type__":"TypedArray","ctor":"Float64Array","array":[-101.724,9.867,0,0,0,0,1,1,1,1]}},{"__type__":"cc.Node","_name":"right_top","_parent":{"__id__":9},"_children":[{"__id__":42},{"__id__":43},{"__id__":44},{"__id__":45}],"_active":false,"_components":[{"__type__":"cc.Widget","node":{"__id__":41},"_alignFlags":33,"_right":4.358999999999924,"_top":2.9200000000000017}],"_prefab":{"__type__":"cc.PrefabInfo","root":{"__id__":7},"asset":{"__uuid__":"9aKY1Hx31LwofWoiGzrwNT"},"fileId":"8e1VoXMSFLxLC71elQF6S9"},"_contentSize":{"__type__":"cc.Size","width":350,"height":55},"_trs":{"__type__":"TypedArray","ctor":"Float64Array","array":[780.6410000000001,25.58,0,0,0,0,1,1,1,1]}},{"__type__":"cc.Node","_name":"get_money_btn","_parent":{"__id__":41},"_components":[{"__type__":"cc.Sprite","node":{"__id__":42},"_materials":[{"__uuid__":"ecpdLyjvZBwrvm+cedCcQy"}],"_spriteFrame":{"__uuid__":"62xclfMD9FU6+VH5/NjQPW"}},{"__type__":"cc.Button","node":{"__id__":42},"clickEvents":[{"__type__":"cc.ClickEvent","target":{"__id__":7},"_componentId":"6e1d7kgV5tLUbnIRYDdp53M","handler":"onBtnTap"}]}],"_prefab":{"__type__":"cc.PrefabInfo","root":{"__id__":7},"asset":{"__uuid__":"9aKY1Hx31LwofWoiGzrwNT"},"fileId":"8eufWnrEFP/JHYQhpArJY7"},"_contentSize":{"__type__":"cc.Size","width":124,"height":75},"_trs":{"__type__":"TypedArray","ctor":"Float64Array","array":[-38.837,-2.853,0,0,0,0,1,0.6,0.6,1]}},{"__type__":"cc.Node","_name":"save_money_btn","_parent":{"__id__":41},"_components":[{"__type__":"cc.Sprite","node":{"__id__":43},"_materials":[{"__uuid__":"ecpdLyjvZBwrvm+cedCcQy"}],"_spriteFrame":{"__uuid__":"627WY5zmxDuKvbJxqFfzfa"}},{"__type__":"cc.Button","node":{"__id__":43},"clickEvents":[{"__type__":"cc.ClickEvent","target":{"__id__":7},"_componentId":"6e1d7kgV5tLUbnIRYDdp53M","handler":"onBtnTap"}]}],"_prefab":{"__type__":"cc.PrefabInfo","root":{"__id__":7},"asset":{"__uuid__":"9aKY1Hx31LwofWoiGzrwNT"},"fileId":"f9Mk79Y8FAvJfi52rq1nR1"},"_contentSize":{"__type__":"cc.Size","width":124,"height":75},"_trs":{"__type__":"TypedArray","ctor":"Float64Array","array":[-130.648,-2.853,0,0,0,0,1,0.6,0.6,1]}},{"__type__":"cc.Node","_name":"add_friend_btn","_parent":{"__id__":41},"_components":[{"__type__":"cc.Sprite","node":{"__id__":44},"_materials":[{"__uuid__":"ecpdLyjvZBwrvm+cedCcQy"}],"_spriteFrame":{"__uuid__":"e7lXfgPOZPdqND4jvxvGdx"}},{"__type__":"cc.Button","node":{"__id__":44},"clickEvents":[{"__type__":"cc.ClickEvent","target":{"__id__":7},"_componentId":"6e1d7kgV5tLUbnIRYDdp53M","handler":"onBtnTap"}]}],"_prefab":{"__type__":"cc.PrefabInfo","root":{"__id__":7},"asset":{"__uuid__":"9aKY1Hx31LwofWoiGzrwNT"},"fileId":"c0gX/WqVpIYZZ3bk1gEWUi"},"_contentSize":{"__type__":"cc.Size","width":44,"height":47},"_trs":{"__type__":"TypedArray","ctor":"Float64Array","array":[46.527,-2.253,0,0,0,0,1,1,1,1]}},{"__type__":"cc.Node","_name":"service_btn","_parent":{"__id__":41},"_children":[{"__id__":46},{"__id__":47}],"_components":[{"__type__":"cc.Sprite","node":{"__id__":45},"_materials":[{"__uuid__":"ecpdLyjvZBwrvm+cedCcQy"}],"_spriteFrame":{"__uuid__":"86yPnjTRJIhL28zOGr6zh+"}},{"__type__":"cc.Button","node":{"__id__":45},"clickEvents":[{"__type__":"cc.ClickEvent","target":{"__id__":7},"_componentId":"6e1d7kgV5tLUbnIRYDdp53M","handler":"onBtnTap"}]}],"_prefab":{"__type__":"cc.PrefabInfo","root":{"__id__":7},"asset":{"__uuid__":"9aKY1Hx31LwofWoiGzrwNT"},"fileId":"018mhNuPlOipDYxk5PZ8Ov"},"_contentSize":{"__type__":"cc.Size","width":46,"height":47},"_trs":{"__type__":"TypedArray","ctor":"Float64Array","array":[122.144,-3.797,0,0,0,0,1,1,1,1]}},{"__type__":"cc.Node","_name":"red_point","_parent":{"__id__":45},"_components":[{"__type__":"cc.Sprite","node":{"__id__":46},"_materials":[{"__uuid__":"ecpdLyjvZBwrvm+cedCcQy"}],"_spriteFrame":{"__uuid__":"65l7Hcru1AuaJAf1vtWWRu"}}],"_prefab":{"__type__":"cc.PrefabInfo","root":{"__id__":7},"asset":{"__uuid__":"9aKY1Hx31LwofWoiGzrwNT"},"fileId":"a9xpTUdAJPeaIGSx9Tlsw8"},"_contentSize":{"__type__":"cc.Size","width":27,"height":27},"_trs":{"__type__":"TypedArray","ctor":"Float64Array","array":[24.259,17.261,0,0,0,0,1,1,1,1]}},{"__type__":"cc.Node","_name":"messageLab","_parent":{"__id__":45},"_components":[{"__id__":48}],"_prefab":{"__type__":"cc.PrefabInfo","root":{"__id__":7},"asset":{"__uuid__":"9aKY1Hx31LwofWoiGzrwNT"},"fileId":"b7wkk1lphGRqdJfcDwoBj5"},"_contentSize":{"__type__":"cc.Size","width":9.5,"height":25.2},"_trs":{"__type__":"TypedArray","ctor":"Float64Array","array":[24.242,18.292,0,0,0,0,1,1,1,1]}},{"__type__":"cc.Label","node":{"__id__":47},"_materials":[{"__uuid__":"ecpdLyjvZBwrvm+cedCcQy"}],"_useOriginalSize":false,"_string":"2","_N$string":"2","_fontSize":16,"_lineHeight":20,"_N$file":{"__uuid__":"a6GFdfihpIQY/CU35PyGmw"},"_isSystemFontUsed":false,"_N$horizontalAlign":1,"_N$verticalAlign":1},{"__type__":"cc.Node","_name":"money_lab","_parent":{"__id__":9},"_active":false,"_components":[{"__type__":"cc.Label","node":{"__id__":49},"_materials":[{"__uuid__":"ecpdLyjvZBwrvm+cedCcQy"}],"_useOriginalSize":false,"_string":"5550","_N$string":"5550","_fontSize":22,"_lineHeight":25,"_N$file":{"__uuid__":"a6GFdfihpIQY/CU35PyGmw"},"_isSystemFontUsed":false,"_N$horizontalAlign":1,"_N$verticalAlign":1,"_N$overflow":2}],"_prefab":{"__type__":"cc.PrefabInfo","root":{"__id__":7},"asset":{"__uuid__":"9aKY1Hx31LwofWoiGzrwNT"},"fileId":"ecyh3c1NNJNbhuKJVJQ/vk"},"_contentSize":{"__type__":"cc.Size","width":91.7,"height":37.8},"_anchorPoint":{"__type__":"cc.Vec2","y":0.5},"_trs":{"__type__":"TypedArray","ctor":"Float64Array","array":[-221.351,10.9,0,0,0,0,1,1,1,1]}},{"__type__":"cc.Node","_name":"memberLab","_parent":{"__id__":9},"_active":false,"_components":[{"__id__":51}],"_prefab":{"__type__":"cc.PrefabInfo","root":{"__id__":7},"asset":{"__uuid__":"9aKY1Hx31LwofWoiGzrwNT"},"fileId":"81NFboV8VEqqJxfpm8/MSm"},"_contentSize":{"__type__":"cc.Size","width":115.7,"height":37.8},"_anchorPoint":{"__type__":"cc.Vec2","y":0.5},"_trs":{"__type__":"TypedArray","ctor":"Float64Array","array":[47.7,10.9,0,0,0,0,1,1,1,1]}},{"__type__":"cc.Label","node":{"__id__":50},"_materials":[{"__uuid__":"ecpdLyjvZBwrvm+cedCcQy"}],"_useOriginalSize":false,"_string":"0","_N$string":"0","_fontSize":22,"_lineHeight":30,"_N$file":{"__uuid__":"a6GFdfihpIQY/CU35PyGmw"},"_isSystemFontUsed":false,"_N$horizontalAlign":1,"_N$verticalAlign":1,"_N$overflow":2},{"__type__":"cc.Node","_name":"NoticeController","_parent":{"__id__":7},"_children":[{"__id__":53}],"_active":false,"_components":[{"__type__":"cc.Sprite","node":{"__id__":52},"_materials":[{"__uuid__":"ecpdLyjvZBwrvm+cedCcQy"}],"_spriteFrame":{"__uuid__":"0ahwsB1jpOabVIFj9L5R6S"},"_type":1,"_sizeMode":0},{"__type__":"cc.Widget","node":{"__id__":52},"_alignFlags":4,"_bottom":54},{"__type__":"5723faLBcBOWLEqrr8AyDjB","node":{"__id__":52},"moveBg":{"__id__":54},"msgContent":{"__id__":57}}],"_prefab":{"__type__":"cc.PrefabInfo","root":{"__id__":7},"asset":{"__uuid__":"9aKY1Hx31LwofWoiGzrwNT"},"fileId":"c4E3lczFJKqIg99OeSXykQ"},"_contentSize":{"__type__":"cc.Size","width":629,"height":34},"_trs":{"__type__":"TypedArray","ctor":"Float64Array","array":[-244,-469,0,0,0,0,1,1,1,1]}},{"__type__":"cc.Node","_name":"maskNode","_parent":{"__id__":52},"_children":[{"__id__":54}],"_components":[{"__type__":"cc.Mask","node":{"__id__":53},"_materials":[{"__uuid__":"ecpdLyjvZBwrvm+cedCcQy"}]}],"_prefab":{"__type__":"cc.PrefabInfo","root":{"__id__":7},"asset":{"__uuid__":"9aKY1Hx31LwofWoiGzrwNT"},"fileId":"680wq+H25NA5kxVx/Ucj4c"},"_contentSize":{"__type__":"cc.Size","width":566.9,"height":30.7},"_trs":{"__type__":"TypedArray","ctor":"Float64Array","array":[46.1,0.6,0,0,0,0,1,1,1,1]}},{"__type__":"cc.Node","_name":"moveBg","_parent":{"__id__":53},"_children":[{"__id__":55}],"_active":false,"_components":[{"__type__":"cc.Mask","node":{"__id__":54},"_materials":[{"__uuid__":"ecpdLyjvZBwrvm+cedCcQy"}]}],"_prefab":{"__type__":"cc.PrefabInfo","root":{"__id__":7},"asset":{"__uuid__":"9aKY1Hx31LwofWoiGzrwNT"},"fileId":"2f4QuvCLtDKq+JeFqftCxy"},"_contentSize":{"__type__":"cc.Size","width":566.9,"height":30.7},"_anchorPoint":{"__type__":"cc.Vec2","y":0.5},"_trs":{"__type__":"TypedArray","ctor":"Float64Array","array":[295,0,0,0,0,0,1,1,1,1]}},{"__type__":"cc.Node","_name":"msg","_parent":{"__id__":54},"_children":[{"__id__":56}],"_components":[{"__id__":57}],"_prefab":{"__type__":"cc.PrefabInfo","root":{"__id__":7},"asset":{"__uuid__":"9aKY1Hx31LwofWoiGzrwNT"},"fileId":"8c2euxRQFHN7p4LUr3PJRM"},"_contentSize":{"__type__":"cc.Size","width":29.4,"height":50.4},"_anchorPoint":{"__type__":"cc.Vec2","y":0.5},"_trs":{"__type__":"TypedArray","ctor":"Float64Array","array":[295,0,0,0,0,0,1,1,1,1]}},{"__type__":"cc.PrivateNode","_name":"RICHTEXT_CHILD","_objFlags":1024,"_parent":{"__id__":55},"_active":false,"_components":[{"__type__":"cc.Label","node":{"__id__":56},"_materials":[{"__uuid__":"ecpdLyjvZBwrvm+cedCcQy"}],"_string":"xxx","_N$string":"xxx","_fontSize":20,"_N$file":{"__uuid__":"bcrfDxrhZMG61uRL1F6Fu9"},"_isSystemFontUsed":false,"_N$verticalAlign":1}],"_prefab":{"__type__":"cc.PrefabInfo","root":{"__id__":7},"asset":{"__uuid__":"9aKY1Hx31LwofWoiGzrwNT"},"fileId":"a40Xn303NAd6CIGMY6XshI"},"_contentSize":{"__type__":"cc.Size","width":29.4,"height":50.4},"_anchorPoint":{"__type__":"cc.Vec2"},"_trs":{"__type__":"TypedArray","ctor":"Float64Array","array":[0,-25.2,0,0,0,0,1,1,1,1]},"_zIndex":-32768},{"__type__":"cc.RichText","node":{"__id__":55},"_isSystemFontUsed":false,"_N$string":"xxx","_N$fontSize":20,"_N$font":{"__uuid__":"bcrfDxrhZMG61uRL1F6Fu9"}},{"__type__":"cc.Node","_name":"bottom_bg","_parent":{"__id__":7},"_children":[{"__id__":59}],"_active":false,"_components":[{"__type__":"cc.Sprite","node":{"__id__":58},"_materials":[{"__uuid__":"ecpdLyjvZBwrvm+cedCcQy"}],"_spriteFrame":{"__uuid__":"4dHUzouVpMArLPy5fT5c8q"},"_sizeMode":0},{"__type__":"cc.Widget","node":{"__id__":58},"_alignFlags":44,"_left":-0.5,"_right":-0.5,"_originalWidth":1137}],"_prefab":{"__type__":"cc.PrefabInfo","root":{"__id__":7},"asset":{"__uuid__":"9aKY1Hx31LwofWoiGzrwNT"},"fileId":"ddPMkq3Z9DoIYIf7rOFaa6"},"_contentSize":{"__type__":"cc.Size","width":1921,"height":52},"_trs":{"__type__":"TypedArray","ctor":"Float64Array","array":[0,-514,0,0,0,0,1,1,1,1]}},{"__type__":"cc.Node","_name":"Layout","_parent":{"__id__":58},"_children":[{"__id__":60},{"__id__":66},{"__id__":72},{"__id__":78},{"__id__":84},{"__id__":90},{"__id__":96},{"__id__":102}],"_components":[{"__type__":"cc.Layout","node":{"__id__":59},"_layoutSize":{"__type__":"cc.Size","width":1062,"height":53},"_resize":1,"_N$layoutType":1,"_N$paddingLeft":10,"_N$spacingX":36},{"__type__":"cc.Widget","node":{"__id__":59},"_alignFlags":40,"_left":32.42799999999997,"_right":826.572,"_originalWidth":1137}],"_prefab":{"__type__":"cc.PrefabInfo","root":{"__id__":7},"asset":{"__uuid__":"9aKY1Hx31LwofWoiGzrwNT"},"fileId":"dbI0AGCMROz5yp+ALwBsfC"},"_contentSize":{"__type__":"cc.Size","width":1062,"height":53},"_anchorPoint":{"__type__":"cc.Vec2","y":0.5},"_trs":{"__type__":"TypedArray","ctor":"Float64Array","array":[-928.072,-1,0,0,0,0,1,1,1,1]}},{"__type__":"cc.Node","_name":"toggle_1","_parent":{"__id__":59},"_children":[{"__id__":61},{"__id__":63},{"__id__":64}],"_components":[{"__id__":65},{"__type__":"cc.Button","node":{"__id__":60},"clickEvents":[{"__type__":"cc.ClickEvent","target":{"__id__":60},"_componentId":"bd092MuBwRCiYohvS3Xznzz","handler":"onBtnTap"}]}],"_prefab":{"__type__":"cc.PrefabInfo","root":{"__id__":7},"asset":{"__uuid__":"9aKY1Hx31LwofWoiGzrwNT"},"fileId":"e3DkCl5zhHpKsq32FZaKYN"},"_contentSize":{"__type__":"cc.Size","width":100,"height":40},"_anchorPoint":{"__type__":"cc.Vec2","x":0.1,"y":0.5},"_trs":{"__type__":"TypedArray","ctor":"Float64Array","array":[20,-3.348,0,0,0,0,1,1,1,1]}},{"__type__":"cc.Node","_name":"checkmark","_parent":{"__id__":60},"_components":[{"__id__":62}],"_prefab":{"__type__":"cc.PrefabInfo","root":{"__id__":7},"asset":{"__uuid__":"9aKY1Hx31LwofWoiGzrwNT"},"fileId":"000meDDFlF8YzacURLeHwI"},"_contentSize":{"__type__":"cc.Size","width":39,"height":40},"_trs":{"__type__":"TypedArray","ctor":"Float64Array","array":[0,0,0,0,0,0,1,1,1,1]}},{"__type__":"cc.Sprite","node":{"__id__":61},"_materials":[{"__uuid__":"ecpdLyjvZBwrvm+cedCcQy"}],"_spriteFrame":{"__uuid__":"9859O6MJ5GBahNd290kWMz"},"_sizeMode":2,"_isTrimmedMode":false},{"__type__":"cc.Node","_name":"line","_parent":{"__id__":60},"_components":[{"__type__":"cc.Sprite","node":{"__id__":63},"_materials":[{"__uuid__":"ecpdLyjvZBwrvm+cedCcQy"}],"_spriteFrame":{"__uuid__":"dbWxBnvz1DwbhYs7VvgQS/"}}],"_prefab":{"__type__":"cc.PrefabInfo","root":{"__id__":7},"asset":{"__uuid__":"9aKY1Hx31LwofWoiGzrwNT"},"fileId":"41ZrK5uhVGbIYS0ZJGpR2m"},"_contentSize":{"__type__":"cc.Size","width":1,"height":37},"_trs":{"__type__":"TypedArray","ctor":"Float64Array","array":[99.385,-2.841,0,0,0,0,1,2,1,1]}},{"__type__":"cc.Node","_name":"label","_parent":{"__id__":60},"_components":[{"__type__":"cc.Label","node":{"__id__":64},"_materials":[{"__uuid__":"ecpdLyjvZBwrvm+cedCcQy"}],"_useOriginalSize":false,"_string":"全景视频","_N$string":"全景视频","_fontSize":14,"_N$file":{"__uuid__":"bcrfDxrhZMG61uRL1F6Fu9"},"_isSystemFontUsed":false,"_N$horizontalAlign":1,"_N$verticalAlign":1}],"_prefab":{"__type__":"cc.PrefabInfo","root":{"__id__":7},"asset":{"__uuid__":"9aKY1Hx31LwofWoiGzrwNT"},"fileId":"2dr9lA8k9P6pXjCPq+OVlY"},"_color":{"__type__":"cc.Color","r":229,"g":223,"b":172},"_contentSize":{"__type__":"cc.Size","width":56,"height":50.4},"_trs":{"__type__":"TypedArray","ctor":"Float64Array","array":[54.475,0.959,0,0,0,0,1,1,1,1]}},{"__type__":"bd092MuBwRCiYohvS3Xznzz","node":{"__id__":60},"selectIcon":{"__id__":62},"labelNode":{"__id__":64}},{"__type__":"cc.Node","_name":"toggle_2","_parent":{"__id__":59},"_children":[{"__id__":67},{"__id__":69},{"__id__":70}],"_components":[{"__id__":71},{"__type__":"cc.Button","node":{"__id__":66},"clickEvents":[{"__type__":"cc.ClickEvent","target":{"__id__":66},"_componentId":"bd092MuBwRCiYohvS3Xznzz","handler":"onBtnTap"}]}],"_prefab":{"__type__":"cc.PrefabInfo","root":{"__id__":7},"asset":{"__uuid__":"9aKY1Hx31LwofWoiGzrwNT"},"fileId":"d7nc34MpRHNLo8fpa7lzyv"},"_contentSize":{"__type__":"cc.Size","width":100,"height":40},"_anchorPoint":{"__type__":"cc.Vec2","x":0.1,"y":0.5},"_trs":{"__type__":"TypedArray","ctor":"Float64Array","array":[156,-3.348,0,0,0,0,1,1,1,1]}},{"__type__":"cc.Node","_name":"checkmark","_parent":{"__id__":66},"_components":[{"__id__":68}],"_prefab":{"__type__":"cc.PrefabInfo","root":{"__id__":7},"asset":{"__uuid__":"9aKY1Hx31LwofWoiGzrwNT"},"fileId":"f6hrdVzeNKcYpuGvrOFQMW"},"_contentSize":{"__type__":"cc.Size","width":39,"height":40},"_trs":{"__type__":"TypedArray","ctor":"Float64Array","array":[0,0,0,0,0,0,1,1,1,1]}},{"__type__":"cc.Sprite","node":{"__id__":67},"_materials":[{"__uuid__":"ecpdLyjvZBwrvm+cedCcQy"}],"_spriteFrame":{"__uuid__":"78cfX7dcdHk7FhRB5tN2tl"},"_sizeMode":2,"_isTrimmedMode":false},{"__type__":"cc.Node","_name":"line","_parent":{"__id__":66},"_components":[{"__type__":"cc.Sprite","node":{"__id__":69},"_materials":[{"__uuid__":"ecpdLyjvZBwrvm+cedCcQy"}],"_spriteFrame":{"__uuid__":"dbWxBnvz1DwbhYs7VvgQS/"}}],"_prefab":{"__type__":"cc.PrefabInfo","root":{"__id__":7},"asset":{"__uuid__":"9aKY1Hx31LwofWoiGzrwNT"},"fileId":"dc5I00OJROnZCCbPQnrOC/"},"_contentSize":{"__type__":"cc.Size","width":1,"height":37},"_trs":{"__type__":"TypedArray","ctor":"Float64Array","array":[99.385,-2.841,0,0,0,0,1,2,1,1]}},{"__type__":"cc.Node","_name":"label","_parent":{"__id__":66},"_components":[{"__type__":"cc.Label","node":{"__id__":70},"_materials":[{"__uuid__":"ecpdLyjvZBwrvm+cedCcQy"}],"_useOriginalSize":false,"_string":"系统消息","_N$string":"系统消息","_fontSize":14,"_N$file":{"__uuid__":"bcrfDxrhZMG61uRL1F6Fu9"},"_isSystemFontUsed":false,"_N$horizontalAlign":1,"_N$verticalAlign":1}],"_prefab":{"__type__":"cc.PrefabInfo","root":{"__id__":7},"asset":{"__uuid__":"9aKY1Hx31LwofWoiGzrwNT"},"fileId":"6dJ0eDPKpIioeN30kbeJq2"},"_color":{"__type__":"cc.Color","r":229,"g":223,"b":172},"_contentSize":{"__type__":"cc.Size","width":56,"height":50.4},"_trs":{"__type__":"TypedArray","ctor":"Float64Array","array":[54.475,0.959,0,0,0,0,1,1,1,1]}},{"__type__":"bd092MuBwRCiYohvS3Xznzz","node":{"__id__":66},"selectIcon":{"__id__":68},"labelNode":{"__id__":70}},{"__type__":"cc.Node","_name":"toggle_3","_parent":{"__id__":59},"_children":[{"__id__":73},{"__id__":75},{"__id__":76}],"_components":[{"__id__":77},{"__type__":"cc.Button","node":{"__id__":72},"clickEvents":[{"__type__":"cc.ClickEvent","target":{"__id__":72},"_componentId":"bd092MuBwRCiYohvS3Xznzz","handler":"onBtnTap"}]}],"_prefab":{"__type__":"cc.PrefabInfo","root":{"__id__":7},"asset":{"__uuid__":"9aKY1Hx31LwofWoiGzrwNT"},"fileId":"62F6TRxldKrr96Ocu/RF68"},"_contentSize":{"__type__":"cc.Size","width":100,"height":40},"_anchorPoint":{"__type__":"cc.Vec2","x":0.1,"y":0.5},"_trs":{"__type__":"TypedArray","ctor":"Float64Array","array":[292,-3.348,0,0,0,0,1,1,1,1]}},{"__type__":"cc.Node","_name":"checkmark","_parent":{"__id__":72},"_components":[{"__id__":74}],"_prefab":{"__type__":"cc.PrefabInfo","root":{"__id__":7},"asset":{"__uuid__":"9aKY1Hx31LwofWoiGzrwNT"},"fileId":"78JnUp4iFHtpmbrg+aZavt"},"_contentSize":{"__type__":"cc.Size","width":39,"height":40},"_trs":{"__type__":"TypedArray","ctor":"Float64Array","array":[0,0,0,0,0,0,1,1,1,1]}},{"__type__":"cc.Sprite","node":{"__id__":73},"_materials":[{"__uuid__":"ecpdLyjvZBwrvm+cedCcQy"}],"_spriteFrame":{"__uuid__":"83lfSYhrFJxZkr44lk4JvA"},"_sizeMode":2,"_isTrimmedMode":false},{"__type__":"cc.Node","_name":"line","_parent":{"__id__":72},"_components":[{"__type__":"cc.Sprite","node":{"__id__":75},"_materials":[{"__uuid__":"ecpdLyjvZBwrvm+cedCcQy"}],"_spriteFrame":{"__uuid__":"dbWxBnvz1DwbhYs7VvgQS/"}}],"_prefab":{"__type__":"cc.PrefabInfo","root":{"__id__":7},"asset":{"__uuid__":"9aKY1Hx31LwofWoiGzrwNT"},"fileId":"9aYgiPqTlGjZdRXrd1x15w"},"_contentSize":{"__type__":"cc.Size","width":1,"height":37},"_trs":{"__type__":"TypedArray","ctor":"Float64Array","array":[99.385,-2.841,0,0,0,0,1,2,1,1]}},{"__type__":"cc.Node","_name":"label","_parent":{"__id__":72},"_components":[{"__type__":"cc.Label","node":{"__id__":76},"_materials":[{"__uuid__":"ecpdLyjvZBwrvm+cedCcQy"}],"_useOriginalSize":false,"_string":"声音开关","_N$string":"声音开关","_fontSize":14,"_N$file":{"__uuid__":"bcrfDxrhZMG61uRL1F6Fu9"},"_isSystemFontUsed":false,"_N$horizontalAlign":1,"_N$verticalAlign":1}],"_prefab":{"__type__":"cc.PrefabInfo","root":{"__id__":7},"asset":{"__uuid__":"9aKY1Hx31LwofWoiGzrwNT"},"fileId":"08gR6KFUFOV59ZXmckDetT"},"_color":{"__type__":"cc.Color","r":229,"g":223,"b":172},"_contentSize":{"__type__":"cc.Size","width":56,"height":50.4},"_trs":{"__type__":"TypedArray","ctor":"Float64Array","array":[54.475,0.959,0,0,0,0,1,1,1,1]}},{"__type__":"bd092MuBwRCiYohvS3Xznzz","node":{"__id__":72},"selectIcon":{"__id__":74},"labelNode":{"__id__":76}},{"__type__":"cc.Node","_name":"toggle_4","_parent":{"__id__":59},"_children":[{"__id__":79},{"__id__":81},{"__id__":82}],"_components":[{"__id__":83},{"__type__":"cc.Button","node":{"__id__":78},"clickEvents":[{"__type__":"cc.ClickEvent","target":{"__id__":78},"_componentId":"bd092MuBwRCiYohvS3Xznzz","handler":"onBtnTap"}]}],"_prefab":{"__type__":"cc.PrefabInfo","root":{"__id__":7},"asset":{"__uuid__":"9aKY1Hx31LwofWoiGzrwNT"},"fileId":"f3ddi8wzBMEJnGxcmswL6s"},"_contentSize":{"__type__":"cc.Size","width":100,"height":40},"_anchorPoint":{"__type__":"cc.Vec2","x":0.1,"y":0.5},"_trs":{"__type__":"TypedArray","ctor":"Float64Array","array":[428,-3.348,0,0,0,0,1,1,1,1]}},{"__type__":"cc.Node","_name":"checkmark","_parent":{"__id__":78},"_components":[{"__id__":80}],"_prefab":{"__type__":"cc.PrefabInfo","root":{"__id__":7},"asset":{"__uuid__":"9aKY1Hx31LwofWoiGzrwNT"},"fileId":"8afjSAt4FIbZUgxVJzjJYT"},"_contentSize":{"__type__":"cc.Size","width":39,"height":40},"_trs":{"__type__":"TypedArray","ctor":"Float64Array","array":[0,0,0,0,0,0,1,1,1,1]}},{"__type__":"cc.Sprite","node":{"__id__":79},"_materials":[{"__uuid__":"ecpdLyjvZBwrvm+cedCcQy"}],"_spriteFrame":{"__uuid__":"82FVzicIVHyJn5npTf7aWb"},"_sizeMode":2,"_isTrimmedMode":false},{"__type__":"cc.Node","_name":"line","_parent":{"__id__":78},"_components":[{"__type__":"cc.Sprite","node":{"__id__":81},"_materials":[{"__uuid__":"ecpdLyjvZBwrvm+cedCcQy"}],"_spriteFrame":{"__uuid__":"dbWxBnvz1DwbhYs7VvgQS/"}}],"_prefab":{"__type__":"cc.PrefabInfo","root":{"__id__":7},"asset":{"__uuid__":"9aKY1Hx31LwofWoiGzrwNT"},"fileId":"4et7r7yMBOfIeH+v/z6aFp"},"_contentSize":{"__type__":"cc.Size","width":1,"height":37},"_trs":{"__type__":"TypedArray","ctor":"Float64Array","array":[99.385,-2.841,0,0,0,0,1,2,1,1]}},{"__type__":"cc.Node","_name":"label","_parent":{"__id__":78},"_components":[{"__type__":"cc.Label","node":{"__id__":82},"_materials":[{"__uuid__":"ecpdLyjvZBwrvm+cedCcQy"}],"_useOriginalSize":false,"_string":"来往记录","_N$string":"来往记录","_fontSize":14,"_N$file":{"__uuid__":"bcrfDxrhZMG61uRL1F6Fu9"},"_isSystemFontUsed":false,"_N$horizontalAlign":1,"_N$verticalAlign":1}],"_prefab":{"__type__":"cc.PrefabInfo","root":{"__id__":7},"asset":{"__uuid__":"9aKY1Hx31LwofWoiGzrwNT"},"fileId":"30OSPHwgpL3bgHIwWMSA2c"},"_color":{"__type__":"cc.Color","r":229,"g":223,"b":172},"_contentSize":{"__type__":"cc.Size","width":56,"height":50.4},"_trs":{"__type__":"TypedArray","ctor":"Float64Array","array":[54.475,0.959,0,0,0,0,1,1,1,1]}},{"__type__":"bd092MuBwRCiYohvS3Xznzz","node":{"__id__":78},"selectIcon":{"__id__":80},"labelNode":{"__id__":82}},{"__type__":"cc.Node","_name":"toggle_5","_parent":{"__id__":59},"_children":[{"__id__":85},{"__id__":87},{"__id__":88}],"_components":[{"__id__":89},{"__type__":"cc.Button","node":{"__id__":84},"clickEvents":[{"__type__":"cc.ClickEvent","target":{"__id__":84},"_componentId":"bd092MuBwRCiYohvS3Xznzz","handler":"onBtnTap"}]}],"_prefab":{"__type__":"cc.PrefabInfo","root":{"__id__":7},"asset":{"__uuid__":"9aKY1Hx31LwofWoiGzrwNT"},"fileId":"0dOORCsXNLG4SEYGjxvNKT"},"_contentSize":{"__type__":"cc.Size","width":100,"height":40},"_anchorPoint":{"__type__":"cc.Vec2","x":0.1,"y":0.5},"_trs":{"__type__":"TypedArray","ctor":"Float64Array","array":[564,-3.348,0,0,0,0,1,1,1,1]}},{"__type__":"cc.Node","_name":"checkmark","_parent":{"__id__":84},"_components":[{"__id__":86}],"_prefab":{"__type__":"cc.PrefabInfo","root":{"__id__":7},"asset":{"__uuid__":"9aKY1Hx31LwofWoiGzrwNT"},"fileId":"d3cf+9e9JIVoXXaltYRxbT"},"_contentSize":{"__type__":"cc.Size","width":39,"height":40},"_trs":{"__type__":"TypedArray","ctor":"Float64Array","array":[0,0,0,0,0,0,1,1,1,1]}},{"__type__":"cc.Sprite","node":{"__id__":85},"_materials":[{"__uuid__":"ecpdLyjvZBwrvm+cedCcQy"}],"_spriteFrame":{"__uuid__":"f6p5ppqFpETbUJwjUgkT/k"},"_sizeMode":2,"_isTrimmedMode":false},{"__type__":"cc.Node","_name":"line","_parent":{"__id__":84},"_components":[{"__type__":"cc.Sprite","node":{"__id__":87},"_materials":[{"__uuid__":"ecpdLyjvZBwrvm+cedCcQy"}],"_spriteFrame":{"__uuid__":"dbWxBnvz1DwbhYs7VvgQS/"}}],"_prefab":{"__type__":"cc.PrefabInfo","root":{"__id__":7},"asset":{"__uuid__":"9aKY1Hx31LwofWoiGzrwNT"},"fileId":"60dESPd15K1JcKt+bpbg3I"},"_contentSize":{"__type__":"cc.Size","width":1,"height":37},"_trs":{"__type__":"TypedArray","ctor":"Float64Array","array":[99.385,-2.841,0,0,0,0,1,2,1,1]}},{"__type__":"cc.Node","_name":"label","_parent":{"__id__":84},"_components":[{"__type__":"cc.Label","node":{"__id__":88},"_materials":[{"__uuid__":"ecpdLyjvZBwrvm+cedCcQy"}],"_useOriginalSize":false,"_string":"游戏规则","_N$string":"游戏规则","_fontSize":14,"_N$file":{"__uuid__":"bcrfDxrhZMG61uRL1F6Fu9"},"_isSystemFontUsed":false,"_N$horizontalAlign":1,"_N$verticalAlign":1}],"_prefab":{"__type__":"cc.PrefabInfo","root":{"__id__":7},"asset":{"__uuid__":"9aKY1Hx31LwofWoiGzrwNT"},"fileId":"a2vJC0tohFxaWB+QnKIje6"},"_color":{"__type__":"cc.Color","r":229,"g":223,"b":172},"_contentSize":{"__type__":"cc.Size","width":56,"height":50.4},"_trs":{"__type__":"TypedArray","ctor":"Float64Array","array":[54.475,0.959,0,0,0,0,1,1,1,1]}},{"__type__":"bd092MuBwRCiYohvS3Xznzz","node":{"__id__":84},"selectIcon":{"__id__":86},"labelNode":{"__id__":88}},{"__type__":"cc.Node","_name":"toggle_6","_parent":{"__id__":59},"_children":[{"__id__":91},{"__id__":93},{"__id__":94}],"_components":[{"__id__":95},{"__type__":"cc.Button","node":{"__id__":90},"clickEvents":[{"__type__":"cc.ClickEvent","target":{"__id__":90},"_componentId":"bd092MuBwRCiYohvS3Xznzz","handler":"onBtnTap"}]}],"_prefab":{"__type__":"cc.PrefabInfo","root":{"__id__":7},"asset":{"__uuid__":"9aKY1Hx31LwofWoiGzrwNT"},"fileId":"e7PjYf3IVCNY6jcEu2tdq4"},"_contentSize":{"__type__":"cc.Size","width":100,"height":40},"_anchorPoint":{"__type__":"cc.Vec2","x":0.1,"y":0.5},"_trs":{"__type__":"TypedArray","ctor":"Float64Array","array":[700,-3.348,0,0,0,0,1,1,1,1]}},{"__type__":"cc.Node","_name":"checkmark","_parent":{"__id__":90},"_components":[{"__id__":92}],"_prefab":{"__type__":"cc.PrefabInfo","root":{"__id__":7},"asset":{"__uuid__":"9aKY1Hx31LwofWoiGzrwNT"},"fileId":"8eo150M+5K5IMQcvOh8oue"},"_contentSize":{"__type__":"cc.Size","width":39,"height":40},"_trs":{"__type__":"TypedArray","ctor":"Float64Array","array":[0,0,0,0,0,0,1,1,1,1]}},{"__type__":"cc.Sprite","node":{"__id__":91},"_materials":[{"__uuid__":"ecpdLyjvZBwrvm+cedCcQy"}],"_spriteFrame":{"__uuid__":"2bDxAKTKxKzrTJAHKXta7J"},"_sizeMode":2,"_isTrimmedMode":false},{"__type__":"cc.Node","_name":"line","_parent":{"__id__":90},"_components":[{"__type__":"cc.Sprite","node":{"__id__":93},"_materials":[{"__uuid__":"ecpdLyjvZBwrvm+cedCcQy"}],"_spriteFrame":{"__uuid__":"dbWxBnvz1DwbhYs7VvgQS/"}}],"_prefab":{"__type__":"cc.PrefabInfo","root":{"__id__":7},"asset":{"__uuid__":"9aKY1Hx31LwofWoiGzrwNT"},"fileId":"a6kRvItvpENoqyAvddOesF"},"_contentSize":{"__type__":"cc.Size","width":1,"height":37},"_trs":{"__type__":"TypedArray","ctor":"Float64Array","array":[99.385,-2.841,0,0,0,0,1,2,1,1]}},{"__type__":"cc.Node","_name":"label","_parent":{"__id__":90},"_components":[{"__type__":"cc.Label","node":{"__id__":94},"_materials":[{"__uuid__":"ecpdLyjvZBwrvm+cedCcQy"}],"_useOriginalSize":false,"_string":"系统设置","_N$string":"系统设置","_fontSize":14,"_N$file":{"__uuid__":"bcrfDxrhZMG61uRL1F6Fu9"},"_isSystemFontUsed":false,"_N$horizontalAlign":1,"_N$verticalAlign":1}],"_prefab":{"__type__":"cc.PrefabInfo","root":{"__id__":7},"asset":{"__uuid__":"9aKY1Hx31LwofWoiGzrwNT"},"fileId":"144ZFatNdLI66AWOezOriK"},"_color":{"__type__":"cc.Color","r":229,"g":223,"b":172},"_contentSize":{"__type__":"cc.Size","width":56,"height":50.4},"_trs":{"__type__":"TypedArray","ctor":"Float64Array","array":[54.475,0.959,0,0,0,0,1,1,1,1]}},{"__type__":"bd092MuBwRCiYohvS3Xznzz","node":{"__id__":90},"selectIcon":{"__id__":92},"labelNode":{"__id__":94}},{"__type__":"cc.Node","_name":"toggle_7","_parent":{"__id__":59},"_children":[{"__id__":97},{"__id__":99},{"__id__":100}],"_components":[{"__id__":101},{"__type__":"cc.Button","node":{"__id__":96},"clickEvents":[{"__type__":"cc.ClickEvent","target":{"__id__":96},"_componentId":"bd092MuBwRCiYohvS3Xznzz","handler":"onBtnTap"}]}],"_prefab":{"__type__":"cc.PrefabInfo","root":{"__id__":7},"asset":{"__uuid__":"9aKY1Hx31LwofWoiGzrwNT"},"fileId":"7ds4O9VshIZ4B9QguMjeLT"},"_contentSize":{"__type__":"cc.Size","width":100,"height":40},"_anchorPoint":{"__type__":"cc.Vec2","x":0.1,"y":0.5},"_trs":{"__type__":"TypedArray","ctor":"Float64Array","array":[836,-3.348,0,0,0,0,1,1,1,1]}},{"__type__":"cc.Node","_name":"checkmark","_parent":{"__id__":96},"_components":[{"__id__":98}],"_prefab":{"__type__":"cc.PrefabInfo","root":{"__id__":7},"asset":{"__uuid__":"9aKY1Hx31LwofWoiGzrwNT"},"fileId":"6fYVbkiMFDzLKjzYX8J2PZ"},"_contentSize":{"__type__":"cc.Size","width":39,"height":40},"_trs":{"__type__":"TypedArray","ctor":"Float64Array","array":[0,0,0,0,0,0,1,1,1,1]}},{"__type__":"cc.Sprite","node":{"__id__":97},"_materials":[{"__uuid__":"ecpdLyjvZBwrvm+cedCcQy"}],"_spriteFrame":{"__uuid__":"3alOF6pR1P9q023T947NNM"},"_sizeMode":2,"_isTrimmedMode":false},{"__type__":"cc.Node","_name":"line","_parent":{"__id__":96},"_components":[{"__type__":"cc.Sprite","node":{"__id__":99},"_materials":[{"__uuid__":"ecpdLyjvZBwrvm+cedCcQy"}],"_spriteFrame":{"__uuid__":"dbWxBnvz1DwbhYs7VvgQS/"}}],"_prefab":{"__type__":"cc.PrefabInfo","root":{"__id__":7},"asset":{"__uuid__":"9aKY1Hx31LwofWoiGzrwNT"},"fileId":"edA5QaJK1HhrglwvrS1+i6"},"_contentSize":{"__type__":"cc.Size","width":1,"height":37},"_trs":{"__type__":"TypedArray","ctor":"Float64Array","array":[99.385,-2.841,0,0,0,0,1,2,1,1]}},{"__type__":"cc.Node","_name":"label","_parent":{"__id__":96},"_components":[{"__type__":"cc.Label","node":{"__id__":100},"_materials":[{"__uuid__":"ecpdLyjvZBwrvm+cedCcQy"}],"_useOriginalSize":false,"_string":"修改密码","_N$string":"修改密码","_fontSize":14,"_N$file":{"__uuid__":"bcrfDxrhZMG61uRL1F6Fu9"},"_isSystemFontUsed":false,"_N$horizontalAlign":1,"_N$verticalAlign":1}],"_prefab":{"__type__":"cc.PrefabInfo","root":{"__id__":7},"asset":{"__uuid__":"9aKY1Hx31LwofWoiGzrwNT"},"fileId":"6fOB7vXChLTZ8s0eQubsds"},"_color":{"__type__":"cc.Color","r":229,"g":223,"b":172},"_contentSize":{"__type__":"cc.Size","width":56,"height":50.4},"_trs":{"__type__":"TypedArray","ctor":"Float64Array","array":[54.475,0.959,0,0,0,0,1,1,1,1]}},{"__type__":"bd092MuBwRCiYohvS3Xznzz","node":{"__id__":96},"selectIcon":{"__id__":98},"labelNode":{"__id__":100}},{"__type__":"cc.Node","_name":"toggle_8","_parent":{"__id__":59},"_children":[{"__id__":103},{"__id__":105}],"_components":[{"__id__":106},{"__type__":"cc.Button","node":{"__id__":102},"clickEvents":[{"__type__":"cc.ClickEvent","target":{"__id__":102},"_componentId":"bd092MuBwRCiYohvS3Xznzz","handler":"onBtnTap"}]}],"_prefab":{"__type__":"cc.PrefabInfo","root":{"__id__":7},"asset":{"__uuid__":"9aKY1Hx31LwofWoiGzrwNT"},"fileId":"5c3gQ7VKFCL6XiO4BPs3fP"},"_contentSize":{"__type__":"cc.Size","width":100,"height":40},"_anchorPoint":{"__type__":"cc.Vec2","x":0.1,"y":0.5},"_trs":{"__type__":"TypedArray","ctor":"Float64Array","array":[972,-3.348,0,0,0,0,1,1,1,1]}},{"__type__":"cc.Node","_name":"checkmark","_parent":{"__id__":102},"_components":[{"__id__":104}],"_prefab":{"__type__":"cc.PrefabInfo","root":{"__id__":7},"asset":{"__uuid__":"9aKY1Hx31LwofWoiGzrwNT"},"fileId":"b91gbNm4pBJpueFOYUhzQ5"},"_contentSize":{"__type__":"cc.Size","width":39,"height":40},"_trs":{"__type__":"TypedArray","ctor":"Float64Array","array":[0,0,0,0,0,0,1,1,1,1]}},{"__type__":"cc.Sprite","node":{"__id__":103},"_materials":[{"__uuid__":"ecpdLyjvZBwrvm+cedCcQy"}],"_spriteFrame":{"__uuid__":"faPS4Rf6BK0Yr0DFk+Yek3"},"_sizeMode":2,"_isTrimmedMode":false},{"__type__":"cc.Node","_name":"label","_parent":{"__id__":102},"_components":[{"__type__":"cc.Label","node":{"__id__":105},"_materials":[{"__uuid__":"ecpdLyjvZBwrvm+cedCcQy"}],"_useOriginalSize":false,"_string":"退出登录","_N$string":"退出登录","_fontSize":14,"_N$file":{"__uuid__":"bcrfDxrhZMG61uRL1F6Fu9"},"_isSystemFontUsed":false,"_N$horizontalAlign":1,"_N$verticalAlign":1}],"_prefab":{"__type__":"cc.PrefabInfo","root":{"__id__":7},"asset":{"__uuid__":"9aKY1Hx31LwofWoiGzrwNT"},"fileId":"05oqxIjI9BGo40pMBN/X1+"},"_color":{"__type__":"cc.Color","r":229,"g":223,"b":172},"_contentSize":{"__type__":"cc.Size","width":56,"height":50.4},"_trs":{"__type__":"TypedArray","ctor":"Float64Array","array":[54.475,0.959,0,0,0,0,1,1,1,1]}},{"__type__":"bd092MuBwRCiYohvS3Xznzz","node":{"__id__":102},"selectIcon":{"__id__":104},"labelNode":{"__id__":105}},{"__type__":"cc.Node","_name":"ScrollView","_parent":{"__id__":7},"_children":[{"__id__":108}],"_active":false,"_components":[{"__type__":"cc.ScrollView","node":{"__id__":107},"vertical":false,"brake":0.75,"bounceDuration":0.23,"_N$content":{"__id__":109},"content":{"__id__":109},"_N$horizontalScrollBar":null,"_N$verticalScrollBar":null},{"__type__":"cc.Widget","node":{"__id__":107},"_alignFlags":40,"_originalWidth":240}],"_prefab":{"__type__":"cc.PrefabInfo","root":{"__id__":7},"asset":{"__uuid__":"9aKY1Hx31LwofWoiGzrwNT"},"fileId":"08q+DigfpDTqvGkObGFEgt"},"_contentSize":{"__type__":"cc.Size","width":1920,"height":460},"_trs":{"__type__":"TypedArray","ctor":"Float64Array","array":[0,2,0,0,0,0,1,1,1,1]}},{"__type__":"cc.Node","_name":"view","_parent":{"__id__":107},"_children":[{"__id__":109}],"_components":[{"__type__":"cc.Mask","node":{"__id__":108},"_materials":[{"__uuid__":"ecpdLyjvZBwrvm+cedCcQy"}],"_N$alphaThreshold":0},{"__type__":"cc.Widget","node":{"__id__":108},"_alignFlags":45,"_originalWidth":240,"_originalHeight":250}],"_prefab":{"__type__":"cc.PrefabInfo","root":{"__id__":7},"asset":{"__uuid__":"9aKY1Hx31LwofWoiGzrwNT"},"fileId":"ce7H0sPBBGkYUhfLVV2HV7"},"_contentSize":{"__type__":"cc.Size","width":1920,"height":460},"_trs":{"__type__":"TypedArray","ctor":"Float64Array","array":[0,0,0,0,0,0,1,1,1,1]}},{"__type__":"cc.Node","_name":"content","_parent":{"__id__":108},"_children":[{"__id__":110},{"__id__":115},{"__id__":120},{"__id__":129}],"_components":[{"__type__":"cc.Layout","node":{"__id__":109},"_layoutSize":{"__type__":"cc.Size","width":1330,"height":454},"_resize":1,"_N$layoutType":1,"_N$paddingLeft":10,"_N$paddingRight":10,"_N$spacingX":22}],"_prefab":{"__type__":"cc.PrefabInfo","root":{"__id__":7},"asset":{"__uuid__":"9aKY1Hx31LwofWoiGzrwNT"},"fileId":"245v7Ttr1DBYU7RGaljm7N"},"_contentSize":{"__type__":"cc.Size","width":1330,"height":454},"_anchorPoint":{"__type__":"cc.Vec2","y":1},"_trs":{"__type__":"TypedArray","ctor":"Float64Array","array":[-552.19,227.633,0,0,0,0,1,1,1,1]}},{"__type__":"cc.Node","_name":"item","_parent":{"__id__":109},"_children":[{"__id__":111},{"__id__":112},{"__id__":113}],"_prefab":{"__type__":"cc.PrefabInfo","root":{"__id__":7},"asset":{"__uuid__":"9aKY1Hx31LwofWoiGzrwNT"},"fileId":"8fF9IaealFCb56tC3UWxJM"},"_contentSize":{"__type__":"cc.Size","width":450,"height":449},"_trs":{"__type__":"TypedArray","ctor":"Float64Array","array":[235,-229.152,0,0,0,0,1,1,1,1]}},{"__type__":"cc.Node","_name":"1","_parent":{"__id__":110},"_components":[{"__type__":"cc.Sprite","node":{"__id__":111},"_materials":[{"__uuid__":"ecpdLyjvZBwrvm+cedCcQy"}],"_spriteFrame":{"__uuid__":"f6GH5VMn5ILZHEPzWwXSyL"}},{"__type__":"cc.Button","node":{"__id__":111},"zoomScale":1.05,"clickEvents":[{"__type__":"cc.ClickEvent","target":{"__id__":7},"_componentId":"6e1d7kgV5tLUbnIRYDdp53M","handler":"onGameEnter"}],"_N$transition":3,"transition":3}],"_prefab":{"__type__":"cc.PrefabInfo","root":{"__id__":7},"asset":{"__uuid__":"9aKY1Hx31LwofWoiGzrwNT"},"fileId":"a6S5SR3CBJjagsNpw1okIv"},"_contentSize":{"__type__":"cc.Size","width":450,"height":448},"_trs":{"__type__":"TypedArray","ctor":"Float64Array","array":[0,0,0,0,0,0,1,1,1,1]}},{"__type__":"cc.Node","_name":"memberIcon","_parent":{"__id__":110},"_components":[{"__type__":"cc.Sprite","node":{"__id__":112},"_materials":[{"__uuid__":"ecpdLyjvZBwrvm+cedCcQy"}],"_spriteFrame":{"__uuid__":"b76zjc/CZDrJ62yB9avTWh"}}],"_prefab":{"__type__":"cc.PrefabInfo","root":{"__id__":7},"asset":{"__uuid__":"9aKY1Hx31LwofWoiGzrwNT"},"fileId":"c0io4V7BlBtq3d4ljJJkB1"},"_contentSize":{"__type__":"cc.Size","width":25,"height":27},"_trs":{"__type__":"TypedArray","ctor":"Float64Array","array":[-200.293,-204.002,0,0,0,0,1,1,1,1]}},{"__type__":"cc.Node","_name":"label","_parent":{"__id__":110},"_components":[{"__id__":114}],"_prefab":{"__type__":"cc.PrefabInfo","root":{"__id__":7},"asset":{"__uuid__":"9aKY1Hx31LwofWoiGzrwNT"},"fileId":"57AxsUIiNO+b19431ZJ9gF"},"_color":{"__type__":"cc.Color","r":204,"g":234,"b":255},"_contentSize":{"__type__":"cc.Size","width":33.8,"height":25.2},"_anchorPoint":{"__type__":"cc.Vec2","y":0.5},"_trs":{"__type__":"TypedArray","ctor":"Float64Array","array":[-184.788,-206.127,0,0,0,0,1,1,1,1]}},{"__type__":"cc.Label","node":{"__id__":113},"_materials":[{"__uuid__":"ecpdLyjvZBwrvm+cedCcQy"}],"_useOriginalSize":false,"_string":"5550","_N$string":"5550","_fontSize":14,"_lineHeight":20,"_N$file":{"__uuid__":"a6GFdfihpIQY/CU35PyGmw"},"_isSystemFontUsed":false,"_N$verticalAlign":1},{"__type__":"cc.Node","_name":"item copy","_parent":{"__id__":109},"_children":[{"__id__":116},{"__id__":117},{"__id__":118}],"_prefab":{"__type__":"cc.PrefabInfo","root":{"__id__":7},"asset":{"__uuid__":"9aKY1Hx31LwofWoiGzrwNT"},"fileId":"466Z9hNg1DwqQMB/qT0G+V"},"_contentSize":{"__type__":"cc.Size","width":233,"height":449},"_trs":{"__type__":"TypedArray","ctor":"Float64Array","array":[598.5,-229.152,0,0,0,0,1,1,1,1]}},{"__type__":"cc.Node","_name":"3","_parent":{"__id__":115},"_components":[{"__type__":"cc.Sprite","node":{"__id__":116},"_materials":[{"__uuid__":"ecpdLyjvZBwrvm+cedCcQy"}],"_spriteFrame":{"__uuid__":"ed/QE7DNhD+7McLPBa5BUu"}},{"__type__":"cc.Button","node":{"__id__":116},"zoomScale":1.05,"clickEvents":[{"__type__":"cc.ClickEvent","target":{"__id__":7},"_componentId":"6e1d7kgV5tLUbnIRYDdp53M","handler":"onGameEnter"}],"_N$transition":3,"transition":3}],"_prefab":{"__type__":"cc.PrefabInfo","root":{"__id__":7},"asset":{"__uuid__":"9aKY1Hx31LwofWoiGzrwNT"},"fileId":"afylBx/nJATKrS30Ja8pYF"},"_contentSize":{"__type__":"cc.Size","width":233,"height":448},"_trs":{"__type__":"TypedArray","ctor":"Float64Array","array":[0,0,0,0,0,0,1,1,1,1]}},{"__type__":"cc.Node","_name":"memberIcon","_parent":{"__id__":115},"_components":[{"__type__":"cc.Sprite","node":{"__id__":117},"_materials":[{"__uuid__":"ecpdLyjvZBwrvm+cedCcQy"}],"_spriteFrame":{"__uuid__":"b76zjc/CZDrJ62yB9avTWh"}}],"_prefab":{"__type__":"cc.PrefabInfo","root":{"__id__":7},"asset":{"__uuid__":"9aKY1Hx31LwofWoiGzrwNT"},"fileId":"f2A6wcS99L+aw9sN/s5e2Z"},"_contentSize":{"__type__":"cc.Size","width":25,"height":27},"_trs":{"__type__":"TypedArray","ctor":"Float64Array","array":[-90.548,-204.002,0,0,0,0,1,1,1,1]}},{"__type__":"cc.Node","_name":"label","_parent":{"__id__":115},"_components":[{"__id__":119}],"_prefab":{"__type__":"cc.PrefabInfo","root":{"__id__":7},"asset":{"__uuid__":"9aKY1Hx31LwofWoiGzrwNT"},"fileId":"ffD7HF4xlLa48qVjwCtciA"},"_color":{"__type__":"cc.Color","r":204,"g":234,"b":255},"_contentSize":{"__type__":"cc.Size","width":33.8,"height":25.2},"_anchorPoint":{"__type__":"cc.Vec2","y":0.5},"_trs":{"__type__":"TypedArray","ctor":"Float64Array","array":[-75.043,-206.127,0,0,0,0,1,1,1,1]}},{"__type__":"cc.Label","node":{"__id__":118},"_materials":[{"__uuid__":"ecpdLyjvZBwrvm+cedCcQy"}],"_useOriginalSize":false,"_string":"5550","_N$string":"5550","_fontSize":14,"_lineHeight":20,"_N$file":{"__uuid__":"a6GFdfihpIQY/CU35PyGmw"},"_isSystemFontUsed":false,"_N$verticalAlign":1},{"__type__":"cc.Node","_name":"item copy","_parent":{"__id__":109},"_children":[{"__id__":121},{"__id__":122},{"__id__":123},{"__id__":124},{"__id__":125},{"__id__":127}],"_prefab":{"__type__":"cc.PrefabInfo","root":{"__id__":7},"asset":{"__uuid__":"9aKY1Hx31LwofWoiGzrwNT"},"fileId":"f62cTl0lNI9Y3Adluramkm"},"_contentSize":{"__type__":"cc.Size","width":328,"height":449},"_trs":{"__type__":"TypedArray","ctor":"Float64Array","array":[901,-229.152,0,0,0,0,1,1,1,1]}},{"__type__":"cc.Node","_name":"2","_parent":{"__id__":120},"_components":[{"__type__":"cc.Sprite","node":{"__id__":121},"_materials":[{"__uuid__":"ecpdLyjvZBwrvm+cedCcQy"}],"_spriteFrame":{"__uuid__":"a4jPSzHmRA9bfgg/9Lo0eO"}},{"__type__":"cc.Button","node":{"__id__":121},"zoomScale":1.05,"clickEvents":[{"__type__":"cc.ClickEvent","target":{"__id__":7},"_componentId":"6e1d7kgV5tLUbnIRYDdp53M","handler":"onGameEnter"}],"_N$transition":3,"transition":3}],"_prefab":{"__type__":"cc.PrefabInfo","root":{"__id__":7},"asset":{"__uuid__":"9aKY1Hx31LwofWoiGzrwNT"},"fileId":"22IZB4hvxG3LrAUBg8dkS2"},"_contentSize":{"__type__":"cc.Size","width":328,"height":219},"_trs":{"__type__":"TypedArray","ctor":"Float64Array","array":[0,114.863,0,0,0,0,1,1,1,1]}},{"__type__":"cc.Node","_name":"4","_parent":{"__id__":120},"_components":[{"__type__":"cc.Sprite","node":{"__id__":122},"_materials":[{"__uuid__":"ecpdLyjvZBwrvm+cedCcQy"}],"_spriteFrame":{"__uuid__":"64V4eNsqZANbyBYijH0MQP"}},{"__type__":"cc.Button","node":{"__id__":122},"zoomScale":1.05,"clickEvents":[{"__type__":"cc.ClickEvent","target":{"__id__":7},"_componentId":"6e1d7kgV5tLUbnIRYDdp53M","handler":"onGameEnter"}],"_N$transition":3,"transition":3}],"_prefab":{"__type__":"cc.PrefabInfo","root":{"__id__":7},"asset":{"__uuid__":"9aKY1Hx31LwofWoiGzrwNT"},"fileId":"ea/9un8IdJPK5999jRqP6k"},"_contentSize":{"__type__":"cc.Size","width":328,"height":219},"_trs":{"__type__":"TypedArray","ctor":"Float64Array","array":[0,-113.316,0,0,0,0,1,1,1,1]}},{"__type__":"cc.Node","_name":"memberIcon","_parent":{"__id__":120},"_components":[{"__type__":"cc.Sprite","node":{"__id__":123},"_materials":[{"__uuid__":"ecpdLyjvZBwrvm+cedCcQy"}],"_spriteFrame":{"__uuid__":"b76zjc/CZDrJ62yB9avTWh"}}],"_prefab":{"__type__":"cc.PrefabInfo","root":{"__id__":7},"asset":{"__uuid__":"9aKY1Hx31LwofWoiGzrwNT"},"fileId":"56+mEeP0FF+KZuj9LvXI2Y"},"_contentSize":{"__type__":"cc.Size","width":25,"height":27},"_trs":{"__type__":"TypedArray","ctor":"Float64Array","array":[-135.881,26.095,0,0,0,0,1,1,1,1]}},{"__type__":"cc.Node","_name":"memberIcon","_parent":{"__id__":120},"_components":[{"__type__":"cc.Sprite","node":{"__id__":124},"_materials":[{"__uuid__":"ecpdLyjvZBwrvm+cedCcQy"}],"_spriteFrame":{"__uuid__":"b76zjc/CZDrJ62yB9avTWh"}}],"_prefab":{"__type__":"cc.PrefabInfo","root":{"__id__":7},"asset":{"__uuid__":"9aKY1Hx31LwofWoiGzrwNT"},"fileId":"64QstBrlFJQK0LGeOXjoh6"},"_contentSize":{"__type__":"cc.Size","width":25,"height":27},"_trs":{"__type__":"TypedArray","ctor":"Float64Array","array":[-135.881,-204,0,0,0,0,1,1,1,1]}},{"__type__":"cc.Node","_name":"label","_parent":{"__id__":120},"_components":[{"__id__":126}],"_prefab":{"__type__":"cc.PrefabInfo","root":{"__id__":7},"asset":{"__uuid__":"9aKY1Hx31LwofWoiGzrwNT"},"fileId":"eaf+l5vVtG+KLfXppD7/u+"},"_color":{"__type__":"cc.Color","r":204,"g":234,"b":255},"_contentSize":{"__type__":"cc.Size","width":33.8,"height":25.2},"_anchorPoint":{"__type__":"cc.Vec2","y":0.5},"_trs":{"__type__":"TypedArray","ctor":"Float64Array","array":[-120.376,23.97,0,0,0,0,1,1,1,1]}},{"__type__":"cc.Label","node":{"__id__":125},"_materials":[{"__uuid__":"ecpdLyjvZBwrvm+cedCcQy"}],"_useOriginalSize":false,"_string":"5550","_N$string":"5550","_fontSize":14,"_lineHeight":20,"_N$file":{"__uuid__":"a6GFdfihpIQY/CU35PyGmw"},"_isSystemFontUsed":false,"_N$verticalAlign":1},{"__type__":"cc.Node","_name":"label","_parent":{"__id__":120},"_components":[{"__id__":128}],"_prefab":{"__type__":"cc.PrefabInfo","root":{"__id__":7},"asset":{"__uuid__":"9aKY1Hx31LwofWoiGzrwNT"},"fileId":"faq913z4ZE5LkzzpJ9kK7W"},"_color":{"__type__":"cc.Color","r":204,"g":234,"b":255},"_contentSize":{"__type__":"cc.Size","width":33.8,"height":25.2},"_anchorPoint":{"__type__":"cc.Vec2","y":0.5},"_trs":{"__type__":"TypedArray","ctor":"Float64Array","array":[-120.376,-206,0,0,0,0,1,1,1,1]}},{"__type__":"cc.Label","node":{"__id__":127},"_materials":[{"__uuid__":"ecpdLyjvZBwrvm+cedCcQy"}],"_useOriginalSize":false,"_string":"5550","_N$string":"5550","_fontSize":14,"_lineHeight":20,"_N$file":{"__uuid__":"a6GFdfihpIQY/CU35PyGmw"},"_isSystemFontUsed":false,"_N$verticalAlign":1},{"__type__":"cc.Node","_name":"item copy","_parent":{"__id__":109},"_children":[{"__id__":130},{"__id__":131},{"__id__":132}],"_prefab":{"__type__":"cc.PrefabInfo","root":{"__id__":7},"asset":{"__uuid__":"9aKY1Hx31LwofWoiGzrwNT"},"fileId":"01keh615BJA4J163xn2rcV"},"_contentSize":{"__type__":"cc.Size","width":233,"height":449},"_trs":{"__type__":"TypedArray","ctor":"Float64Array","array":[1203.5,-229.152,0,0,0,0,1,1,1,1]}},{"__type__":"cc.Node","_name":"5","_parent":{"__id__":129},"_components":[{"__type__":"cc.Sprite","node":{"__id__":130},"_materials":[{"__uuid__":"ecpdLyjvZBwrvm+cedCcQy"}],"_spriteFrame":{"__uuid__":"b0q/PpzxRFFashqlIRMjgM"}},{"__type__":"cc.Button","node":{"__id__":130},"zoomScale":1.05,"clickEvents":[{"__type__":"cc.ClickEvent","target":{"__id__":7},"_componentId":"6e1d7kgV5tLUbnIRYDdp53M","handler":"onGameEnter"}],"_N$transition":3,"transition":3}],"_prefab":{"__type__":"cc.PrefabInfo","root":{"__id__":7},"asset":{"__uuid__":"9aKY1Hx31LwofWoiGzrwNT"},"fileId":"dfHhsSwD9BMqw8gORj0GqL"},"_contentSize":{"__type__":"cc.Size","width":233,"height":448},"_trs":{"__type__":"TypedArray","ctor":"Float64Array","array":[0,0,0,0,0,0,1,1,1,1]}},{"__type__":"cc.Node","_name":"memberIcon","_parent":{"__id__":129},"_components":[{"__type__":"cc.Sprite","node":{"__id__":131},"_materials":[{"__uuid__":"ecpdLyjvZBwrvm+cedCcQy"}],"_spriteFrame":{"__uuid__":"b76zjc/CZDrJ62yB9avTWh"}}],"_prefab":{"__type__":"cc.PrefabInfo","root":{"__id__":7},"asset":{"__uuid__":"9aKY1Hx31LwofWoiGzrwNT"},"fileId":"91WWyoPXVFMpr8FEtW93Zp"},"_contentSize":{"__type__":"cc.Size","width":25,"height":27},"_trs":{"__type__":"TypedArray","ctor":"Float64Array","array":[-90.159,-204.002,0,0,0,0,1,1,1,1]}},{"__type__":"cc.Node","_name":"label","_parent":{"__id__":129},"_components":[{"__id__":133}],"_prefab":{"__type__":"cc.PrefabInfo","root":{"__id__":7},"asset":{"__uuid__":"9aKY1Hx31LwofWoiGzrwNT"},"fileId":"0aATP4s1FCraYHtPV3VfMT"},"_color":{"__type__":"cc.Color","r":204,"g":234,"b":255},"_contentSize":{"__type__":"cc.Size","width":33.8,"height":25.2},"_anchorPoint":{"__type__":"cc.Vec2","y":0.5},"_trs":{"__type__":"TypedArray","ctor":"Float64Array","array":[-74.654,-206.127,0,0,0,0,1,1,1,1]}},{"__type__":"cc.Label","node":{"__id__":132},"_materials":[{"__uuid__":"ecpdLyjvZBwrvm+cedCcQy"}],"_useOriginalSize":false,"_string":"5550","_N$string":"5550","_fontSize":14,"_lineHeight":20,"_N$file":{"__uuid__":"a6GFdfihpIQY/CU35PyGmw"},"_isSystemFontUsed":false,"_N$verticalAlign":1},{"__type__":"cc.Node","_name":"maskNode","_parent":{"__id__":7},"_active":false,"_components":[{"__type__":"cc.Button","node":{"__id__":134}}],"_prefab":{"__type__":"cc.PrefabInfo","root":{"__id__":7},"asset":{"__uuid__":"9aKY1Hx31LwofWoiGzrwNT"},"fileId":"d1KmQW6YlCa4pfle4ABN7y"},"_contentSize":{"__type__":"cc.Size","width":2000,"height":2000},"_trs":{"__type__":"TypedArray","ctor":"Float64Array","array":[0,0,0,0,0,0,1,1,1,1]}},{"__type__":"cc.Node","_name":"user","_parent":{"__id__":7},"_children":[{"__id__":136},{"__id__":144},{"__id__":146},{"__id__":148},{"__id__":150}],"_components":[{"__type__":"cc.Layout","node":{"__id__":135},"_layoutSize":{"__type__":"cc.Size","width":200,"height":607},"_resize":1,"_N$layoutType":2,"_N$spacingY":10},{"__type__":"cc.Widget","node":{"__id__":135},"_alignFlags":9,"_left":30,"_top":130}],"_prefab":{"__type__":"cc.PrefabInfo","root":{"__id__":7},"asset":{"__uuid__":"9aKY1Hx31LwofWoiGzrwNT"},"fileId":"4e+hYA+/9LqrzeufQVqD36"},"_contentSize":{"__type__":"cc.Size","width":200,"height":607},"_trs":{"__type__":"TypedArray","ctor":"Float64Array","array":[-830,106.5,0,0,0,0,1,1,1,1]}},{"__type__":"cc.Node","_name":"user_bg","_parent":{"__id__":135},"_children":[{"__id__":137},{"__id__":138},{"__id__":140},{"__id__":141},{"__id__":142}],"_components":[{"__type__":"cc.Sprite","node":{"__id__":136},"_materials":[{"__uuid__":"ecpdLyjvZBwrvm+cedCcQy"}],"_spriteFrame":{"__uuid__":"4c+A8EOqxA+IBzQGiVCbP5"},"_sizeMode":2},{"__type__":"cc.Layout","node":{"__id__":136},"_layoutSize":{"__type__":"cc.Size","width":212,"height":238},"_N$layoutType":2,"_N$paddingTop":20,"_N$spacingY":15}],"_prefab":{"__type__":"cc.PrefabInfo","root":{"__id__":7},"asset":{"__uuid__":"9aKY1Hx31LwofWoiGzrwNT"},"fileId":"e84ZwHN75JjL+3pYQjdAT3"},"_contentSize":{"__type__":"cc.Size","width":212,"height":238},"_trs":{"__type__":"TypedArray","ctor":"Float64Array","array":[0,184.5,0,0,0,0,1,1,1,1]}},{"__type__":"cc.Node","_name":"icon_user","_parent":{"__id__":136},"_components":[{"__type__":"cc.Sprite","node":{"__id__":137},"_materials":[{"__uuid__":"ecpdLyjvZBwrvm+cedCcQy"}],"_spriteFrame":{"__uuid__":"b8b2ycVgRCYbaTUBUwNUnO"}}],"_prefab":{"__type__":"cc.PrefabInfo","root":{"__id__":7},"asset":{"__uuid__":"9aKY1Hx31LwofWoiGzrwNT"},"fileId":"4e2+IlhrBLq6ZhqVxpf5l1"},"_contentSize":{"__type__":"cc.Size","width":35,"height":35},"_trs":{"__type__":"TypedArray","ctor":"Float64Array","array":[0,81.5,0,0,0,0,1,1,1,1]}},{"__type__":"cc.Node","_name":"accountLab","_parent":{"__id__":136},"_components":[{"__id__":139}],"_prefab":{"__type__":"cc.PrefabInfo","root":{"__id__":7},"asset":{"__uuid__":"9aKY1Hx31LwofWoiGzrwNT"},"fileId":"33KIU5xFlFJpzPbdB6dZxB"},"_color":{"__type__":"cc.Color","r":60,"g":226,"b":246},"_contentSize":{"__type__":"cc.Size","width":136.24,"height":31.5},"_trs":{"__type__":"TypedArray","ctor":"Float64Array","array":[0,33.25,0,0,0,0,1,1,1,1]}},{"__type__":"cc.Label","node":{"__id__":138},"_materials":[{"__uuid__":"ecpdLyjvZBwrvm+cedCcQy"}],"_useOriginalSize":false,"_string":"150****6601","_N$string":"150****6601","_fontSize":25,"_lineHeight":25,"_N$horizontalAlign":1,"_N$verticalAlign":1},{"__type__":"cc.Node","_name":"user_l","_parent":{"__id__":136},"_components":[{"__type__":"cc.Sprite","node":{"__id__":140},"_materials":[{"__uuid__":"ecpdLyjvZBwrvm+cedCcQy"}],"_spriteFrame":{"__uuid__":"89e9MPoe5I1aUc1zLseYXZ"}}],"_prefab":{"__type__":"cc.PrefabInfo","root":{"__id__":7},"asset":{"__uuid__":"9aKY1Hx31LwofWoiGzrwNT"},"fileId":"a1IbkjTWNKlaMqV0va5Pm+"},"_contentSize":{"__type__":"cc.Size","width":209,"height":1},"_trs":{"__type__":"TypedArray","ctor":"Float64Array","array":[0,2,0,0,0,0,1,1,1,1]}},{"__type__":"cc.Node","_name":"icon_money","_parent":{"__id__":136},"_components":[{"__type__":"cc.Sprite","node":{"__id__":141},"_materials":[{"__uuid__":"ecpdLyjvZBwrvm+cedCcQy"}],"_spriteFrame":{"__uuid__":"2exOOcc5FJ268m1f+4ib7Y"}}],"_prefab":{"__type__":"cc.PrefabInfo","root":{"__id__":7},"asset":{"__uuid__":"9aKY1Hx31LwofWoiGzrwNT"},"fileId":"afrINV5RVMFJUUOcztAPDx"},"_contentSize":{"__type__":"cc.Size","width":35,"height":35},"_trs":{"__type__":"TypedArray","ctor":"Float64Array","array":[0,-31,0,0,0,0,1,1,1,1]}},{"__type__":"cc.Node","_name":"money","_parent":{"__id__":136},"_components":[{"__id__":143}],"_prefab":{"__type__":"cc.PrefabInfo","root":{"__id__":7},"asset":{"__uuid__":"9aKY1Hx31LwofWoiGzrwNT"},"fileId":"fe3StQx19Gjrp5rrGpq5KZ"},"_color":{"__type__":"cc.Color","r":60,"g":226,"b":246},"_contentSize":{"__type__":"cc.Size","width":90.37,"height":31.5},"_trs":{"__type__":"TypedArray","ctor":"Float64Array","array":[0,-79.25,0,0,0,0,1,1,1,1]}},{"__type__":"cc.Label","node":{"__id__":142},"_materials":[{"__uuid__":"ecpdLyjvZBwrvm+cedCcQy"}],"_useOriginalSize":false,"_string":"5000.00","_N$string":"5000.00","_fontSize":25,"_lineHeight":25,"_N$horizontalAlign":1,"_N$verticalAlign":1},{"__type__":"cc.Node","_name":"save_money_btn","_parent":{"__id__":135},"_children":[{"__id__":145}],"_components":[{"__type__":"cc.Sprite","node":{"__id__":144},"_materials":[{"__uuid__":"ecpdLyjvZBwrvm+cedCcQy"}],"_spriteFrame":{"__uuid__":"544lXQy2tOdJlN/1uAAFZz"}},{"__type__":"cc.Button","node":{"__id__":144},"_normalMaterial":{"__uuid__":"ecpdLyjvZBwrvm+cedCcQy"},"clickEvents":[{"__type__":"cc.ClickEvent","target":{"__id__":7},"_componentId":"6e1d7kgV5tLUbnIRYDdp53M","handler":"onBtnTap"}],"_N$transition":3,"transition":3}],"_prefab":{"__type__":"cc.PrefabInfo","root":{"__id__":7},"asset":{"__uuid__":"9aKY1Hx31LwofWoiGzrwNT"},"fileId":"204tAiMR5ESYj7tfAAKoy+"},"_contentSize":{"__type__":"cc.Size","width":208,"height":67},"_trs":{"__type__":"TypedArray","ctor":"Float64Array","array":[0,22,0,0,0,0,1,1,1,1]}},{"__type__":"cc.Node","_name":"text","_parent":{"__id__":144},"_components":[{"__type__":"cc.Label","node":{"__id__":145},"_materials":[{"__uuid__":"ecpdLyjvZBwrvm+cedCcQy"}],"_useOriginalSize":false,"_string":"充值","_N$string":"充值","_fontSize":25,"_styleFlags":1,"_N$horizontalAlign":1,"_N$verticalAlign":1}],"_prefab":{"__type__":"cc.PrefabInfo","root":{"__id__":7},"asset":{"__uuid__":"9aKY1Hx31LwofWoiGzrwNT"},"fileId":"f9YYMAsiJINbL6yYuWjUJI"},"_color":{"__type__":"cc.Color","r":113,"g":51,"b":21},"_contentSize":{"__type__":"cc.Size","width":50,"height":50.4},"_trs":{"__type__":"TypedArray","ctor":"Float64Array","array":[0,0,0,0,0,0,1,1,1,1]}},{"__type__":"cc.Node","_name":"get_money_btn","_parent":{"__id__":135},"_children":[{"__id__":147}],"_components":[{"__type__":"cc.Sprite","node":{"__id__":146},"_materials":[{"__uuid__":"ecpdLyjvZBwrvm+cedCcQy"}],"_spriteFrame":{"__uuid__":"544lXQy2tOdJlN/1uAAFZz"}},{"__type__":"cc.Button","node":{"__id__":146},"_normalMaterial":{"__uuid__":"ecpdLyjvZBwrvm+cedCcQy"},"clickEvents":[{"__type__":"cc.ClickEvent","target":{"__id__":7},"_componentId":"6e1d7kgV5tLUbnIRYDdp53M","handler":"onBtnTap"}],"_N$transition":3,"transition":3}],"_prefab":{"__type__":"cc.PrefabInfo","root":{"__id__":7},"asset":{"__uuid__":"9aKY1Hx31LwofWoiGzrwNT"},"fileId":"0dnI3sqDlMPpHCDeAsFw+w"},"_contentSize":{"__type__":"cc.Size","width":208,"height":67},"_trs":{"__type__":"TypedArray","ctor":"Float64Array","array":[0,-55,0,0,0,0,1,1,1,1]}},{"__type__":"cc.Node","_name":"text","_parent":{"__id__":146},"_components":[{"__type__":"cc.Label","node":{"__id__":147},"_materials":[{"__uuid__":"ecpdLyjvZBwrvm+cedCcQy"}],"_useOriginalSize":false,"_string":"提现","_N$string":"提现","_fontSize":25,"_styleFlags":1,"_N$horizontalAlign":1,"_N$verticalAlign":1}],"_prefab":{"__type__":"cc.PrefabInfo","root":{"__id__":7},"asset":{"__uuid__":"9aKY1Hx31LwofWoiGzrwNT"},"fileId":"6e5kQ2a55Fta2sX1RlFVlZ"},"_color":{"__type__":"cc.Color","r":113,"g":51,"b":21},"_contentSize":{"__type__":"cc.Size","width":50,"height":50.4},"_trs":{"__type__":"TypedArray","ctor":"Float64Array","array":[0,0,0,0,0,0,1,1,1,1]}},{"__type__":"cc.Node","_name":"payrecord","_parent":{"__id__":135},"_children":[{"__id__":149}],"_components":[{"__type__":"cc.Sprite","node":{"__id__":148},"_materials":[{"__uuid__":"ecpdLyjvZBwrvm+cedCcQy"}],"_spriteFrame":{"__uuid__":"544lXQy2tOdJlN/1uAAFZz"}},{"__type__":"cc.Button","node":{"__id__":148},"_normalMaterial":{"__uuid__":"ecpdLyjvZBwrvm+cedCcQy"},"clickEvents":[{"__type__":"cc.ClickEvent","target":{"__id__":7},"_componentId":"6e1d7kgV5tLUbnIRYDdp53M","handler":"onBtnTap"}],"_N$transition":3,"transition":3}],"_prefab":{"__type__":"cc.PrefabInfo","root":{"__id__":7},"asset":{"__uuid__":"9aKY1Hx31LwofWoiGzrwNT"},"fileId":"efZKHBw/FM6LSkCbT50lPg"},"_contentSize":{"__type__":"cc.Size","width":208,"height":67},"_trs":{"__type__":"TypedArray","ctor":"Float64Array","array":[0,-132,0,0,0,0,1,1,1,1]}},{"__type__":"cc.Node","_name":"text","_parent":{"__id__":148},"_components":[{"__type__":"cc.Label","node":{"__id__":149},"_materials":[{"__uuid__":"ecpdLyjvZBwrvm+cedCcQy"}],"_useOriginalSize":false,"_string":"充值记录","_N$string":"充值记录","_fontSize":25,"_styleFlags":1,"_N$horizontalAlign":1,"_N$verticalAlign":1}],"_prefab":{"__type__":"cc.PrefabInfo","root":{"__id__":7},"asset":{"__uuid__":"9aKY1Hx31LwofWoiGzrwNT"},"fileId":"5elKCkVwVGALPd1GKxdrDy"},"_color":{"__type__":"cc.Color","r":113,"g":51,"b":21},"_contentSize":{"__type__":"cc.Size","width":100,"height":50.4},"_trs":{"__type__":"TypedArray","ctor":"Float64Array","array":[0,0,0,0,0,0,1,1,1,1]}},{"__type__":"cc.Node","_name":"download","_parent":{"__id__":135},"_components":[{"__type__":"cc.Sprite","node":{"__id__":150},"_materials":[{"__uuid__":"ecpdLyjvZBwrvm+cedCcQy"}],"_spriteFrame":{"__uuid__":"82r1YD+aVDXoIxmlaZZWcj"}}],"_prefab":{"__type__":"cc.PrefabInfo","root":{"__id__":7},"asset":{"__uuid__":"9aKY1Hx31LwofWoiGzrwNT"},"fileId":"46k20RfMpLxqMMe48xv3jx"},"_contentSize":{"__type__":"cc.Size","width":212,"height":128},"_trs":{"__type__":"TypedArray","ctor":"Float64Array","array":[0,-239.5,0,0,0,0,1,1,1,1]}},{"__type__":"cc.Node","_name":"roomScrollView","_parent":{"__id__":7},"_children":[{"__id__":152}],"_components":[{"__type__":"cc.ScrollView","node":{"__id__":151},"horizontal":false,"brake":0.75,"bounceDuration":0.23,"_N$content":{"__id__":153},"content":{"__id__":153},"_N$horizontalScrollBar":null,"_N$verticalScrollBar":null},{"__type__":"cc.Widget","node":{"__id__":151},"_alignFlags":37,"_right":30,"_top":130,"_bottom":30,"_originalHeight":250}],"_prefab":{"__type__":"cc.PrefabInfo","root":{"__id__":7},"asset":{"__uuid__":"9aKY1Hx31LwofWoiGzrwNT"},"fileId":"50uVKixSxJq6z1wZrOYlh1"},"_contentSize":{"__type__":"cc.Size","width":750,"height":920},"_anchorPoint":{"__type__":"cc.Vec2","x":0.5,"y":1},"_trs":{"__type__":"TypedArray","ctor":"Float64Array","array":[555,410,0,0,0,0,1,1,1,1]}},{"__type__":"cc.Node","_name":"view","_objFlags":512,"_parent":{"__id__":151},"_children":[{"__id__":153}],"_components":[{"__type__":"cc.Mask","node":{"__id__":152},"_materials":[{"__uuid__":"ecpdLyjvZBwrvm+cedCcQy"}],"_N$alphaThreshold":0},{"__type__":"cc.Widget","node":{"__id__":152},"_alignFlags":45,"_originalWidth":240,"_originalHeight":250}],"_prefab":{"__type__":"cc.PrefabInfo","root":{"__id__":7},"asset":{"__uuid__":"9aKY1Hx31LwofWoiGzrwNT"},"fileId":"2a7E90IhNH37y/Y4RU7Xky"},"_contentSize":{"__type__":"cc.Size","width":750,"height":920},"_trs":{"__type__":"TypedArray","ctor":"Float64Array","array":[0,-460,0,0,0,0,1,1,1,1]}},{"__type__":"cc.Node","_name":"roomlist","_parent":{"__id__":152},"_components":[{"__type__":"cc.Layout","node":{"__id__":153},"_layoutSize":{"__type__":"cc.Size","width":750},"_resize":1,"_N$layoutType":2,"_N$spacingY":30},{"__type__":"cc.Widget","node":{"__id__":153},"_alignFlags":33,"_bottom":770,"_originalHeight":150}],"_prefab":{"__type__":"cc.PrefabInfo","root":{"__id__":7},"asset":{"__uuid__":"9aKY1Hx31LwofWoiGzrwNT"},"fileId":"72xfCimVBM4pPJdfFk3Df4"},"_contentSize":{"__type__":"cc.Size","width":750},"_anchorPoint":{"__type__":"cc.Vec2","x":0.5,"y":1},"_trs":{"__type__":"TypedArray","ctor":"Float64Array","array":[0,460,0,0,0,0,1,1,1,1]}},{"__type__":"cc.Node","_name":"zhibo","_parent":{"__id__":7},"_children":[{"__id__":155}],"_components":[{"__type__":"cc.Sprite","node":{"__id__":154},"_materials":[{"__uuid__":"ecpdLyjvZBwrvm+cedCcQy"}],"_spriteFrame":{"__uuid__":"a2MjXRFdtLlYQ5ouAFv/+R"},"_sizeMode":0}],"_prefab":{"__type__":"cc.PrefabInfo","root":{"__id__":7},"asset":{"__uuid__":"9aKY1Hx31LwofWoiGzrwNT"},"fileId":"e1aSmFW1tG3qTlrE5rL2bh"},"_color":{"__type__":"cc.Color"},"_contentSize":{"__type__":"cc.Size","width":850,"height":630},"_trs":{"__type__":"TypedArray","ctor":"Float64Array","array":[-268.975,91.845,0,0,0,0,1,1,1,1]}},{"__type__":"cc.Node","_name":"label","_parent":{"__id__":154},"_components":[{"__type__":"cc.Label","node":{"__id__":155},"_materials":[{"__uuid__":"ecpdLyjvZBwrvm+cedCcQy"}],"_useOriginalSize":false,"_string":"直播视频","_N$string":"直播视频","_fontSize":80,"_lineHeight":80,"_N$horizontalAlign":1,"_N$verticalAlign":1}],"_prefab":{"__type__":"cc.PrefabInfo","root":{"__id__":7},"asset":{"__uuid__":"9aKY1Hx31LwofWoiGzrwNT"},"fileId":"f8f2EhNgJJZ7LXvdk4coUm"},"_opacity":82,"_contentSize":{"__type__":"cc.Size","width":320,"height":100.8},"_trs":{"__type__":"TypedArray","ctor":"Float64Array","array":[0,0,0,0,0,0,1,1,1,1]}},{"__type__":"cc.Node","_name":"gameTypeScrollView","_parent":{"__id__":7},"_children":[{"__id__":157}],"_components":[{"__type__":"cc.ScrollView","node":{"__id__":156},"vertical":false,"brake":0.75,"bounceDuration":0.23,"_N$content":{"__id__":158},"content":{"__id__":158},"_N$horizontalScrollBar":null,"_N$verticalScrollBar":null},{"__type__":"cc.Widget","node":{"__id__":156},"_alignFlags":12,"_left":30,"_right":840,"_bottom":50}],"_prefab":{"__type__":"cc.PrefabInfo","root":{"__id__":7},"asset":{"__uuid__":"9aKY1Hx31LwofWoiGzrwNT"},"fileId":"4aC70teB1JoIMyVogEL7VJ"},"_contentSize":{"__type__":"cc.Size","width":1100,"height":250},"_anchorPoint":{"__type__":"cc.Vec2","y":0.5},"_trs":{"__type__":"TypedArray","ctor":"Float64Array","array":[-930,-365,0,0,0,0,1,1,1,1]}},{"__type__":"cc.Node","_name":"view","_objFlags":512,"_parent":{"__id__":156},"_children":[{"__id__":158}],"_components":[{"__type__":"cc.Mask","node":{"__id__":157},"_materials":[{"__uuid__":"ecpdLyjvZBwrvm+cedCcQy"}],"_N$alphaThreshold":0},{"__type__":"cc.Widget","node":{"__id__":157},"_alignFlags":45,"_originalWidth":240,"_originalHeight":250}],"_prefab":{"__type__":"cc.PrefabInfo","root":{"__id__":7},"asset":{"__uuid__":"9aKY1Hx31LwofWoiGzrwNT"},"fileId":"ac0Uvsya5H8pWkN0GFXlkc"},"_contentSize":{"__type__":"cc.Size","width":1100,"height":250},"_trs":{"__type__":"TypedArray","ctor":"Float64Array","array":[550,0,0,0,0,0,1,1,1,1]}},{"__type__":"cc.Node","_name":"gametype","_parent":{"__id__":157},"_children":[{"__id__":159},{"__id__":160},{"__id__":161},{"__id__":162},{"__id__":163}],"_components":[{"__type__":"cc.Layout","node":{"__id__":158},"_layoutSize":{"__type__":"cc.Size","width":1040,"height":240},"_resize":1,"_N$layoutType":1,"_N$spacingX":25},{"__type__":"cc.Widget","node":{"__id__":158},"_alignFlags":12,"_bottom":10}],"_prefab":{"__type__":"cc.PrefabInfo","root":{"__id__":7},"asset":{"__uuid__":"9aKY1Hx31LwofWoiGzrwNT"},"fileId":"11KD/mT4VAU5vx9QTjRJX7"},"_contentSize":{"__type__":"cc.Size","width":1040,"height":240},"_anchorPoint":{"__type__":"cc.Vec2","y":0.5},"_trs":{"__type__":"TypedArray","ctor":"Float64Array","array":[-550,5,0,0,0,0,1,1,1,1]}},{"__type__":"cc.Node","_name":"gametype1","_parent":{"__id__":158},"_components":[{"__type__":"cc.Sprite","node":{"__id__":159},"_materials":[{"__uuid__":"ecpdLyjvZBwrvm+cedCcQy"}],"_spriteFrame":{"__uuid__":"a2eCTBShhIqot1iAzXbDvZ"}},{"__type__":"cc.Button","node":{"__id__":159},"_normalMaterial":{"__uuid__":"ecpdLyjvZBwrvm+cedCcQy"},"clickEvents":[{"__type__":"cc.ClickEvent","target":{"__id__":7},"_componentId":"6e1d7kgV5tLUbnIRYDdp53M","handler":"selectGameType"}],"_N$transition":3,"transition":3}],"_prefab":{"__type__":"cc.PrefabInfo","root":{"__id__":7},"asset":{"__uuid__":"9aKY1Hx31LwofWoiGzrwNT"},"fileId":"dd/O9K1tZKvI+xsTSGNnoB"},"_contentSize":{"__type__":"cc.Size","width":188,"height":236},"_trs":{"__type__":"TypedArray","ctor":"Float64Array","array":[94,0,0,0,0,0,1,1,1,1]}},{"__type__":"cc.Node","_name":"gametype2","_parent":{"__id__":158},"_components":[{"__type__":"cc.Sprite","node":{"__id__":160},"_materials":[{"__uuid__":"ecpdLyjvZBwrvm+cedCcQy"}],"_spriteFrame":{"__uuid__":"fdoPmkZoxMebV2JkDj1NIL"}},{"__type__":"cc.Button","node":{"__id__":160},"_normalMaterial":{"__uuid__":"ecpdLyjvZBwrvm+cedCcQy"},"clickEvents":[{"__type__":"cc.ClickEvent","target":{"__id__":7},"_componentId":"6e1d7kgV5tLUbnIRYDdp53M","handler":"selectGameType"}],"_N$transition":3,"transition":3}],"_prefab":{"__type__":"cc.PrefabInfo","root":{"__id__":7},"asset":{"__uuid__":"9aKY1Hx31LwofWoiGzrwNT"},"fileId":"57DMkaN75BZZMVYFjX6F2j"},"_contentSize":{"__type__":"cc.Size","width":188,"height":236},"_trs":{"__type__":"TypedArray","ctor":"Float64Array","array":[307,0,0,0,0,0,1,1,1,1]}},{"__type__":"cc.Node","_name":"gametype3","_parent":{"__id__":158},"_components":[{"__type__":"cc.Sprite","node":{"__id__":161},"_materials":[{"__uuid__":"ecpdLyjvZBwrvm+cedCcQy"}],"_spriteFrame":{"__uuid__":"76LyaGvhBHTry6yOTnzdtz"}},{"__type__":"cc.Button","node":{"__id__":161},"_normalMaterial":{"__uuid__":"ecpdLyjvZBwrvm+cedCcQy"},"clickEvents":[{"__type__":"cc.ClickEvent","target":{"__id__":7},"_componentId":"6e1d7kgV5tLUbnIRYDdp53M","handler":"selectGameType"}],"_N$transition":3,"transition":3}],"_prefab":{"__type__":"cc.PrefabInfo","root":{"__id__":7},"asset":{"__uuid__":"9aKY1Hx31LwofWoiGzrwNT"},"fileId":"7dc+JKAlFN2a3MDoll4QgU"},"_contentSize":{"__type__":"cc.Size","width":188,"height":236},"_trs":{"__type__":"TypedArray","ctor":"Float64Array","array":[520,0,0,0,0,0,1,1,1,1]}},{"__type__":"cc.Node","_name":"gametype4","_parent":{"__id__":158},"_components":[{"__type__":"cc.Sprite","node":{"__id__":162},"_materials":[{"__uuid__":"ecpdLyjvZBwrvm+cedCcQy"}],"_spriteFrame":{"__uuid__":"0b9JOve/tJPatItwYV5808"}},{"__type__":"cc.Button","node":{"__id__":162},"_normalMaterial":{"__uuid__":"ecpdLyjvZBwrvm+cedCcQy"},"clickEvents":[{"__type__":"cc.ClickEvent","target":{"__id__":7},"_componentId":"6e1d7kgV5tLUbnIRYDdp53M","handler":"selectGameType"}],"_N$transition":3,"transition":3}],"_prefab":{"__type__":"cc.PrefabInfo","root":{"__id__":7},"asset":{"__uuid__":"9aKY1Hx31LwofWoiGzrwNT"},"fileId":"4c+FX/uBtGn4S4mse3vbtm"},"_contentSize":{"__type__":"cc.Size","width":188,"height":236},"_trs":{"__type__":"TypedArray","ctor":"Float64Array","array":[733,0,0,0,0,0,1,1,1,1]}},{"__type__":"cc.Node","_name":"gametype5","_parent":{"__id__":158},"_components":[{"__type__":"cc.Sprite","node":{"__id__":163},"_materials":[{"__uuid__":"ecpdLyjvZBwrvm+cedCcQy"}],"_spriteFrame":{"__uuid__":"d8a+MAHlpPc4yCJQkFwC9I"}},{"__type__":"cc.Button","node":{"__id__":163},"_normalMaterial":{"__uuid__":"ecpdLyjvZBwrvm+cedCcQy"},"clickEvents":[{"__type__":"cc.ClickEvent","target":{"__id__":7},"_componentId":"6e1d7kgV5tLUbnIRYDdp53M","handler":"selectGameType"}],"_N$transition":3,"transition":3}],"_prefab":{"__type__":"cc.PrefabInfo","root":{"__id__":7},"asset":{"__uuid__":"9aKY1Hx31LwofWoiGzrwNT"},"fileId":"4877+pl+1DN6scsqwmFGcf"},"_contentSize":{"__type__":"cc.Size","width":188,"height":236},"_trs":{"__type__":"TypedArray","ctor":"Float64Array","array":[946,0,0,0,0,0,1,1,1,1]}},{"__type__":"cc.Node","_name":"GuidePanel","_parent":{"__id__":4},"_components":[{"__type__":"cc.Widget","node":{"__id__":164},"_alignFlags":45}],"_prefab":{"__type__":"cc.PrefabInfo","root":{"__id__":4},"asset":{"__uuid__":"a33K6DH2BEeZG4hwgbmEMN"},"fileId":"73qZ5QF/9DYYYCF5rRUFYQ"},"_contentSize":{"__type__":"cc.Size","width":1920,"height":1080},"_trs":{"__type__":"TypedArray","ctor":"Float64Array","array":[0,0,0,0,0,0,1,1,1,1]}},{"__type__":"cc.Node","_name":"TipPanel","_parent":{"__id__":4},"_components":[{"__type__":"cc.Widget","node":{"__id__":165},"_alignFlags":45}],"_prefab":{"__type__":"cc.PrefabInfo","root":{"__id__":4},"asset":{"__uuid__":"a33K6DH2BEeZG4hwgbmEMN"},"fileId":"bfTz3H1vZNOoN4D2PTTLKm"},"_contentSize":{"__type__":"cc.Size","width":1920,"height":1080},"_trs":{"__type__":"TypedArray","ctor":"Float64Array","array":[0,0,0,0,0,0,1,1,1,1]}}],{"__type__":"cc.SpriteFrame","content":{"name":"add_icon","texture":"cfCpKgTV5PO4J+8KRBAv+M","rect":[665,186,25,25],"offset":[0,0],"originalSize":[25,25],"capInsets":[0,0,0,0]}},{"__type__":"cc.SpriteFrame","content":{"name":"gametype2","texture":"e1yQmXXQ9O3bS0pzleANtn","rect":[401,1,188,236],"offset":[0,0],"originalSize":[188,236],"rotated":1,"capInsets":[0,0,0,0]}},{"__type__":"cc.SpriteFrame","content":{"name":"message_on","texture":"cfCpKgTV5PO4J+8KRBAv+M","rect":[577,578,39,40],"offset":[0,0],"originalSize":[39,40],"capInsets":[0,0,0,0]}},{"__type__":"cc.SpriteFrame","content":{"name":"record_on","texture":"cfCpKgTV5PO4J+8KRBAv+M","rect":[636,316,39,40],"offset":[0,0],"originalSize":[39,40],"capInsets":[0,0,0,0]}},{"__type__":"cc.SpriteFrame","content":{"name":"download","texture":"e1yQmXXQ9O3bS0pzleANtn","rect":[752,191,212,128],"offset":[0,0],"originalSize":[212,128],"rotated":1,"capInsets":[0,0,0,0]}},{"__type__":"cc.SpriteFrame","content":{"name":"sound_on","texture":"cfCpKgTV5PO4J+8KRBAv+M","rect":[577,494,39,40],"offset":[0,0],"originalSize":[39,40],"capInsets":[0,0,0,0]}},{"__type__":"cc.SpriteFrame","content":{"name":"service_icon","texture":"cfCpKgTV5PO4J+8KRBAv+M","rect":[715,932,46,47],"offset":[0,0],"originalSize":[46,47],"capInsets":[0,0,0,0]}},{"__type__":"cc.SpriteFrame","content":{"name":"user_l","texture":"e1yQmXXQ9O3bS0pzleANtn","rect":[1,1923,209,1],"offset":[0,0],"originalSize":[209,1],"capInsets":[0,0,0,0]}},{"__type__":"cc.SpriteFrame","content":{"name":"vedio_on","texture":"cfCpKgTV5PO4J+8KRBAv+M","rect":[684,140,39,40],"offset":[0,0],"originalSize":[39,40],"capInsets":[0,0,0,0]}},{"__type__":"cc.SpriteFrame","content":{"name":"modify_icon","texture":"cfCpKgTV5PO4J+8KRBAv+M","rect":[656,286,21,21],"offset":[0,0],"originalSize":[21,21],"capInsets":[0,0,0,0]}},{"__type__":"cc.SpriteFrame","content":{"name":"default_sprite_splash","texture":"02delMVqdBD70a/HSD99FK","rect":[0,0,2,2],"offset":[0,0],"originalSize":[2,2],"capInsets":[0,0,0,0]}},{"__type__":"cc.SpriteFrame","content":{"name":"gametype1","texture":"e1yQmXXQ9O3bS0pzleANtn","rect":[324,354,188,236],"offset":[0,0],"originalSize":[188,236],"rotated":1,"capInsets":[0,0,0,0]}},{"__type__":"cc.SpriteFrame","content":{"name":"longhu","texture":"afs6wVnIRDMppAxD4rh+CL","rect":[0,0,328,219],"offset":[0,0],"originalSize":[328,219],"capInsets":[0,0,0,0]}},{"__type__":"cc.SpriteFrame","content":{"name":"main_bg","texture":"e1yQmXXQ9O3bS0pzleANtn","rect":[115,1,17,969],"offset":[0,0],"originalSize":[17,969],"capInsets":[0,0,0,0]}},{"__type__":"cc.SpriteFrame","content":{"name":"A89","texture":"4f+xWEhpFKNbRa98mfnXZ3","rect":[0,0,233,448],"offset":[0,0],"originalSize":[233,448],"capInsets":[0,0,0,0]}},{"__type__":"cc.SpriteFrame","content":{"name":"btn_bgs","texture":"e1yQmXXQ9O3bS0pzleANtn","rect":[401,306,137,44],"offset":[0,0],"originalSize":[137,44],"capInsets":[0,0,0,0]}},{"__type__":"cc.SpriteFrame","content":{"name":"member_icon","texture":"cfCpKgTV5PO4J+8KRBAv+M","rect":[629,287,25,27],"offset":[0,0],"originalSize":[25,27],"capInsets":[0,0,0,0]}},{"__type__":"cc.SpriteFrame","content":{"name":"icon_user","texture":"e1yQmXXQ9O3bS0pzleANtn","rect":[839,894,35,35],"offset":[0,0],"originalSize":[35,35],"capInsets":[0,0,0,0]}},{"__type__":"cc.SpriteFrame","content":{"name":"gametype5","texture":"e1yQmXXQ9O3bS0pzleANtn","rect":[677,528,188,236],"offset":[0,0],"originalSize":[188,236],"capInsets":[0,0,0,0]}},{"__type__":"cc.SpriteFrame","content":{"name":"line","texture":"cfCpKgTV5PO4J+8KRBAv+M","rect":[57,1019,1,37],"offset":[0,-1],"originalSize":[1,39],"rotated":1,"capInsets":[0,0,0,0]}},{"__type__":"cc.SpriteFrame","content":{"name":"total_money_bg","texture":"cfCpKgTV5PO4J+8KRBAv+M","rect":[554,444,48,34],"offset":[0,0],"originalSize":[48,34],"rotated":1,"capInsets":[35,0,9,0]}},{"__type__":"cc.SpriteFrame","content":{"name":"add_friend_icon","texture":"cfCpKgTV5PO4J+8KRBAv+M","rect":[560,396,44,47],"offset":[0,0],"originalSize":[46,47],"rotated":1,"capInsets":[0,0,0,0]}},{"__type__":"cc.SpriteFrame","content":{"name":"niuniu","texture":"2bgvdZYjpEmqnp38m7nSXW","rect":[0,0,233,448],"offset":[0,0],"originalSize":[233,448],"capInsets":[0,0,0,0]}},{"__type__":"cc.SpriteFrame","content":{"name":"total_member_bg","texture":"cfCpKgTV5PO4J+8KRBAv+M","rect":[679,932,48,34],"offset":[0,0],"originalSize":[48,34],"rotated":1,"capInsets":[35,0,7,0]}},{"__type__":"cc.SpriteFrame","content":{"name":"baijiale","texture":"aeReBRArREuZ9FcmDRqVw/","rect":[0,0,450,448],"offset":[0,0],"originalSize":[450,448],"capInsets":[0,0,0,0]}},{"__type__":"cc.SpriteFrame","content":{"name":"rule_on","texture":"cfCpKgTV5PO4J+8KRBAv+M","rect":[609,396,39,40],"offset":[0,0],"originalSize":[39,40],"capInsets":[0,0,0,0]}},{"__type__":"cc.SpriteFrame","content":{"name":"exit_login_on","texture":"cfCpKgTV5PO4J+8KRBAv+M","rect":[577,620,39,40],"offset":[0,0],"originalSize":[39,40],"capInsets":[0,0,0,0]}},{"__type__":"cc.SpriteFrame","content":{"name":"gametype3","texture":"e1yQmXXQ9O3bS0pzleANtn","rect":[562,191,188,236],"offset":[0,0],"originalSize":[188,236],"capInsets":[0,0,0,0]}}]