[{"__type__":"cc.SpriteFrame","content":{"name":"heidi_jing","texture":"cfCpKgTV5PO4J+8KRBAv+M","rect":[280,496,19,20],"offset":[0,0],"originalSize":[19,20],"capInsets":[5,5,4,4]}},{"__type__":"cc.SpriteFrame","content":{"name":"sys_not_tit","texture":"15qlAyQpxGCYmCRbkX2/Lx","rect":[0,0,196,28],"offset":[0,0],"originalSize":[196,28],"capInsets":[0,0,0,0]}},[{"__type__":"cc.Prefab","_name":"LoginOutResultView","data":{"__id__":1}},{"__type__":"cc.Node","_name":"LoginOutResultView","_children":[{"__id__":2},{"__id__":3},{"__id__":4},{"__id__":5}],"_components":[{"__type__":"cc.Widget","node":{"__id__":1},"_alignFlags":44,"_top":320,"_bottom":320},{"__type__":"050e0G9fHdJGqmBXZD3sSfU","node":{"__id__":1}}],"_prefab":{"__type__":"cc.PrefabInfo","root":{"__id__":1},"asset":{"__uuid__":"e2h+EbVPdD54Y/5aGz1lyp"},"fileId":"f9z0p6gopOb4sHDhpRhhxg"},"_contentSize":{"__type__":"cc.Size","width":1136},"_trs":{"__type__":"TypedArray","ctor":"Float64Array","array":[568,320,0,0,0,0,1,1,1,1]}},{"__type__":"cc.Node","_name":"bg","_parent":{"__id__":1},"_components":[{"__type__":"cc.Sprite","node":{"__id__":2},"_materials":[{"__uuid__":"ecpdLyjvZBwrvm+cedCcQy"}],"_spriteFrame":{"__uuid__":"16tX7abV5HFq3XNrbZ4bIQ"},"_type":1,"_sizeMode":0},{"__type__":"cc.Button","node":{"__id__":2}}],"_prefab":{"__type__":"cc.PrefabInfo","root":{"__id__":1},"asset":{"__uuid__":"e2h+EbVPdD54Y/5aGz1lyp"},"fileId":"bbNx6T58ZLQLcV3Sg/hz2C"},"_contentSize":{"__type__":"cc.Size","width":588.6,"height":330.7},"_trs":{"__type__":"TypedArray","ctor":"Float64Array","array":[-0.6,16.6,0,0,0,0,1,1,1,1]}},{"__type__":"cc.Node","_name":"title","_parent":{"__id__":1},"_components":[{"__type__":"cc.Sprite","node":{"__id__":3},"_materials":[{"__uuid__":"ecpdLyjvZBwrvm+cedCcQy"}],"_spriteFrame":{"__uuid__":"9c1LV4eYFNAIieuMryYC9E"}}],"_prefab":{"__type__":"cc.PrefabInfo","root":{"__id__":1},"asset":{"__uuid__":"e2h+EbVPdD54Y/5aGz1lyp"},"fileId":"b6vDxNEDFNg4uzIeahxeER"},"_contentSize":{"__type__":"cc.Size","width":196,"height":28},"_trs":{"__type__":"TypedArray","ctor":"Float64Array","array":[0,183,0,0,0,0,1,1,1,1]}},{"__type__":"cc.Node","_name":"exitBtn","_parent":{"__id__":1},"_components":[{"__type__":"cc.Sprite","node":{"__id__":4},"_materials":[{"__uuid__":"ecpdLyjvZBwrvm+cedCcQy"}],"_spriteFrame":{"__uuid__":"fbchbmDfhLvLOJ+bZ5jr4R"}},{"__type__":"cc.Button","node":{"__id__":4},"clickEvents":[{"__type__":"cc.ClickEvent","target":{"__id__":1},"_componentId":"050e0G9fHdJGqmBXZD3sSfU","handler":"closeMySelf"}],"_N$transition":3,"transition":3}],"_prefab":{"__type__":"cc.PrefabInfo","root":{"__id__":1},"asset":{"__uuid__":"e2h+EbVPdD54Y/5aGz1lyp"},"fileId":"5dVxb+6YJDqbTtuYFmNhCw"},"_contentSize":{"__type__":"cc.Size","width":164,"height":55},"_trs":{"__type__":"TypedArray","ctor":"Float64Array","array":[-0.183,-216.483,0,0,0,0,1,1,1,1]}},{"__type__":"cc.Node","_name":"resultText","_parent":{"__id__":1},"_components":[{"__type__":"cc.Label","node":{"__id__":5},"_materials":[{"__uuid__":"ecpdLyjvZBwrvm+cedCcQy"}],"_useOriginalSize":false,"_string":"该账号在异地登录，如非本人操作请及时修改\n密码或联系系统管理人员！","_N$string":"该账号在异地登录，如非本人操作请及时修改\n密码或联系系统管理人员！","_fontSize":20,"_lineHeight":30,"_N$file":{"__uuid__":"a6GFdfihpIQY/CU35PyGmw"},"_isSystemFontUsed":false,"_N$verticalAlign":1}],"_prefab":{"__type__":"cc.PrefabInfo","root":{"__id__":1},"asset":{"__uuid__":"e2h+EbVPdD54Y/5aGz1lyp"},"fileId":"a0KXNX6itO36+ysujoC6ya"},"_contentSize":{"__type__":"cc.Size","width":400,"height":67.8},"_trs":{"__type__":"TypedArray","ctor":"Float64Array","array":[0,45.448,0,0,0,0,1,1,1,1]}}],{"__type__":"cc.SpriteFrame","content":{"name":"close_btn_1","texture":"cfCpKgTV5PO4J+8KRBAv+M","rect":[82,355,164,55],"offset":[0,2],"originalSize":[164,59],"rotated":1,"capInsets":[0,0,0,0]}}]