[{"__type__":"cc.SpriteFrame","content":{"name":"login_tip_bg","texture":"ebmdEg3GZG5bu83hkMIeDJ","rect":[2,2,69,432],"offset":[0,0],"originalSize":[69,432],"capInsets":[20,0,20,0]}},{"__type__":"cc.SpriteFrame","content":{"name":"register_3","texture":"5d0+dLPl5DUbf+VYO2evky","rect":[0,0,351,75],"offset":[0,0],"originalSize":[351,75],"capInsets":[0,0,0,0]}},{"__type__":"cc.SpriteFrame","content":{"name":"loginBtn","texture":"ebmdEg3GZG5bu83hkMIeDJ","rect":[306,2,163,54],"offset":[0,0],"originalSize":[163,54],"capInsets":[0,0,0,0]}},{"__type__":"cc.SpriteFrame","content":{"name":"close_btn","texture":"ebmdEg3GZG5bu83hkMIeDJ","rect":[306,217,81,78],"offset":[0,0],"originalSize":[81,78],"capInsets":[0,0,0,0]}},{"__type__":"cc.SpriteFrame","content":{"name":"input_bg","texture":"ebmdEg3GZG5bu83hkMIeDJ","rect":[73,411,14,13],"offset":[0,0],"originalSize":[14,13],"rotated":1,"capInsets":[4,0,4,0]}},[{"__type__":"cc.Prefab","_name":"RegisterView","data":{"__id__":1}},{"__type__":"cc.Node","_name":"RegisterView","_children":[{"__id__":2},{"__id__":3},{"__id__":11},{"__id__":19},{"__id__":27},{"__id__":35},{"__id__":36},{"__id__":37},{"__id__":38},{"__id__":39},{"__id__":40},{"__id__":41}],"_components":[{"__type__":"cc.Widget","node":{"__id__":1},"_alignFlags":45},{"__type__":"be148wIW4hEc4QKQMiQxodI","node":{"__id__":1},"accountInput":{"__id__":10},"passwordInput":{"__id__":18},"passwordInput2":{"__id__":26},"mobileInput":{"__id__":34}}],"_prefab":{"__type__":"cc.PrefabInfo","root":{"__id__":1},"asset":{"__uuid__":"ffivW4niNE2KwwBLusfue2"},"fileId":"c2RGSINnxBlLB5Fx+inCHS"},"_contentSize":{"__type__":"cc.Size","width":1136,"height":640},"_trs":{"__type__":"TypedArray","ctor":"Float64Array","array":[568,320,0,0,0,0,1,1,1,1]}},{"__type__":"cc.Node","_name":"bg","_parent":{"__id__":1},"_components":[{"__type__":"cc.Sprite","node":{"__id__":2},"_materials":[{"__uuid__":"ecpdLyjvZBwrvm+cedCcQy"}],"_spriteFrame":{"__uuid__":"20FVgdK5NKsIYJNTlRrc3L"},"_type":1,"_sizeMode":0},{"__type__":"cc.Button","node":{"__id__":2}}],"_prefab":{"__type__":"cc.PrefabInfo","root":{"__id__":1},"asset":{"__uuid__":"ffivW4niNE2KwwBLusfue2"},"fileId":"181vkpRzRHKJ9EVHHR+Zz9"},"_contentSize":{"__type__":"cc.Size","width":598.7,"height":432.5},"_trs":{"__type__":"TypedArray","ctor":"Float64Array","array":[2.4,-2.9,0,0,0,0,1,1,1,1]}},{"__type__":"cc.Node","_name":"userNameInput","_parent":{"__id__":1},"_children":[{"__id__":4},{"__id__":6},{"__id__":8}],"_components":[{"__id__":10}],"_prefab":{"__type__":"cc.PrefabInfo","root":{"__id__":1},"asset":{"__uuid__":"ffivW4niNE2KwwBLusfue2"},"fileId":"af+UmAq4pLyJB39ZWN8WXc"},"_contentSize":{"__type__":"cc.Size","width":357.5,"height":42.3},"_trs":{"__type__":"TypedArray","ctor":"Float64Array","array":[40.675,100,0,0,0,0,1,1,1,1]}},{"__type__":"cc.Node","_name":"BACKGROUND_SPRITE","_parent":{"__id__":3},"_components":[{"__id__":5},{"__type__":"cc.Widget","node":{"__id__":4},"alignMode":0,"_alignFlags":45,"_originalWidth":160,"_originalHeight":40}],"_prefab":{"__type__":"cc.PrefabInfo","root":{"__id__":1},"asset":{"__uuid__":"ffivW4niNE2KwwBLusfue2"},"fileId":"d8BeXcXztEgoYek0iCXYTC"},"_contentSize":{"__type__":"cc.Size","width":357.5,"height":42.3},"_trs":{"__type__":"TypedArray","ctor":"Float64Array","array":[0,0,0,0,0,0,1,1,1,1]}},{"__type__":"cc.Sprite","node":{"__id__":4},"_materials":[{"__uuid__":"ecpdLyjvZBwrvm+cedCcQy"}],"_spriteFrame":{"__uuid__":"daDzL0nYlOS4UAyvxLVeek"},"_type":1,"_sizeMode":0},{"__type__":"cc.Node","_name":"TEXT_LABEL","_parent":{"__id__":3},"_active":false,"_components":[{"__id__":7},{"__type__":"cc.Widget","node":{"__id__":6},"alignMode":0,"_alignFlags":45,"_left":2,"_originalWidth":158,"_originalHeight":40}],"_prefab":{"__type__":"cc.PrefabInfo","root":{"__id__":1},"asset":{"__uuid__":"ffivW4niNE2KwwBLusfue2"},"fileId":"a6g8Kd3O9MTIayK5AcDDUz"},"_contentSize":{"__type__":"cc.Size","width":383,"height":59},"_anchorPoint":{"__type__":"cc.Vec2","y":1},"_trs":{"__type__":"TypedArray","ctor":"Float64Array","array":[-190,30,0,0,0,0,1,1,1,1]}},{"__type__":"cc.Label","node":{"__id__":6},"_fontSize":20,"_lineHeight":25,"_enableWrapText":false,"_N$verticalAlign":1,"_N$overflow":1},{"__type__":"cc.Node","_name":"PLACEHOLDER_LABEL","_parent":{"__id__":3},"_components":[{"__id__":9},{"__type__":"cc.Widget","node":{"__id__":8},"alignMode":0,"_alignFlags":45,"_left":2,"_originalWidth":158,"_originalHeight":40}],"_prefab":{"__type__":"cc.PrefabInfo","root":{"__id__":1},"asset":{"__uuid__":"ffivW4niNE2KwwBLusfue2"},"fileId":"fc0oQ8xzJBR7TEaw+HLdas"},"_contentSize":{"__type__":"cc.Size","width":355.5,"height":42.3},"_anchorPoint":{"__type__":"cc.Vec2","y":1},"_trs":{"__type__":"TypedArray","ctor":"Float64Array","array":[-176.75,21.15,0,0,0,0,1,1,1,1]}},{"__type__":"cc.Label","node":{"__id__":8},"_materials":[{"__uuid__":"ecpdLyjvZBwrvm+cedCcQy"}],"_string":"  请输入8-11位数字","_N$string":"  请输入8-11位数字","_fontSize":20,"_lineHeight":25,"_enableWrapText":false,"_N$file":{"__uuid__":"6cdYiskGtJJYGqTveEBiCW"},"_isSystemFontUsed":false,"_N$verticalAlign":1,"_N$overflow":1},{"__type__":"cc.EditBox","node":{"__id__":3},"_useOriginalSize":false,"maxLength":11,"_N$textLabel":{"__id__":7},"_N$placeholderLabel":{"__id__":9},"_N$background":{"__id__":5},"_N$inputFlag":4,"_N$inputMode":3},{"__type__":"cc.Node","_name":"passwordInput","_parent":{"__id__":1},"_children":[{"__id__":12},{"__id__":14},{"__id__":16}],"_components":[{"__id__":18}],"_prefab":{"__type__":"cc.PrefabInfo","root":{"__id__":1},"asset":{"__uuid__":"ffivW4niNE2KwwBLusfue2"},"fileId":"46Rx9Z/vhIRb6G6G+ztW3z"},"_contentSize":{"__type__":"cc.Size","width":355.6,"height":45.4},"_trs":{"__type__":"TypedArray","ctor":"Float64Array","array":[40.675,40,0,0,0,0,1,1,1,1]}},{"__type__":"cc.Node","_name":"BACKGROUND_SPRITE","_parent":{"__id__":11},"_components":[{"__id__":13},{"__type__":"cc.Widget","node":{"__id__":12},"alignMode":0,"_alignFlags":45,"_originalWidth":160,"_originalHeight":40}],"_prefab":{"__type__":"cc.PrefabInfo","root":{"__id__":1},"asset":{"__uuid__":"ffivW4niNE2KwwBLusfue2"},"fileId":"5bDh+muTtPh7KgNKbUMmUJ"},"_contentSize":{"__type__":"cc.Size","width":355.6,"height":45.4},"_trs":{"__type__":"TypedArray","ctor":"Float64Array","array":[0,0,0,0,0,0,1,1,1,1]}},{"__type__":"cc.Sprite","node":{"__id__":12},"_materials":[{"__uuid__":"ecpdLyjvZBwrvm+cedCcQy"}],"_spriteFrame":{"__uuid__":"daDzL0nYlOS4UAyvxLVeek"},"_type":1,"_sizeMode":0},{"__type__":"cc.Node","_name":"TEXT_LABEL","_parent":{"__id__":11},"_active":false,"_components":[{"__id__":15},{"__type__":"cc.Widget","node":{"__id__":14},"alignMode":0,"_alignFlags":45,"_left":2,"_originalWidth":158,"_originalHeight":40}],"_prefab":{"__type__":"cc.PrefabInfo","root":{"__id__":1},"asset":{"__uuid__":"ffivW4niNE2KwwBLusfue2"},"fileId":"59cXkk9yhMMandfnhfIqFF"},"_contentSize":{"__type__":"cc.Size","width":383,"height":59},"_anchorPoint":{"__type__":"cc.Vec2","y":1},"_trs":{"__type__":"TypedArray","ctor":"Float64Array","array":[-190,30,0,0,0,0,1,1,1,1]}},{"__type__":"cc.Label","node":{"__id__":14},"_fontSize":20,"_lineHeight":25,"_enableWrapText":false,"_N$verticalAlign":1,"_N$overflow":1},{"__type__":"cc.Node","_name":"PLACEHOLDER_LABEL","_parent":{"__id__":11},"_components":[{"__id__":17},{"__type__":"cc.Widget","node":{"__id__":16},"alignMode":0,"_alignFlags":45,"_left":2,"_originalWidth":158,"_originalHeight":40}],"_prefab":{"__type__":"cc.PrefabInfo","root":{"__id__":1},"asset":{"__uuid__":"ffivW4niNE2KwwBLusfue2"},"fileId":"0bhhuvqCBIWIyKzVb8Wob/"},"_contentSize":{"__type__":"cc.Size","width":353.6,"height":45.4},"_anchorPoint":{"__type__":"cc.Vec2","y":1},"_trs":{"__type__":"TypedArray","ctor":"Float64Array","array":[-175.8,22.7,0,0,0,0,1,1,1,1]}},{"__type__":"cc.Label","node":{"__id__":16},"_materials":[{"__uuid__":"ecpdLyjvZBwrvm+cedCcQy"}],"_string":"  至少6位密码","_N$string":"  至少6位密码","_fontSize":20,"_lineHeight":25,"_enableWrapText":false,"_N$file":{"__uuid__":"6cdYiskGtJJYGqTveEBiCW"},"_isSystemFontUsed":false,"_N$verticalAlign":1,"_N$overflow":1},{"__type__":"cc.EditBox","node":{"__id__":11},"_useOriginalSize":false,"maxLength":-0.1,"_N$textLabel":{"__id__":15},"_N$placeholderLabel":{"__id__":17},"_N$background":{"__id__":13},"_N$inputFlag":0,"_N$inputMode":3},{"__type__":"cc.Node","_name":"passwordInput2","_parent":{"__id__":1},"_children":[{"__id__":20},{"__id__":22},{"__id__":24}],"_components":[{"__id__":26}],"_prefab":{"__type__":"cc.PrefabInfo","root":{"__id__":1},"asset":{"__uuid__":"ffivW4niNE2KwwBLusfue2"},"fileId":"58ss0H/T1JmZe+NDKYyXt9"},"_contentSize":{"__type__":"cc.Size","width":355.6,"height":45.4},"_trs":{"__type__":"TypedArray","ctor":"Float64Array","array":[40.675,-20,0,0,0,0,1,1,1,1]}},{"__type__":"cc.Node","_name":"BACKGROUND_SPRITE","_parent":{"__id__":19},"_components":[{"__id__":21},{"__type__":"cc.Widget","node":{"__id__":20},"alignMode":0,"_alignFlags":45,"_originalWidth":160,"_originalHeight":40}],"_prefab":{"__type__":"cc.PrefabInfo","root":{"__id__":1},"asset":{"__uuid__":"ffivW4niNE2KwwBLusfue2"},"fileId":"10f8z36nNE4Zlz9Fx5QVPi"},"_contentSize":{"__type__":"cc.Size","width":355.6,"height":45.4},"_trs":{"__type__":"TypedArray","ctor":"Float64Array","array":[0,0,0,0,0,0,1,1,1,1]}},{"__type__":"cc.Sprite","node":{"__id__":20},"_materials":[{"__uuid__":"ecpdLyjvZBwrvm+cedCcQy"}],"_spriteFrame":{"__uuid__":"daDzL0nYlOS4UAyvxLVeek"},"_type":1,"_sizeMode":0},{"__type__":"cc.Node","_name":"TEXT_LABEL","_parent":{"__id__":19},"_active":false,"_components":[{"__id__":23},{"__type__":"cc.Widget","node":{"__id__":22},"alignMode":0,"_alignFlags":45,"_left":2,"_originalWidth":158,"_originalHeight":40}],"_prefab":{"__type__":"cc.PrefabInfo","root":{"__id__":1},"asset":{"__uuid__":"ffivW4niNE2KwwBLusfue2"},"fileId":"ccVtbyw51CAInuIs6/LWW9"},"_contentSize":{"__type__":"cc.Size","width":383,"height":59},"_anchorPoint":{"__type__":"cc.Vec2","y":1},"_trs":{"__type__":"TypedArray","ctor":"Float64Array","array":[-190,30,0,0,0,0,1,1,1,1]}},{"__type__":"cc.Label","node":{"__id__":22},"_fontSize":20,"_lineHeight":25,"_enableWrapText":false,"_N$verticalAlign":1,"_N$overflow":1},{"__type__":"cc.Node","_name":"PLACEHOLDER_LABEL","_parent":{"__id__":19},"_components":[{"__id__":25},{"__type__":"cc.Widget","node":{"__id__":24},"alignMode":0,"_alignFlags":45,"_left":2,"_originalWidth":158,"_originalHeight":40}],"_prefab":{"__type__":"cc.PrefabInfo","root":{"__id__":1},"asset":{"__uuid__":"ffivW4niNE2KwwBLusfue2"},"fileId":"fcRuFG90NIYpzTz/E1kdNn"},"_contentSize":{"__type__":"cc.Size","width":353.6,"height":45.4},"_anchorPoint":{"__type__":"cc.Vec2","y":1},"_trs":{"__type__":"TypedArray","ctor":"Float64Array","array":[-175.8,22.7,0,0,0,0,1,1,1,1]}},{"__type__":"cc.Label","node":{"__id__":24},"_materials":[{"__uuid__":"ecpdLyjvZBwrvm+cedCcQy"}],"_string":"  至少6位密码","_N$string":"  至少6位密码","_fontSize":20,"_lineHeight":25,"_enableWrapText":false,"_N$file":{"__uuid__":"6cdYiskGtJJYGqTveEBiCW"},"_isSystemFontUsed":false,"_N$verticalAlign":1,"_N$overflow":1},{"__type__":"cc.EditBox","node":{"__id__":19},"_useOriginalSize":false,"maxLength":-0.1,"_N$textLabel":{"__id__":23},"_N$placeholderLabel":{"__id__":25},"_N$background":{"__id__":21},"_N$inputFlag":0,"_N$inputMode":3},{"__type__":"cc.Node","_name":"phoneInput","_parent":{"__id__":1},"_children":[{"__id__":28},{"__id__":30},{"__id__":32}],"_components":[{"__id__":34}],"_prefab":{"__type__":"cc.PrefabInfo","root":{"__id__":1},"asset":{"__uuid__":"ffivW4niNE2KwwBLusfue2"},"fileId":"a8TUz/IEBP9qPpOql7zscF"},"_contentSize":{"__type__":"cc.Size","width":355.6,"height":45.4},"_trs":{"__type__":"TypedArray","ctor":"Float64Array","array":[40.675,-80,0,0,0,0,1,1,1,1]}},{"__type__":"cc.Node","_name":"BACKGROUND_SPRITE","_parent":{"__id__":27},"_components":[{"__id__":29},{"__type__":"cc.Widget","node":{"__id__":28},"alignMode":0,"_alignFlags":45,"_originalWidth":160,"_originalHeight":40}],"_prefab":{"__type__":"cc.PrefabInfo","root":{"__id__":1},"asset":{"__uuid__":"ffivW4niNE2KwwBLusfue2"},"fileId":"5fuk84N8ROHJOqSwFtDEvn"},"_contentSize":{"__type__":"cc.Size","width":355.6,"height":45.4},"_trs":{"__type__":"TypedArray","ctor":"Float64Array","array":[0,0,0,0,0,0,1,1,1,1]}},{"__type__":"cc.Sprite","node":{"__id__":28},"_materials":[{"__uuid__":"ecpdLyjvZBwrvm+cedCcQy"}],"_spriteFrame":{"__uuid__":"daDzL0nYlOS4UAyvxLVeek"},"_type":1,"_sizeMode":0},{"__type__":"cc.Node","_name":"TEXT_LABEL","_parent":{"__id__":27},"_active":false,"_components":[{"__id__":31},{"__type__":"cc.Widget","node":{"__id__":30},"alignMode":0,"_alignFlags":45,"_left":2,"_originalWidth":158,"_originalHeight":40}],"_prefab":{"__type__":"cc.PrefabInfo","root":{"__id__":1},"asset":{"__uuid__":"ffivW4niNE2KwwBLusfue2"},"fileId":"d7hFUFgsFMxq9bTbua/aVs"},"_contentSize":{"__type__":"cc.Size","width":383,"height":59},"_anchorPoint":{"__type__":"cc.Vec2","y":1},"_trs":{"__type__":"TypedArray","ctor":"Float64Array","array":[-190,30,0,0,0,0,1,1,1,1]}},{"__type__":"cc.Label","node":{"__id__":30},"_fontSize":20,"_lineHeight":25,"_enableWrapText":false,"_N$verticalAlign":1,"_N$overflow":1},{"__type__":"cc.Node","_name":"PLACEHOLDER_LABEL","_parent":{"__id__":27},"_components":[{"__id__":33},{"__type__":"cc.Widget","node":{"__id__":32},"alignMode":0,"_alignFlags":45,"_left":2,"_originalWidth":158,"_originalHeight":40}],"_prefab":{"__type__":"cc.PrefabInfo","root":{"__id__":1},"asset":{"__uuid__":"ffivW4niNE2KwwBLusfue2"},"fileId":"abDJ4dWwVMH6vMg6Oko2rt"},"_contentSize":{"__type__":"cc.Size","width":353.6,"height":45.4},"_anchorPoint":{"__type__":"cc.Vec2","y":1},"_trs":{"__type__":"TypedArray","ctor":"Float64Array","array":[-175.8,22.7,0,0,0,0,1,1,1,1]}},{"__type__":"cc.Label","node":{"__id__":32},"_materials":[{"__uuid__":"ecpdLyjvZBwrvm+cedCcQy"}],"_string":"  绑定号码非常重要","_N$string":"  绑定号码非常重要","_fontSize":20,"_lineHeight":25,"_enableWrapText":false,"_N$file":{"__uuid__":"6cdYiskGtJJYGqTveEBiCW"},"_isSystemFontUsed":false,"_N$verticalAlign":1,"_N$overflow":1},{"__type__":"cc.EditBox","node":{"__id__":27},"_useOriginalSize":false,"maxLength":-0.1,"_N$textLabel":{"__id__":31},"_N$placeholderLabel":{"__id__":33},"_N$background":{"__id__":29},"_N$inputMode":3},{"__type__":"cc.Node","_name":"title","_parent":{"__id__":1},"_components":[{"__type__":"cc.Sprite","node":{"__id__":35},"_materials":[{"__uuid__":"ecpdLyjvZBwrvm+cedCcQy"}],"_spriteFrame":{"__uuid__":"97KlYaffhJgLSaD/u8wtKL"}}],"_prefab":{"__type__":"cc.PrefabInfo","root":{"__id__":1},"asset":{"__uuid__":"ffivW4niNE2KwwBLusfue2"},"fileId":"0eJAwDgwdEtppjGyh/syxa"},"_contentSize":{"__type__":"cc.Size","width":351,"height":75},"_trs":{"__type__":"TypedArray","ctor":"Float64Array","array":[1.336,176.527,0,0,0,0,1,1,1,1]}},{"__type__":"cc.Node","_name":"login_btn","_parent":{"__id__":1},"_components":[{"__type__":"cc.Sprite","node":{"__id__":36},"_materials":[{"__uuid__":"ecpdLyjvZBwrvm+cedCcQy"}],"_spriteFrame":{"__uuid__":"a4PxvG4dNMJKbK7/3XMMcq"}},{"__type__":"cc.Button","node":{"__id__":36},"clickEvents":[{"__type__":"cc.ClickEvent","target":{"__id__":1},"_componentId":"be148wIW4hEc4QKQMiQxodI","handler":"onRegister"}],"_N$transition":3,"transition":3}],"_prefab":{"__type__":"cc.PrefabInfo","root":{"__id__":1},"asset":{"__uuid__":"ffivW4niNE2KwwBLusfue2"},"fileId":"0duuzBy2BFYpTGLSOSp67p"},"_contentSize":{"__type__":"cc.Size","width":163,"height":54},"_trs":{"__type__":"TypedArray","ctor":"Float64Array","array":[0,-159.511,0,0,0,0,1,1,1,1]}},{"__type__":"cc.Node","_name":"exitBtn","_parent":{"__id__":1},"_components":[{"__type__":"cc.Sprite","node":{"__id__":37},"_materials":[{"__uuid__":"ecpdLyjvZBwrvm+cedCcQy"}],"_spriteFrame":{"__uuid__":"c6D01mhoNBoZ0RPnMByWJX"},"_sizeMode":0},{"__type__":"cc.Button","node":{"__id__":37},"clickEvents":[{"__type__":"cc.ClickEvent","target":{"__id__":1},"_componentId":"be148wIW4hEc4QKQMiQxodI","handler":"closePanel"}]}],"_prefab":{"__type__":"cc.PrefabInfo","root":{"__id__":1},"asset":{"__uuid__":"ffivW4niNE2KwwBLusfue2"},"fileId":"b9gCK900dARoIu+BfBCJJv"},"_contentSize":{"__type__":"cc.Size","width":100,"height":100},"_trs":{"__type__":"TypedArray","ctor":"Float64Array","array":[303.178,175.504,0,0,0,0,1,0.8,0.8,1]}},{"__type__":"cc.Node","_name":"accountLab","_parent":{"__id__":1},"_components":[{"__type__":"cc.Label","node":{"__id__":38},"_materials":[{"__uuid__":"ecpdLyjvZBwrvm+cedCcQy"}],"_useOriginalSize":false,"_string":"账号","_N$string":"账号","_fontSize":22,"_lineHeight":22,"_N$file":{"__uuid__":"6cdYiskGtJJYGqTveEBiCW"},"_isSystemFontUsed":false,"_N$horizontalAlign":1,"_N$verticalAlign":1}],"_prefab":{"__type__":"cc.PrefabInfo","root":{"__id__":1},"asset":{"__uuid__":"ffivW4niNE2KwwBLusfue2"},"fileId":"bbbhCuTwhERbddbMKKfwfe"},"_color":{"__type__":"cc.Color","r":251,"g":244,"b":207},"_contentSize":{"__type__":"cc.Size","width":44,"height":27.72},"_trs":{"__type__":"TypedArray","ctor":"Float64Array","array":[-169.325,100,0,0,0,0,1,1,1,1]}},{"__type__":"cc.Node","_name":"passwordLab","_parent":{"__id__":1},"_components":[{"__type__":"cc.Label","node":{"__id__":39},"_materials":[{"__uuid__":"ecpdLyjvZBwrvm+cedCcQy"}],"_useOriginalSize":false,"_string":"密码","_N$string":"密码","_fontSize":22,"_lineHeight":22,"_N$file":{"__uuid__":"6cdYiskGtJJYGqTveEBiCW"},"_isSystemFontUsed":false,"_N$horizontalAlign":1,"_N$verticalAlign":1}],"_prefab":{"__type__":"cc.PrefabInfo","root":{"__id__":1},"asset":{"__uuid__":"ffivW4niNE2KwwBLusfue2"},"fileId":"63bc4/rMRKYrwbjxeDwEOP"},"_color":{"__type__":"cc.Color","r":251,"g":244,"b":207},"_contentSize":{"__type__":"cc.Size","width":44,"height":27.72},"_trs":{"__type__":"TypedArray","ctor":"Float64Array","array":[-169.325,40,0,0,0,0,1,1,1,1]}},{"__type__":"cc.Node","_name":"passwordLab2","_parent":{"__id__":1},"_components":[{"__type__":"cc.Label","node":{"__id__":40},"_materials":[{"__uuid__":"ecpdLyjvZBwrvm+cedCcQy"}],"_useOriginalSize":false,"_string":"确认密码","_N$string":"确认密码","_fontSize":22,"_lineHeight":22,"_N$file":{"__uuid__":"6cdYiskGtJJYGqTveEBiCW"},"_isSystemFontUsed":false,"_N$horizontalAlign":1,"_N$verticalAlign":1}],"_prefab":{"__type__":"cc.PrefabInfo","root":{"__id__":1},"asset":{"__uuid__":"ffivW4niNE2KwwBLusfue2"},"fileId":"d1E+WWuX9GZpq+OcinM6bH"},"_color":{"__type__":"cc.Color","r":251,"g":244,"b":207},"_contentSize":{"__type__":"cc.Size","width":88,"height":27.72},"_anchorPoint":{"__type__":"cc.Vec2","x":1,"y":0.5},"_trs":{"__type__":"TypedArray","ctor":"Float64Array","array":[-149.325,-20,0,0,0,0,1,1,1,1]}},{"__type__":"cc.Node","_name":"phoneLab","_parent":{"__id__":1},"_components":[{"__type__":"cc.Label","node":{"__id__":41},"_materials":[{"__uuid__":"ecpdLyjvZBwrvm+cedCcQy"}],"_useOriginalSize":false,"_string":"手机号","_N$string":"手机号","_fontSize":22,"_lineHeight":22,"_N$file":{"__uuid__":"6cdYiskGtJJYGqTveEBiCW"},"_isSystemFontUsed":false,"_N$horizontalAlign":1,"_N$verticalAlign":1}],"_prefab":{"__type__":"cc.PrefabInfo","root":{"__id__":1},"asset":{"__uuid__":"ffivW4niNE2KwwBLusfue2"},"fileId":"e1Qo9yrEZG1K9e5q/33WkG"},"_color":{"__type__":"cc.Color","r":251,"g":244,"b":207},"_contentSize":{"__type__":"cc.Size","width":66,"height":27.72},"_anchorPoint":{"__type__":"cc.Vec2","x":1,"y":0.5},"_trs":{"__type__":"TypedArray","ctor":"Float64Array","array":[-149.325,-80,0,0,0,0,1,1,1,1]}}]]