[[{"__type__":"cc.Prefab","_name":"PersonInfoView","data":{"__id__":1}},{"__type__":"cc.Node","_name":"PersonInfoView","_children":[{"__id__":2},{"__id__":3},{"__id__":4},{"__id__":5},{"__id__":6},{"__id__":7},{"__id__":9},{"__id__":10},{"__id__":11},{"__id__":19}],"_components":[{"__type__":"cc.Widget","node":{"__id__":1},"_alignFlags":45},{"__type__":"4554208pgpMbrtVWkpa2QY5","node":{"__id__":1},"changeNickNameInput":{"__id__":18}}],"_prefab":{"__type__":"cc.PrefabInfo","root":{"__id__":1},"asset":{"__uuid__":"05XsIBOBVFQJ55Kwe7Gjae"},"fileId":"ffyeYXZopETYMqQJtmGNBM"},"_contentSize":{"__type__":"cc.Size","width":1136,"height":640},"_trs":{"__type__":"TypedArray","ctor":"Float64Array","array":[568,320,0,0,0,0,1,1,1,1]}},{"__type__":"cc.Node","_name":"bg","_parent":{"__id__":1},"_components":[{"__type__":"cc.Sprite","node":{"__id__":2},"_materials":[{"__uuid__":"ecpdLyjvZBwrvm+cedCcQy"}],"_spriteFrame":{"__uuid__":"24yWtuBDVKdYg4jjClu6j7"},"_type":1,"_sizeMode":0},{"__type__":"cc.Button","node":{"__id__":2}}],"_prefab":{"__type__":"cc.PrefabInfo","root":{"__id__":1},"asset":{"__uuid__":"05XsIBOBVFQJ55Kwe7Gjae"},"fileId":"4dxy6Y/cZMYK50DtB/zzXW"},"_contentSize":{"__type__":"cc.Size","width":598.6,"height":432},"_trs":{"__type__":"TypedArray","ctor":"Float64Array","array":[6.8,-5,0,0,0,0,1,1,1,1]}},{"__type__":"cc.Node","_name":"exitBtn","_parent":{"__id__":1},"_components":[{"__type__":"cc.Sprite","node":{"__id__":3},"_materials":[{"__uuid__":"ecpdLyjvZBwrvm+cedCcQy"}],"_spriteFrame":{"__uuid__":"30Hcj40p5IxKuqJSTx5a7F"}},{"__type__":"cc.Button","node":{"__id__":3},"clickEvents":[{"__type__":"cc.ClickEvent","target":{"__id__":1},"_componentId":"4554208pgpMbrtVWkpa2QY5","handler":"closePanel"}],"_N$transition":3,"transition":3}],"_prefab":{"__type__":"cc.PrefabInfo","root":{"__id__":1},"asset":{"__uuid__":"05XsIBOBVFQJ55Kwe7Gjae"},"fileId":"ebNxZ8FtlKcY1eNIAaFpj3"},"_contentSize":{"__type__":"cc.Size","width":81,"height":78},"_trs":{"__type__":"TypedArray","ctor":"Float64Array","array":[305.23,170.002,0,0,0,0,1,1,1,1]}},{"__type__":"cc.Node","_name":"title","_parent":{"__id__":1},"_components":[{"__type__":"cc.Sprite","node":{"__id__":4},"_materials":[{"__uuid__":"ecpdLyjvZBwrvm+cedCcQy"}],"_spriteFrame":{"__uuid__":"a3fb/y+LRJ14w8zajacZ+h"}}],"_prefab":{"__type__":"cc.PrefabInfo","root":{"__id__":1},"asset":{"__uuid__":"05XsIBOBVFQJ55Kwe7Gjae"},"fileId":"39/VpZRKBA5LJooMlfMTDW"},"_contentSize":{"__type__":"cc.Size","width":351,"height":74},"_trs":{"__type__":"TypedArray","ctor":"Float64Array","array":[7.506,171.463,0,0,0,0,1,1,1,1]}},{"__type__":"cc.Node","_name":"headIcon","_parent":{"__id__":1},"_components":[{"__type__":"cc.Sprite","node":{"__id__":5},"_materials":[{"__uuid__":"ecpdLyjvZBwrvm+cedCcQy"}],"_spriteFrame":{"__uuid__":"a2MjXRFdtLlYQ5ouAFv/+R"},"_sizeMode":0}],"_prefab":{"__type__":"cc.PrefabInfo","root":{"__id__":1},"asset":{"__uuid__":"05XsIBOBVFQJ55Kwe7Gjae"},"fileId":"51ZXNWPAZJC52RY7tKBUSh"},"_contentSize":{"__type__":"cc.Size","width":83.2,"height":81.8},"_trs":{"__type__":"TypedArray","ctor":"Float64Array","array":[-186.9,51.4,0,0,0,0,1,1,1,1]}},{"__type__":"cc.Node","_name":"nikeNameLab","_parent":{"__id__":1},"_components":[{"__type__":"cc.Label","node":{"__id__":6},"_materials":[{"__uuid__":"ecpdLyjvZBwrvm+cedCcQy"}],"_useOriginalSize":false,"_string":"昵称","_N$string":"昵称","_fontSize":24,"_lineHeight":25,"_N$file":{"__uuid__":"6cdYiskGtJJYGqTveEBiCW"},"_isSystemFontUsed":false,"_N$horizontalAlign":1,"_N$verticalAlign":1}],"_prefab":{"__type__":"cc.PrefabInfo","root":{"__id__":1},"asset":{"__uuid__":"05XsIBOBVFQJ55Kwe7Gjae"},"fileId":"20RiXmHdBMsJR9JahRqfjr"},"_color":{"__type__":"cc.Color","r":251,"g":244,"b":207},"_contentSize":{"__type__":"cc.Size","width":48,"height":31.5},"_trs":{"__type__":"TypedArray","ctor":"Float64Array","array":[-89.716,50.193,0,0,0,0,1,1,1,1]}},{"__type__":"cc.Node","_name":"accountLab","_parent":{"__id__":1},"_children":[{"__id__":8}],"_components":[{"__type__":"cc.Label","node":{"__id__":7},"_materials":[{"__uuid__":"ecpdLyjvZBwrvm+cedCcQy"}],"_useOriginalSize":false,"_string":"账户\n","_N$string":"账户\n","_fontSize":24,"_lineHeight":25,"_N$file":{"__uuid__":"6cdYiskGtJJYGqTveEBiCW"},"_isSystemFontUsed":false,"_N$horizontalAlign":1,"_N$verticalAlign":1}],"_prefab":{"__type__":"cc.PrefabInfo","root":{"__id__":1},"asset":{"__uuid__":"05XsIBOBVFQJ55Kwe7Gjae"},"fileId":"78qa2nQ+lFp7kCUqyijmM7"},"_color":{"__type__":"cc.Color","r":251,"g":244,"b":207},"_contentSize":{"__type__":"cc.Size","width":48,"height":56.5},"_trs":{"__type__":"TypedArray","ctor":"Float64Array","array":[-89.716,-49.637,0,0,0,0,1,1,1,1]}},{"__type__":"cc.Node","_name":"acountValLab","_parent":{"__id__":7},"_components":[{"__type__":"cc.Label","node":{"__id__":8},"_materials":[{"__uuid__":"ecpdLyjvZBwrvm+cedCcQy"}],"_useOriginalSize":false,"_string":"138","_N$string":"138","_fontSize":24,"_lineHeight":25,"_N$file":{"__uuid__":"6cdYiskGtJJYGqTveEBiCW"},"_isSystemFontUsed":false,"_N$horizontalAlign":1,"_N$verticalAlign":1}],"_prefab":{"__type__":"cc.PrefabInfo","root":{"__id__":1},"asset":{"__uuid__":"05XsIBOBVFQJ55Kwe7Gjae"},"fileId":"a8XSPgN3tC/Kpx4HJ7QxIf"},"_color":{"__type__":"cc.Color","r":138,"g":138,"b":148},"_contentSize":{"__type__":"cc.Size","width":42.22,"height":31.5},"_anchorPoint":{"__type__":"cc.Vec2","y":0.5},"_trs":{"__type__":"TypedArray","ctor":"Float64Array","array":[59.808,13.119,0,0,0,0,1,1,1,1]}},{"__type__":"cc.Node","_name":"confirmBtn","_parent":{"__id__":1},"_components":[{"__type__":"cc.Sprite","node":{"__id__":9},"_materials":[{"__uuid__":"ecpdLyjvZBwrvm+cedCcQy"}],"_spriteFrame":{"__uuid__":"8ahGpUh1xHnK2iqSg9FFXn"}},{"__type__":"cc.Button","node":{"__id__":9},"clickEvents":[{"__type__":"cc.ClickEvent","target":{"__id__":1},"_componentId":"4554208pgpMbrtVWkpa2QY5","handler":"onChangeNickName"}],"_N$transition":3,"transition":3}],"_prefab":{"__type__":"cc.PrefabInfo","root":{"__id__":1},"asset":{"__uuid__":"05XsIBOBVFQJ55Kwe7Gjae"},"fileId":"acn3PH5LtBDqz/Hm8idhlg"},"_contentSize":{"__type__":"cc.Size","width":163,"height":53},"_trs":{"__type__":"TypedArray","ctor":"Float64Array","array":[6.64,-135.108,0,0,0,0,1,1,1,1]}},{"__type__":"cc.Node","_name":"BACKGROUND_SPRITE copy","_parent":{"__id__":1},"_components":[{"__type__":"cc.Sprite","node":{"__id__":10},"_materials":[{"__uuid__":"ecpdLyjvZBwrvm+cedCcQy"}],"_spriteFrame":{"__uuid__":"ed7mVrZKNN+JZzuZJkmC3O"},"_type":1,"_sizeMode":0}],"_prefab":{"__type__":"cc.PrefabInfo","root":{"__id__":1},"asset":{"__uuid__":"05XsIBOBVFQJ55Kwe7Gjae"},"fileId":"0dZFYeBWBBSr8i9PB8YVLx"},"_contentSize":{"__type__":"cc.Size","width":303.2,"height":45.6},"_trs":{"__type__":"TypedArray","ctor":"Float64Array","array":[98.7,50.6,0,0,0,0,1,1,1,1]}},{"__type__":"cc.Node","_name":"nikeNameInput","_parent":{"__id__":1},"_children":[{"__id__":12},{"__id__":14},{"__id__":16}],"_components":[{"__id__":18}],"_prefab":{"__type__":"cc.PrefabInfo","root":{"__id__":1},"asset":{"__uuid__":"05XsIBOBVFQJ55Kwe7Gjae"},"fileId":"eaXznpOWZA37U6bsV6ZP6U"},"_contentSize":{"__type__":"cc.Size","width":275.9,"height":45.6},"_trs":{"__type__":"TypedArray","ctor":"Float64Array","array":[98.3,50.6,0,0,0,0,1,1,1,1]}},{"__type__":"cc.Node","_name":"BACKGROUND_SPRITE","_parent":{"__id__":11},"_components":[{"__id__":13},{"__type__":"cc.Widget","node":{"__id__":12},"alignMode":0,"_alignFlags":45,"_left":0.050000000000010036,"_right":-2.1499999999999795,"_originalWidth":160,"_originalHeight":40}],"_prefab":{"__type__":"cc.PrefabInfo","root":{"__id__":1},"asset":{"__uuid__":"05XsIBOBVFQJ55Kwe7Gjae"},"fileId":"289Csbf49I2KKcRhZg7Xd7"},"_opacity":0,"_contentSize":{"__type__":"cc.Size","width":277.99999999999994,"height":45.6},"_trs":{"__type__":"TypedArray","ctor":"Float64Array","array":[1.0999999999999943,0,0,0,0,0,1,1,1,1]}},{"__type__":"cc.Sprite","node":{"__id__":12},"_materials":[{"__uuid__":"ecpdLyjvZBwrvm+cedCcQy"}],"_spriteFrame":{"__uuid__":"ed7mVrZKNN+JZzuZJkmC3O"},"_type":1,"_sizeMode":0},{"__type__":"cc.Node","_name":"TEXT_LABEL","_parent":{"__id__":11},"_active":false,"_components":[{"__id__":15},{"__type__":"cc.Widget","node":{"__id__":14},"alignMode":0,"_alignFlags":45,"_left":29.450000000000017,"_right":0.04999999999998295,"_originalWidth":158,"_originalHeight":40}],"_prefab":{"__type__":"cc.PrefabInfo","root":{"__id__":1},"asset":{"__uuid__":"05XsIBOBVFQJ55Kwe7Gjae"},"fileId":"32TOZ1hftALYtRj+GfbGh6"},"_contentSize":{"__type__":"cc.Size","width":271.6,"height":45.6},"_anchorPoint":{"__type__":"cc.Vec2","y":1},"_trs":{"__type__":"TypedArray","ctor":"Float64Array","array":[-121.1,22.8,0,0,0,0,1,1,1,1]}},{"__type__":"cc.Label","node":{"__id__":14},"_materials":[{"__uuid__":"ecpdLyjvZBwrvm+cedCcQy"}],"_fontSize":20,"_lineHeight":25,"_enableWrapText":false,"_N$verticalAlign":1,"_N$overflow":1},{"__type__":"cc.Node","_name":"PLACEHOLDER_LABEL","_parent":{"__id__":11},"_components":[{"__id__":17},{"__type__":"cc.Widget","node":{"__id__":16},"alignMode":0,"_alignFlags":45,"_left":2,"_originalWidth":158,"_originalHeight":40}],"_prefab":{"__type__":"cc.PrefabInfo","root":{"__id__":1},"asset":{"__uuid__":"05XsIBOBVFQJ55Kwe7Gjae"},"fileId":"0fbZK117dChq8L1F3HORT7"},"_color":{"__type__":"cc.Color","r":187,"g":187,"b":187},"_contentSize":{"__type__":"cc.Size","width":273.9,"height":45.6},"_anchorPoint":{"__type__":"cc.Vec2","y":1},"_trs":{"__type__":"TypedArray","ctor":"Float64Array","array":[-135.95,22.8,0,0,0,0,1,1,1,1]}},{"__type__":"cc.Label","node":{"__id__":16},"_materials":[{"__uuid__":"ecpdLyjvZBwrvm+cedCcQy"}],"_string":"  请输入新的昵称","_N$string":"  请输入新的昵称","_fontSize":20,"_lineHeight":25,"_enableWrapText":false,"_N$verticalAlign":1,"_N$overflow":1},{"__type__":"cc.EditBox","node":{"__id__":11},"_useOriginalSize":false,"maxLength":16,"_N$textLabel":{"__id__":15},"_N$placeholderLabel":{"__id__":17},"_N$background":{"__id__":13},"_N$inputMode":6},{"__type__":"cc.Node","_name":"flag","_parent":{"__id__":1},"_components":[{"__type__":"cc.Sprite","node":{"__id__":19},"_materials":[{"__uuid__":"ecpdLyjvZBwrvm+cedCcQy"}],"_spriteFrame":{"__uuid__":"9eQWNpsCpFs6CpMneUQ4Qw"}}],"_prefab":{"__type__":"cc.PrefabInfo","root":{"__id__":1},"asset":{"__uuid__":"05XsIBOBVFQJ55Kwe7Gjae"},"fileId":"14qGGvG5ZBW76Lh9wddGk9"},"_contentSize":{"__type__":"cc.Size","width":21,"height":21},"_trs":{"__type__":"TypedArray","ctor":"Float64Array","array":[217.819,46.652,0,0,0,0,1,1,1,1]}}],{"__type__":"cc.SpriteFrame","content":{"name":"normal_tip_bg","texture":"cfCpKgTV5PO4J+8KRBAv+M","rect":[2,2,78,527],"offset":[0,0],"originalSize":[78,527],"capInsets":[26,0,24,0]}},{"__type__":"cc.SpriteFrame","content":{"name":"close_btn","texture":"cfCpKgTV5PO4J+8KRBAv+M","rect":[578,812,81,78],"offset":[0,0],"originalSize":[81,78],"rotated":1,"capInsets":[0,0,0,0]}},{"__type__":"cc.SpriteFrame","content":{"name":"confirm_btn","texture":"cfCpKgTV5PO4J+8KRBAv+M","rect":[139,355,163,53],"offset":[0,0],"originalSize":[163,53],"rotated":1,"capInsets":[0,0,0,0]}},{"__type__":"cc.SpriteFrame","content":{"name":"modify_icon","texture":"cfCpKgTV5PO4J+8KRBAv+M","rect":[656,286,21,21],"offset":[0,0],"originalSize":[21,21],"capInsets":[0,0,0,0]}},{"__type__":"cc.SpriteFrame","content":{"name":"default_sprite_splash","texture":"02delMVqdBD70a/HSD99FK","rect":[0,0,2,2],"offset":[0,0],"originalSize":[2,2],"capInsets":[0,0,0,0]}},{"__type__":"cc.SpriteFrame","content":{"name":"personInfoTitle","texture":"cfCpKgTV5PO4J+8KRBAv+M","rect":[387,496,351,74],"offset":[0,0],"originalSize":[351,74],"rotated":1,"capInsets":[0,0,0,0]}},{"__type__":"cc.SpriteFrame","content":{"name":"yuya","texture":"cfCpKgTV5PO4J+8KRBAv+M","rect":[759,981,43,41],"offset":[0,0],"originalSize":[43,41],"capInsets":[18,0,19,0]}}]