[[{"__type__":"cc.Prefab","_name":"OtherFuncView","data":{"__id__":1}},{"__type__":"cc.Node","_name":"OtherFuncView","_children":[{"__id__":2},{"__id__":3},{"__id__":4},{"__id__":7},{"__id__":10},{"__id__":13},{"__id__":16},{"__id__":19},{"__id__":22},{"__id__":25}],"_components":[{"__type__":"cc.Widget","node":{"__id__":1},"_alignFlags":45},{"__type__":"230e1MqKOBHMLTYLEDSulAN","node":{"__id__":1}}],"_prefab":{"__type__":"cc.PrefabInfo","root":{"__id__":1},"asset":{"__uuid__":"09W+plZgVIPZ1fd3vyUAaB"},"fileId":"77r0XtulJOdqXf8pXtXjtb"},"_contentSize":{"__type__":"cc.Size","width":1136,"height":640},"_trs":{"__type__":"TypedArray","ctor":"Float64Array","array":[568,320,0,0,0,0,1,1,1,1]}},{"__type__":"cc.Node","_name":"bg","_parent":{"__id__":1},"_components":[{"__type__":"cc.Sprite","node":{"__id__":2},"_materials":[{"__uuid__":"ecpdLyjvZBwrvm+cedCcQy"}],"_spriteFrame":{"__uuid__":"f23ncP4j5I0Ip5Sr90MAAm"},"_type":1,"_sizeMode":0},{"__type__":"cc.Widget","node":{"__id__":2},"_alignFlags":45,"_originalWidth":100,"_originalHeight":100}],"_prefab":{"__type__":"cc.PrefabInfo","root":{"__id__":1},"asset":{"__uuid__":"09W+plZgVIPZ1fd3vyUAaB"},"fileId":"23YrfndxFOeKk8vRpg7IUS"},"_contentSize":{"__type__":"cc.Size","width":1136,"height":640},"_trs":{"__type__":"TypedArray","ctor":"Float64Array","array":[0,0,0,0,0,0,1,1,1,1]}},{"__type__":"cc.Node","_name":"close_btn","_parent":{"__id__":1},"_components":[{"__type__":"cc.Sprite","node":{"__id__":3},"_materials":[{"__uuid__":"ecpdLyjvZBwrvm+cedCcQy"}],"_spriteFrame":{"__uuid__":"cfh7YxdKpEF4JgQcoHqqyE"}},{"__type__":"cc.Widget","node":{"__id__":3},"_alignFlags":9,"_left":31.739999999999995,"_top":17.050999999999974},{"__type__":"cc.Button","node":{"__id__":3},"clickEvents":[{"__type__":"cc.ClickEvent","target":{"__id__":1},"_componentId":"230e1MqKOBHMLTYLEDSulAN","handler":"closePanel"}],"_N$transition":3,"transition":3}],"_prefab":{"__type__":"cc.PrefabInfo","root":{"__id__":1},"asset":{"__uuid__":"09W+plZgVIPZ1fd3vyUAaB"},"fileId":"677MbN4JxJ8K2jaozK/3Oq"},"_contentSize":{"__type__":"cc.Size","width":44,"height":45},"_trs":{"__type__":"TypedArray","ctor":"Float64Array","array":[-514.26,280.449,0,0,0,0,1,1,1,1]}},{"__type__":"cc.Node","_name":"service_btn","_parent":{"__id__":1},"_children":[{"__id__":5},{"__id__":6}],"_components":[{"__type__":"cc.Sprite","node":{"__id__":4},"_materials":[{"__uuid__":"ecpdLyjvZBwrvm+cedCcQy"}],"_spriteFrame":{"__uuid__":"22yTLb1GpKtb9wFFJU9Zss"},"_type":1,"_sizeMode":0},{"__type__":"cc.Button","node":{"__id__":4},"clickEvents":[{"__type__":"cc.ClickEvent","target":{"__id__":1},"_componentId":"230e1MqKOBHMLTYLEDSulAN","handler":"onBtnTap"}],"_N$transition":3,"transition":3}],"_prefab":{"__type__":"cc.PrefabInfo","root":{"__id__":1},"asset":{"__uuid__":"09W+plZgVIPZ1fd3vyUAaB"},"fileId":"aba8VmwlBCmYfLH7teIeke"},"_contentSize":{"__type__":"cc.Size","width":185.1,"height":194.4},"_trs":{"__type__":"TypedArray","ctor":"Float64Array","array":[-352.458,98.5,0,0,0,0,1,1,1,1]}},{"__type__":"cc.Node","_name":"icon","_parent":{"__id__":4},"_components":[{"__type__":"cc.Sprite","node":{"__id__":5},"_materials":[{"__uuid__":"ecpdLyjvZBwrvm+cedCcQy"}],"_spriteFrame":{"__uuid__":"62alLWVwhKNZ8kSgcQ7985"}}],"_prefab":{"__type__":"cc.PrefabInfo","root":{"__id__":1},"asset":{"__uuid__":"09W+plZgVIPZ1fd3vyUAaB"},"fileId":"44mqgji8pBzKAvh1Io2MjD"},"_contentSize":{"__type__":"cc.Size","width":74,"height":76},"_trs":{"__type__":"TypedArray","ctor":"Float64Array","array":[-2.622,28.846,0,0,0,0,1,1,1,1]}},{"__type__":"cc.Node","_name":"name","_parent":{"__id__":4},"_components":[{"__type__":"cc.Label","node":{"__id__":6},"_materials":[{"__uuid__":"ecpdLyjvZBwrvm+cedCcQy"}],"_useOriginalSize":false,"_string":"客服","_N$string":"客服","_fontSize":30,"_N$file":{"__uuid__":"a6GFdfihpIQY/CU35PyGmw"},"_isSystemFontUsed":false,"_N$horizontalAlign":1,"_N$verticalAlign":1}],"_prefab":{"__type__":"cc.PrefabInfo","root":{"__id__":1},"asset":{"__uuid__":"09W+plZgVIPZ1fd3vyUAaB"},"fileId":"498a7zF/lCg5VMck8Pijr4"},"_color":{"__type__":"cc.Color","r":238,"g":236,"b":201},"_contentSize":{"__type__":"cc.Size","width":60,"height":50.4},"_trs":{"__type__":"TypedArray","ctor":"Float64Array","array":[-2.622,-62.063,0,0,0,0,1,1,1,1]}},{"__type__":"cc.Node","_name":"record_btn","_parent":{"__id__":1},"_children":[{"__id__":8},{"__id__":9}],"_components":[{"__type__":"cc.Sprite","node":{"__id__":7},"_materials":[{"__uuid__":"ecpdLyjvZBwrvm+cedCcQy"}],"_spriteFrame":{"__uuid__":"22yTLb1GpKtb9wFFJU9Zss"},"_type":1,"_sizeMode":0},{"__type__":"cc.Button","node":{"__id__":7},"clickEvents":[{"__type__":"cc.ClickEvent","target":{"__id__":1},"_componentId":"230e1MqKOBHMLTYLEDSulAN","handler":"onBtnTap"}],"_N$transition":3,"transition":3}],"_prefab":{"__type__":"cc.PrefabInfo","root":{"__id__":1},"asset":{"__uuid__":"09W+plZgVIPZ1fd3vyUAaB"},"fileId":"62uBTRCH5NUrH+3BYg8bD1"},"_contentSize":{"__type__":"cc.Size","width":185.1,"height":194.4},"_trs":{"__type__":"TypedArray","ctor":"Float64Array","array":[-100.708,98.5,0,0,0,0,1,1,1,1]}},{"__type__":"cc.Node","_name":"icon","_parent":{"__id__":7},"_components":[{"__type__":"cc.Sprite","node":{"__id__":8},"_materials":[{"__uuid__":"ecpdLyjvZBwrvm+cedCcQy"}],"_spriteFrame":{"__uuid__":"60fcw9i5FBW4AtsJGKFBXX"}}],"_prefab":{"__type__":"cc.PrefabInfo","root":{"__id__":1},"asset":{"__uuid__":"09W+plZgVIPZ1fd3vyUAaB"},"fileId":"acwtwmVQNLBLDPJtHdWi+e"},"_contentSize":{"__type__":"cc.Size","width":74,"height":76},"_trs":{"__type__":"TypedArray","ctor":"Float64Array","array":[-2.622,28.846,0,0,0,0,1,1,1,1]}},{"__type__":"cc.Node","_name":"name","_parent":{"__id__":7},"_components":[{"__type__":"cc.Label","node":{"__id__":9},"_materials":[{"__uuid__":"ecpdLyjvZBwrvm+cedCcQy"}],"_useOriginalSize":false,"_string":"下注记录","_N$string":"下注记录","_fontSize":30,"_N$file":{"__uuid__":"a6GFdfihpIQY/CU35PyGmw"},"_isSystemFontUsed":false,"_N$horizontalAlign":1,"_N$verticalAlign":1}],"_prefab":{"__type__":"cc.PrefabInfo","root":{"__id__":1},"asset":{"__uuid__":"09W+plZgVIPZ1fd3vyUAaB"},"fileId":"97uOvsWVFJYpW53aTdgy4J"},"_color":{"__type__":"cc.Color","r":238,"g":236,"b":201},"_contentSize":{"__type__":"cc.Size","width":120,"height":50.4},"_trs":{"__type__":"TypedArray","ctor":"Float64Array","array":[-2.622,-62.063,0,0,0,0,1,1,1,1]}},{"__type__":"cc.Node","_name":"rule_btn","_parent":{"__id__":1},"_children":[{"__id__":11},{"__id__":12}],"_components":[{"__type__":"cc.Sprite","node":{"__id__":10},"_materials":[{"__uuid__":"ecpdLyjvZBwrvm+cedCcQy"}],"_spriteFrame":{"__uuid__":"22yTLb1GpKtb9wFFJU9Zss"},"_type":1,"_sizeMode":0},{"__type__":"cc.Button","node":{"__id__":10},"clickEvents":[{"__type__":"cc.ClickEvent","target":{"__id__":1},"_componentId":"230e1MqKOBHMLTYLEDSulAN","handler":"onBtnTap"}],"_N$transition":3,"transition":3}],"_prefab":{"__type__":"cc.PrefabInfo","root":{"__id__":1},"asset":{"__uuid__":"09W+plZgVIPZ1fd3vyUAaB"},"fileId":"29AOpjxptFSrT18/W/eip9"},"_contentSize":{"__type__":"cc.Size","width":185.1,"height":194.4},"_trs":{"__type__":"TypedArray","ctor":"Float64Array","array":[153.575,98.5,0,0,0,0,1,1,1,1]}},{"__type__":"cc.Node","_name":"icon","_parent":{"__id__":10},"_components":[{"__type__":"cc.Sprite","node":{"__id__":11},"_materials":[{"__uuid__":"ecpdLyjvZBwrvm+cedCcQy"}],"_spriteFrame":{"__uuid__":"5cmeUKfNdOxYfAwAVY3Wbc"}}],"_prefab":{"__type__":"cc.PrefabInfo","root":{"__id__":1},"asset":{"__uuid__":"09W+plZgVIPZ1fd3vyUAaB"},"fileId":"74tbEJbcxPIag+jJzd9fNy"},"_contentSize":{"__type__":"cc.Size","width":74,"height":76},"_trs":{"__type__":"TypedArray","ctor":"Float64Array","array":[-2.622,28.846,0,0,0,0,1,1,1,1]}},{"__type__":"cc.Node","_name":"name","_parent":{"__id__":10},"_components":[{"__type__":"cc.Label","node":{"__id__":12},"_materials":[{"__uuid__":"ecpdLyjvZBwrvm+cedCcQy"}],"_useOriginalSize":false,"_string":"牌例规则","_N$string":"牌例规则","_fontSize":30,"_N$file":{"__uuid__":"a6GFdfihpIQY/CU35PyGmw"},"_isSystemFontUsed":false,"_N$horizontalAlign":1,"_N$verticalAlign":1}],"_prefab":{"__type__":"cc.PrefabInfo","root":{"__id__":1},"asset":{"__uuid__":"09W+plZgVIPZ1fd3vyUAaB"},"fileId":"85voIcLtxCSJMmCwZnT0uf"},"_color":{"__type__":"cc.Color","r":238,"g":236,"b":201},"_contentSize":{"__type__":"cc.Size","width":120,"height":50.4},"_trs":{"__type__":"TypedArray","ctor":"Float64Array","array":[-2.622,-62.063,0,0,0,0,1,1,1,1]}},{"__type__":"cc.Node","_name":"game_notice_btn","_parent":{"__id__":1},"_children":[{"__id__":14},{"__id__":15}],"_components":[{"__type__":"cc.Sprite","node":{"__id__":13},"_materials":[{"__uuid__":"ecpdLyjvZBwrvm+cedCcQy"}],"_spriteFrame":{"__uuid__":"22yTLb1GpKtb9wFFJU9Zss"},"_type":1,"_sizeMode":0},{"__type__":"cc.Button","node":{"__id__":13},"clickEvents":[{"__type__":"cc.ClickEvent","target":{"__id__":1},"_componentId":"230e1MqKOBHMLTYLEDSulAN","handler":"onBtnTap"}],"_N$transition":3,"transition":3}],"_prefab":{"__type__":"cc.PrefabInfo","root":{"__id__":1},"asset":{"__uuid__":"09W+plZgVIPZ1fd3vyUAaB"},"fileId":"6flhIeGONEL5DVHULjNHGu"},"_contentSize":{"__type__":"cc.Size","width":185.1,"height":194.4},"_trs":{"__type__":"TypedArray","ctor":"Float64Array","array":[409.345,98.5,0,0,0,0,1,1,1,1]}},{"__type__":"cc.Node","_name":"icon","_parent":{"__id__":13},"_components":[{"__type__":"cc.Sprite","node":{"__id__":14},"_materials":[{"__uuid__":"ecpdLyjvZBwrvm+cedCcQy"}],"_spriteFrame":{"__uuid__":"186EJGsUVBcp/LoWm2TF4U"}}],"_prefab":{"__type__":"cc.PrefabInfo","root":{"__id__":1},"asset":{"__uuid__":"09W+plZgVIPZ1fd3vyUAaB"},"fileId":"772qPW91hMuIGf3bWfaJLd"},"_contentSize":{"__type__":"cc.Size","width":74,"height":76},"_trs":{"__type__":"TypedArray","ctor":"Float64Array","array":[-2.622,28.846,0,0,0,0,1,1,1,1]}},{"__type__":"cc.Node","_name":"name","_parent":{"__id__":13},"_components":[{"__type__":"cc.Label","node":{"__id__":15},"_materials":[{"__uuid__":"ecpdLyjvZBwrvm+cedCcQy"}],"_useOriginalSize":false,"_string":"游戏须知","_N$string":"游戏须知","_fontSize":30,"_N$file":{"__uuid__":"a6GFdfihpIQY/CU35PyGmw"},"_isSystemFontUsed":false,"_N$horizontalAlign":1,"_N$verticalAlign":1}],"_prefab":{"__type__":"cc.PrefabInfo","root":{"__id__":1},"asset":{"__uuid__":"09W+plZgVIPZ1fd3vyUAaB"},"fileId":"31bmBcbRlNOYlR6k8w9xB3"},"_color":{"__type__":"cc.Color","r":238,"g":236,"b":201},"_contentSize":{"__type__":"cc.Size","width":120,"height":50.4},"_trs":{"__type__":"TypedArray","ctor":"Float64Array","array":[-2.622,-62.063,0,0,0,0,1,1,1,1]}},{"__type__":"cc.Node","_name":"charge_record_btn","_parent":{"__id__":1},"_children":[{"__id__":17},{"__id__":18}],"_components":[{"__type__":"cc.Sprite","node":{"__id__":16},"_materials":[{"__uuid__":"ecpdLyjvZBwrvm+cedCcQy"}],"_spriteFrame":{"__uuid__":"22yTLb1GpKtb9wFFJU9Zss"},"_type":1,"_sizeMode":0},{"__type__":"cc.Button","node":{"__id__":16},"clickEvents":[{"__type__":"cc.ClickEvent","target":{"__id__":1},"_componentId":"230e1MqKOBHMLTYLEDSulAN","handler":"onBtnTap"}],"_N$transition":3,"transition":3}],"_prefab":{"__type__":"cc.PrefabInfo","root":{"__id__":1},"asset":{"__uuid__":"09W+plZgVIPZ1fd3vyUAaB"},"fileId":"efT0mZvJFGd63tAtU5sy0k"},"_contentSize":{"__type__":"cc.Size","width":185.1,"height":194.4},"_trs":{"__type__":"TypedArray","ctor":"Float64Array","array":[-348.299,-152.289,0,0,0,0,1,1,1,1]}},{"__type__":"cc.Node","_name":"icon","_parent":{"__id__":16},"_components":[{"__type__":"cc.Sprite","node":{"__id__":17},"_materials":[{"__uuid__":"ecpdLyjvZBwrvm+cedCcQy"}],"_spriteFrame":{"__uuid__":"a4mP8nQZhOTKM++u65Y6fr"}}],"_prefab":{"__type__":"cc.PrefabInfo","root":{"__id__":1},"asset":{"__uuid__":"09W+plZgVIPZ1fd3vyUAaB"},"fileId":"ee+yBseqVI95UY3WLYl3Zf"},"_contentSize":{"__type__":"cc.Size","width":74,"height":76},"_trs":{"__type__":"TypedArray","ctor":"Float64Array","array":[-2.622,28.846,0,0,0,0,1,1,1,1]}},{"__type__":"cc.Node","_name":"name","_parent":{"__id__":16},"_components":[{"__type__":"cc.Label","node":{"__id__":18},"_materials":[{"__uuid__":"ecpdLyjvZBwrvm+cedCcQy"}],"_useOriginalSize":false,"_string":"充值记录","_N$string":"充值记录","_fontSize":30,"_N$file":{"__uuid__":"a6GFdfihpIQY/CU35PyGmw"},"_isSystemFontUsed":false,"_N$horizontalAlign":1,"_N$verticalAlign":1}],"_prefab":{"__type__":"cc.PrefabInfo","root":{"__id__":1},"asset":{"__uuid__":"09W+plZgVIPZ1fd3vyUAaB"},"fileId":"929o6luu1D0L5tA5kCRS4z"},"_color":{"__type__":"cc.Color","r":238,"g":236,"b":201},"_contentSize":{"__type__":"cc.Size","width":120,"height":50.4},"_trs":{"__type__":"TypedArray","ctor":"Float64Array","array":[-2.622,-62.063,0,0,0,0,1,1,1,1]}},{"__type__":"cc.Node","_name":"reCharge_record_btn","_parent":{"__id__":1},"_children":[{"__id__":20},{"__id__":21}],"_components":[{"__type__":"cc.Sprite","node":{"__id__":19},"_materials":[{"__uuid__":"ecpdLyjvZBwrvm+cedCcQy"}],"_spriteFrame":{"__uuid__":"22yTLb1GpKtb9wFFJU9Zss"},"_type":1,"_sizeMode":0},{"__type__":"cc.Button","node":{"__id__":19},"clickEvents":[{"__type__":"cc.ClickEvent","target":{"__id__":1},"_componentId":"230e1MqKOBHMLTYLEDSulAN","handler":"onBtnTap"}],"_N$transition":3,"transition":3}],"_prefab":{"__type__":"cc.PrefabInfo","root":{"__id__":1},"asset":{"__uuid__":"09W+plZgVIPZ1fd3vyUAaB"},"fileId":"c6+O3pN/ZJW70QSs1x5qMt"},"_contentSize":{"__type__":"cc.Size","width":185.1,"height":194.4},"_trs":{"__type__":"TypedArray","ctor":"Float64Array","array":[-94.625,-152.289,0,0,0,0,1,1,1,1]}},{"__type__":"cc.Node","_name":"icon","_parent":{"__id__":19},"_components":[{"__type__":"cc.Sprite","node":{"__id__":20},"_materials":[{"__uuid__":"ecpdLyjvZBwrvm+cedCcQy"}],"_spriteFrame":{"__uuid__":"e1VtujoAxDuLrO1nJJLlpC"}}],"_prefab":{"__type__":"cc.PrefabInfo","root":{"__id__":1},"asset":{"__uuid__":"09W+plZgVIPZ1fd3vyUAaB"},"fileId":"10eJp4AkFKdJU75VLy32R0"},"_contentSize":{"__type__":"cc.Size","width":74,"height":76},"_trs":{"__type__":"TypedArray","ctor":"Float64Array","array":[-2.622,28.846,0,0,0,0,1,1,1,1]}},{"__type__":"cc.Node","_name":"name","_parent":{"__id__":19},"_components":[{"__type__":"cc.Label","node":{"__id__":21},"_materials":[{"__uuid__":"ecpdLyjvZBwrvm+cedCcQy"}],"_useOriginalSize":false,"_string":"提现记录","_N$string":"提现记录","_fontSize":30,"_N$file":{"__uuid__":"a6GFdfihpIQY/CU35PyGmw"},"_isSystemFontUsed":false,"_N$horizontalAlign":1,"_N$verticalAlign":1}],"_prefab":{"__type__":"cc.PrefabInfo","root":{"__id__":1},"asset":{"__uuid__":"09W+plZgVIPZ1fd3vyUAaB"},"fileId":"388+JfgU5Oi7pqVaMhatgz"},"_color":{"__type__":"cc.Color","r":238,"g":236,"b":201},"_contentSize":{"__type__":"cc.Size","width":120,"height":50.4},"_trs":{"__type__":"TypedArray","ctor":"Float64Array","array":[-2.622,-62.063,0,0,0,0,1,1,1,1]}},{"__type__":"cc.Node","_name":"setting_btn","_parent":{"__id__":1},"_children":[{"__id__":23},{"__id__":24}],"_active":false,"_components":[{"__type__":"cc.Sprite","node":{"__id__":22},"_materials":[{"__uuid__":"ecpdLyjvZBwrvm+cedCcQy"}],"_spriteFrame":{"__uuid__":"22yTLb1GpKtb9wFFJU9Zss"},"_type":1,"_sizeMode":0},{"__type__":"cc.Button","node":{"__id__":22},"clickEvents":[{"__type__":"cc.ClickEvent","target":{"__id__":1},"_componentId":"230e1MqKOBHMLTYLEDSulAN","handler":"onBtnTap"}],"_N$transition":3,"transition":3}],"_prefab":{"__type__":"cc.PrefabInfo","root":{"__id__":1},"asset":{"__uuid__":"09W+plZgVIPZ1fd3vyUAaB"},"fileId":"98Gvil0ixOE4o0EK5sOFLs"},"_contentSize":{"__type__":"cc.Size","width":185.1,"height":194.4},"_trs":{"__type__":"TypedArray","ctor":"Float64Array","array":[156.528,-152.289,0,0,0,0,1,1,1,1]}},{"__type__":"cc.Node","_name":"icon","_parent":{"__id__":22},"_components":[{"__type__":"cc.Sprite","node":{"__id__":23},"_materials":[{"__uuid__":"ecpdLyjvZBwrvm+cedCcQy"}],"_spriteFrame":{"__uuid__":"fbTG13aS9Jkasa4Q1DUCzz"}}],"_prefab":{"__type__":"cc.PrefabInfo","root":{"__id__":1},"asset":{"__uuid__":"09W+plZgVIPZ1fd3vyUAaB"},"fileId":"6dMTRcNExLNrF47hqBYUuZ"},"_contentSize":{"__type__":"cc.Size","width":74,"height":76},"_trs":{"__type__":"TypedArray","ctor":"Float64Array","array":[-2.622,28.846,0,0,0,0,1,1,1,1]}},{"__type__":"cc.Node","_name":"name","_parent":{"__id__":22},"_components":[{"__type__":"cc.Label","node":{"__id__":24},"_materials":[{"__uuid__":"ecpdLyjvZBwrvm+cedCcQy"}],"_useOriginalSize":false,"_string":"设置","_N$string":"设置","_fontSize":30,"_N$file":{"__uuid__":"a6GFdfihpIQY/CU35PyGmw"},"_isSystemFontUsed":false,"_N$horizontalAlign":1,"_N$verticalAlign":1}],"_prefab":{"__type__":"cc.PrefabInfo","root":{"__id__":1},"asset":{"__uuid__":"09W+plZgVIPZ1fd3vyUAaB"},"fileId":"e8hyF2JxRDM5R6Si4M6mnl"},"_color":{"__type__":"cc.Color","r":238,"g":236,"b":201},"_contentSize":{"__type__":"cc.Size","width":60,"height":50.4},"_trs":{"__type__":"TypedArray","ctor":"Float64Array","array":[-2.622,-62.063,0,0,0,0,1,1,1,1]}},{"__type__":"cc.Node","_name":"save_exit","_parent":{"__id__":1},"_children":[{"__id__":26},{"__id__":27}],"_components":[{"__type__":"cc.Sprite","node":{"__id__":25},"_materials":[{"__uuid__":"ecpdLyjvZBwrvm+cedCcQy"}],"_spriteFrame":{"__uuid__":"22yTLb1GpKtb9wFFJU9Zss"},"_type":1,"_sizeMode":0},{"__type__":"cc.Button","node":{"__id__":25},"clickEvents":[{"__type__":"cc.ClickEvent","target":{"__id__":1},"_componentId":"230e1MqKOBHMLTYLEDSulAN","handler":"onBtnTap"}],"_N$transition":3,"transition":3}],"_prefab":{"__type__":"cc.PrefabInfo","root":{"__id__":1},"asset":{"__uuid__":"09W+plZgVIPZ1fd3vyUAaB"},"fileId":"84Pnm4mblEmYMuwQwxfixu"},"_contentSize":{"__type__":"cc.Size","width":185.1,"height":194.4},"_trs":{"__type__":"TypedArray","ctor":"Float64Array","array":[153.164,-152.289,0,0,0,0,1,1,1,1]}},{"__type__":"cc.Node","_name":"icon","_parent":{"__id__":25},"_components":[{"__type__":"cc.Sprite","node":{"__id__":26},"_materials":[{"__uuid__":"ecpdLyjvZBwrvm+cedCcQy"}],"_spriteFrame":{"__uuid__":"bbbmYDj1xHA4oWAJYFZO7h"}}],"_prefab":{"__type__":"cc.PrefabInfo","root":{"__id__":1},"asset":{"__uuid__":"09W+plZgVIPZ1fd3vyUAaB"},"fileId":"80+59CcA9OtaGu5aeR8iAp"},"_contentSize":{"__type__":"cc.Size","width":74,"height":76},"_trs":{"__type__":"TypedArray","ctor":"Float64Array","array":[-2.622,28.846,0,0,0,0,1,1,1,1]}},{"__type__":"cc.Node","_name":"name","_parent":{"__id__":25},"_components":[{"__type__":"cc.Label","node":{"__id__":27},"_materials":[{"__uuid__":"ecpdLyjvZBwrvm+cedCcQy"}],"_useOriginalSize":false,"_string":"安全退出","_N$string":"安全退出","_fontSize":30,"_N$file":{"__uuid__":"a6GFdfihpIQY/CU35PyGmw"},"_isSystemFontUsed":false,"_N$horizontalAlign":1,"_N$verticalAlign":1}],"_prefab":{"__type__":"cc.PrefabInfo","root":{"__id__":1},"asset":{"__uuid__":"09W+plZgVIPZ1fd3vyUAaB"},"fileId":"e5fAivQsJEnL5VaNmUFQkJ"},"_color":{"__type__":"cc.Color","r":238,"g":236,"b":201},"_contentSize":{"__type__":"cc.Size","width":120,"height":50.4},"_trs":{"__type__":"TypedArray","ctor":"Float64Array","array":[-2.622,-62.063,0,0,0,0,1,1,1,1]}}],{"__type__":"cc.SpriteFrame","content":{"name":"youxixuzhi_btn","texture":"cfCpKgTV5PO4J+8KRBAv+M","rect":[560,318,74,76],"offset":[0,0],"originalSize":[74,76],"capInsets":[0,0,0,0]}},{"__type__":"cc.SpriteFrame","content":{"name":"other_btn_bg","texture":"3dn4uZuXJLSqUYywI1ZTZy","rect":[755,408,68,66],"offset":[0,0],"originalSize":[68,66],"capInsets":[8,10,10,13]}},{"__type__":"cc.SpriteFrame","content":{"name":"rule_btn","texture":"3dn4uZuXJLSqUYywI1ZTZy","rect":[254,350,74,76],"offset":[0,0],"originalSize":[74,76],"rotated":1,"capInsets":[0,0,0,0]}},{"__type__":"cc.SpriteFrame","content":{"name":"record_btn","texture":"3dn4uZuXJLSqUYywI1ZTZy","rect":[447,341,74,76],"offset":[0,0],"originalSize":[74,76],"rotated":1,"capInsets":[0,0,0,0]}},{"__type__":"cc.SpriteFrame","content":{"name":"kefu_btn","texture":"3dn4uZuXJLSqUYywI1ZTZy","rect":[247,426,74,76],"offset":[0,0],"originalSize":[74,76],"rotated":1,"capInsets":[0,0,0,0]}},{"__type__":"cc.SpriteFrame","content":{"name":"charge_btn_other","texture":"3dn4uZuXJLSqUYywI1ZTZy","rect":[938,454,74,76],"offset":[0,0],"originalSize":[74,76],"rotated":1,"capInsets":[0,0,0,0]}},{"__type__":"cc.SpriteFrame","content":{"name":"save_exit_btn","texture":"3dn4uZuXJLSqUYywI1ZTZy","rect":[258,274,74,76],"offset":[0,0],"originalSize":[74,76],"rotated":1,"capInsets":[0,0,0,0]}},{"__type__":"cc.SpriteFrame","content":{"name":"game_back","texture":"3dn4uZuXJLSqUYywI1ZTZy","rect":[737,476,44,45],"offset":[0,0],"originalSize":[44,45],"rotated":1,"capInsets":[0,0,0,0]}},{"__type__":"cc.SpriteFrame","content":{"name":"tixian_btn_other","texture":"3dn4uZuXJLSqUYywI1ZTZy","rect":[258,122,74,76],"offset":[0,0],"originalSize":[74,76],"rotated":1,"capInsets":[0,0,0,0]}},{"__type__":"cc.SpriteFrame","content":{"name":"other_bg","texture":"3dn4uZuXJLSqUYywI1ZTZy","rect":[973,151,52,49],"offset":[0,0],"originalSize":[52,49],"rotated":1,"capInsets":[8,6,11,6]}},{"__type__":"cc.SpriteFrame","content":{"name":"setting_btn","texture":"3dn4uZuXJLSqUYywI1ZTZy","rect":[258,198,74,76],"offset":[0,0],"originalSize":[74,76],"rotated":1,"capInsets":[0,0,0,0]}}]