[{"__type__":"cc.SpriteFrame","content":{"name":"nn_gray_frame_2","texture":"3dn4uZuXJLSqUYywI1ZTZy","rect":[1010,139,10,10],"offset":[0,0],"originalSize":[10,10],"capInsets":[4,4,4,4]}},{"__type__":"cc.SpriteFrame","content":{"name":"niuniu_bottom_2","texture":"3dn4uZuXJLSqUYywI1ZTZy","rect":[2,2,336,83],"offset":[0,0],"originalSize":[336,83],"capInsets":[0,0,0,0]}},{"__type__":"cc.SpriteFrame","content":{"name":"hu_icon","texture":"3dn4uZuXJLSqUYywI1ZTZy","rect":[872,528,40,40],"offset":[0,0],"originalSize":[40,40],"capInsets":[0,0,0,0]}},{"__type__":"cc.SpriteFrame","content":{"name":"nn_bottom_bg_1","texture":"3dn4uZuXJLSqUYywI1ZTZy","rect":[340,2,273,97],"offset":[0,0],"originalSize":[273,97],"capInsets":[0,0,0,0]}},{"__type__":"cc.SpriteFrame","content":{"name":"game_change_room","texture":"3dn4uZuXJLSqUYywI1ZTZy","rect":[839,143,132,36],"offset":[0,0],"originalSize":[132,36],"capInsets":[0,0,0,0]}},{"__type__":"cc.SpriteFrame","content":{"name":"chat_item_bg","texture":"3dn4uZuXJLSqUYywI1ZTZy","rect":[538,101,173,35],"offset":[0,0],"originalSize":[173,35],"capInsets":[0,0,0,0]}},{"__type__":"cc.SpriteFrame","content":{"name":"select_info_bg","texture":"3dn4uZuXJLSqUYywI1ZTZy","rect":[861,2,154,67],"offset":[0,0],"originalSize":[154,67],"capInsets":[0,0,0,0]}},{"__type__":"cc.SpriteFrame","content":{"name":"bottom_btn_bg","texture":"3dn4uZuXJLSqUYywI1ZTZy","rect":[478,245,53,53],"offset":[0,0],"originalSize":[53,53],"capInsets":[10,11,9,11]}},{"__type__":"cc.SpriteFrame","content":{"name":"chip_9","texture":"3dn4uZuXJLSqUYywI1ZTZy","rect":[703,223,103,109],"offset":[0,0],"originalSize":[103,109],"rotated":1,"capInsets":[0,0,0,0]}},{"__type__":"cc.SpriteFrame","content":{"name":"tixian_btn","texture":"3dn4uZuXJLSqUYywI1ZTZy","rect":[755,328,70,38],"offset":[0,0],"originalSize":[70,38],"capInsets":[0,0,0,0]}},{"__type__":"cc.SpriteFrame","content":{"name":"dashang_btn_bottom","texture":"3dn4uZuXJLSqUYywI1ZTZy","rect":[592,498,38,38],"offset":[0,0],"originalSize":[38,38],"capInsets":[0,0,0,0]}},{"__type__":"cc.SpriteFrame","content":{"name":"game_vedio_refresh","texture":"3dn4uZuXJLSqUYywI1ZTZy","rect":[2,354,132,36],"offset":[0,0],"originalSize":[132,36],"capInsets":[0,0,0,0]}},{"__type__":"cc.SpriteFrame","content":{"name":"start_game","texture":"3dn4uZuXJLSqUYywI1ZTZy","rect":[538,138,165,53],"offset":[0,0],"originalSize":[165,53],"capInsets":[0,0,0,0]}},{"__type__":"cc.SpriteFrame","content":{"name":"emoji","texture":"3dn4uZuXJLSqUYywI1ZTZy","rect":[479,557,30,30],"offset":[0,0],"originalSize":[30,30],"capInsets":[0,0,0,0]}},{"__type__":"cc.SpriteFrame","content":{"name":"xian_lan","texture":"3dn4uZuXJLSqUYywI1ZTZy","rect":[1010,127,10,10],"offset":[0,0],"originalSize":[10,10],"capInsets":[4,4,4,4]}},{"__type__":"cc.SpriteFrame","content":{"name":"other_btn","texture":"3dn4uZuXJLSqUYywI1ZTZy","rect":[512,498,38,38],"offset":[0,0],"originalSize":[38,38],"capInsets":[0,0,0,0]}},{"__type__":"cc.SpriteFrame","content":{"name":"baijiale_select_bottom_2","texture":"3dn4uZuXJLSqUYywI1ZTZy","rect":[443,459,27,73],"offset":[0,0],"originalSize":[27,73],"rotated":1,"capInsets":[3,0,26,0]}},{"__type__":"cc.SpriteFrame","content":{"name":"chip_2","texture":"3dn4uZuXJLSqUYywI1ZTZy","rect":[644,328,103,109],"offset":[0,0],"originalSize":[103,109],"rotated":1,"capInsets":[0,0,0,0]}},{"__type__":"cc.SpriteFrame","content":{"name":"zhuang_line","texture":"3dn4uZuXJLSqUYywI1ZTZy","rect":[1010,91,10,10],"offset":[0,0],"originalSize":[10,10],"capInsets":[0,0,0,0]}},{"__type__":"cc.SpriteFrame","content":{"name":"other_btn_bg","texture":"3dn4uZuXJLSqUYywI1ZTZy","rect":[755,408,68,66],"offset":[0,0],"originalSize":[68,66],"capInsets":[8,10,10,13]}},{"__type__":"cc.SpriteFrame","content":{"name":"game_infomation","texture":"3dn4uZuXJLSqUYywI1ZTZy","rect":[660,578,34,35],"offset":[0,0],"originalSize":[34,35],"rotated":1,"capInsets":[0,0,0,0]}},{"__type__":"cc.SpriteFrame","content":{"name":"game_arraw_2","texture":"3dn4uZuXJLSqUYywI1ZTZy","rect":[113,430,19,36],"offset":[0,0],"originalSize":[19,36],"capInsets":[0,0,0,0]}},{"__type__":"cc.SpriteFrame","content":{"name":"show_card_frame","texture":"3dn4uZuXJLSqUYywI1ZTZy","rect":[143,309,107,109],"offset":[0,0],"originalSize":[107,109],"rotated":1,"capInsets":[0,0,0,0]}},{"__type__":"cc.SpriteFrame","content":{"name":"game_set","texture":"3dn4uZuXJLSqUYywI1ZTZy","rect":[442,557,34,35],"offset":[0,0],"originalSize":[34,35],"rotated":1,"capInsets":[0,0,0,0]}},{"__type__":"cc.SpriteFrame","content":{"name":"nn_gray_frame_1","texture":"3dn4uZuXJLSqUYywI1ZTZy","rect":[814,289,10,10],"offset":[0,0],"originalSize":[10,10],"capInsets":[4,4,4,4]}},{"__type__":"cc.SpriteAtlas","_name":"game_ui.plist","_spriteFrames":{"add_banker_card":{"__uuid__":"d9dpE//IZNm44EOgOgRZnV"},"baijiale_select_bottom_1":{"__uuid__":"53rTu+CjVK0ZQ3QgpIp9yf"},"baijiale_select_bottom_2":{"__uuid__":"1edr28nT1MNqiBTYJqbBWv"},"baijiale_select_bottom_3":{"__uuid__":"aaGZ7WvKpPsp4Jgdp+qmSf"},"bottom_btn_bg":{"__uuid__":"0eXLCT/p9AhqUM4shVhr4N"},"card_frame":{"__uuid__":"db0aaTZDdA35po3BNQq49T"},"charge_btn":{"__uuid__":"6btdQI7TxLprw9Aiu+OGbx"},"charge_btn_other":{"__uuid__":"a4mP8nQZhOTKM++u65Y6fr"},"chat_bg":{"__uuid__":"9ebeERr3NNlaN1SPR45l2L"},"chat_btn":{"__uuid__":"4ai3TqekhEFYIKw5U7GU+k"},"chat_close_btn":{"__uuid__":"ddqUOod3ZAj6G+sJgIj6no"},"chat_item_bg":{"__uuid__":"0cQp2lpIRD64QgpTLHTptc"},"chat_line":{"__uuid__":"45kjHQz1dD86ib8k5FygkI"},"chip_0":{"__uuid__":"bajsU8MN9JZqZQeXRWpRsA"},"chip_1":{"__uuid__":"7eeZbEUTRFGqc65R3NQXWK"},"chip_10":{"__uuid__":"6dkXA4dQdAMY1bZYMEvxFi"},"chip_2":{"__uuid__":"1e2LEatntPzrpkryaljBIe"},"chip_3":{"__uuid__":"58mho8oGJBEbBoEvzf+BOr"},"chip_4":{"__uuid__":"70Dl0VAX9KYpDpWnPPxV/e"},"chip_5":{"__uuid__":"3371iJsWRMX7Fi/lMMhNUx"},"chip_6":{"__uuid__":"d7BO+JpDxKEoLwYimd6CJ1"},"chip_7":{"__uuid__":"eezi9mb+5DbpikVQFHTDOq"},"chip_8":{"__uuid__":"52faYsyU5HaqlA5LxoOCam"},"chip_9":{"__uuid__":"0e2brYdVBGMoS3EWkd+7FH"},"choiceCheckmark":{"__uuid__":"cfegkRwP5EY7D6XXPALANA"},"cicle_icon_blue":{"__uuid__":"96MFaZ9XhMQ6KVCEqtyspX"},"cicle_icon_green":{"__uuid__":"3dhh0XykxN+LBcaKSnfMrD"},"cicle_icon_red":{"__uuid__":"adJhmKq9lKQ6u6tyZ++Xp6"},"close_btn":{"__uuid__":"8cIdwhaMJEsY7OAEhXhPTm"},"dashang__now_btn":{"__uuid__":"35r+64Uo1D2YPFjWbiPnhn"},"dashang_btn_bottom":{"__uuid__":"15mCKEx3RFeKUsRMThjSQf"},"delete":{"__uuid__":"3c1GOaE+hGmL98O5YQ/ByP"},"emoji":{"__uuid__":"18c6C40j9CnZeoi8F0emcW"},"game_add":{"__uuid__":"4frlQ1XkVH4apGUKmVhgVU"},"game_arraw_1":{"__uuid__":"39ii8Z/ZhJnoJ3p6wtu+9l"},"game_arraw_2":{"__uuid__":"23UdnQC9RODKIex0LCvkNg"},"game_arraw_3":{"__uuid__":"8aKx+ijLdNU7dWiYjSFFX7"},"game_back":{"__uuid__":"cfh7YxdKpEF4JgQcoHqqyE"},"game_back_2":{"__uuid__":"deIrTLDj9Ds7tOYtqi589P"},"game_bottom_bg":{"__uuid__":"746x4xRp9GyqbmvCDDDGrD"},"game_btn_1":{"__uuid__":"bcQnY1IKZGNIfz+Zo7I7v8"},"game_change_room":{"__uuid__":"05DuLneoZGq7aPPnsLIEin"},"game_infomation":{"__uuid__":"22yaWwO5VIxJ7yGA2QPKon"},"game_introduction":{"__uuid__":"abRg22HKJPiIwzha05bOB6"},"game_limit_bg":{"__uuid__":"dfY1tw0elH6rzhl7xzNnRZ"},"game_limit_main_bg":{"__uuid__":"e2mMpOntFONYurJa4x7dOz"},"game_member_bg":{"__uuid__":"6c0lliA8NPfrz9ekIQaDgp"},"game_money_bg":{"__uuid__":"d8k80gfhxEWapgNDquOQcg"},"game_record":{"__uuid__":"55atXIqk1JKKXhTOmGzBdW"},"game_service":{"__uuid__":"e6cAGCtC1OopZksbXPotH9"},"game_set":{"__uuid__":"26kM3p0ylCPaUMsMT5e9Yn"},"game_sound_close":{"__uuid__":"43kIHK6VVJtI5cPsGWtJoP"},"game_vedio_distance":{"__uuid__":"7a3UrnwklPKJb41k0V1wxu"},"game_vedio_refresh":{"__uuid__":"16oHZ1gWpKXbcM+yppS2r8"},"he_icon":{"__uuid__":"7cZ2hjmTlFDbSavKE9NkaE"},"hu_icon":{"__uuid__":"024HEIBeNFA577c+H7p3G5"},"huan_tai_bg":{"__uuid__":"68qdIgeTZHKYTKZhd2d2Vf"},"kefu_btn":{"__uuid__":"62alLWVwhKNZ8kSgcQ7985"},"limit_line":{"__uuid__":"98aGx9t8RHz4FKufJBc4BF"},"long_icon":{"__uuid__":"61QIImOY9IGa7StOzqwG3H"},"longhu_select_1":{"__uuid__":"a99S/L7jZAVKeCoJ1/qzNI"},"longhu_select_2":{"__uuid__":"a41M7oJL1Flou5qA2K8ah6"},"member_icon":{"__uuid__":"c6KnX7G4JDm58pLyBDi+bP"},"member_type_bg":{"__uuid__":"deSiVSbEBK9KJ1Liqv1CgM"},"more_btn":{"__uuid__":"d8+76+E7pA4rVS/ENVUEXC"},"niuniu_bottom_1":{"__uuid__":"f2Zy3FsZRKvYGbHCyjH6Sf"},"niuniu_bottom_2":{"__uuid__":"023rUfVlxDZqJaN3VGEPmz"},"niuniu_bottom_3":{"__uuid__":"f1Bn2whBZJVYD6Zv2tc09y"},"niuniu_bottom_4":{"__uuid__":"8f1zfk/z9AA4PzkSPH2wxM"},"niuniu_bottom_line":{"__uuid__":"385exIMxhMJKDg3c1v4pwX"},"nn_bottom_bg_1":{"__uuid__":"03mbpj/VVKQKAOS5x9fXej"},"nn_bottom_bg_2":{"__uuid__":"5evDVATmxEP6Xgdyi2qjIh"},"nn_gray_frame_1":{"__uuid__":"28HAvOkgdDEa3rJiR1Hold"},"nn_gray_frame_2":{"__uuid__":"01wGxT/IJMkoKUiMiu9k3N"},"nn_show_result_blue":{"__uuid__":"82mAWJmZVLdYYcH9JWQu0g"},"nn_show_result_gray":{"__uuid__":"51s9+0UAFMerg0boIqVhIL"},"nn_total_num":{"__uuid__":"353TPMMc9IlYNdXF//ZRJX"},"other_bg":{"__uuid__":"f23ncP4j5I0Ip5Sr90MAAm"},"other_btn":{"__uuid__":"1bEOsWvBlF7Jm34cuHwhUy"},"other_btn_bg":{"__uuid__":"22yTLb1GpKtb9wFFJU9Zss"},"position_frame":{"__uuid__":"a6KCtVDmFDy58KFG2B5D/z"},"preChip":{"__uuid__":"b51HSk0ytBLKvVAtPKWdTI"},"record_btn":{"__uuid__":"60fcw9i5FBW4AtsJGKFBXX"},"rule_btn":{"__uuid__":"5cmeUKfNdOxYfAwAVY3Wbc"},"save_exit_btn":{"__uuid__":"bbbmYDj1xHA4oWAJYFZO7h"},"select_info_bg":{"__uuid__":"0eQjtdiHhCHrgBeJQEE6dK"},"send_btn":{"__uuid__":"a3jPmrDKtK/YL+Bbz6eoMP"},"setting_btn":{"__uuid__":"fbTG13aS9Jkasa4Q1DUCzz"},"show_card_frame":{"__uuid__":"26LwQIN3FAX4VQHdGUQxUF"},"sound_close":{"__uuid__":"909hJE0qNCL4u9AZJbS6T3"},"sound_open":{"__uuid__":"eb2k1+WBtD1olyuBSakZJg"},"start_game":{"__uuid__":"17cj52QpRJaKjFjPeI5+ZA"},"statusBg":{"__uuid__":"4fuQsDfXFMqKzg9cfRYpDY"},"test_user":{"__uuid__":"60jLy0wI1LKJ5hy6sAboWB"},"time_btn_2":{"__uuid__":"81mt615YRP8auzeqB4H2qX"},"time_icon":{"__uuid__":"f5AVQ842BKf7LloGf+/SxO"},"time_remain_1":{"__uuid__":"6b/3uCfCtF9YVLwTLE1SF/"},"time_remain_2":{"__uuid__":"bbQDoiTb1FQLsTWbKfaXiO"},"time_remain_3":{"__uuid__":"b0SZVt115CU7RCvgVFLOL/"},"time_remain_4":{"__uuid__":"fba6ovp95LCp8Is5lu2tB4"},"tixian_btn":{"__uuid__":"13OEkKJGtB3KtBnKo06yMK"},"tixian_btn_other":{"__uuid__":"e1VtujoAxDuLrO1nJJLlpC"},"xian_icon":{"__uuid__":"4bmWy89+5C752P83ZhqPta"},"xian_lan":{"__uuid__":"19DpYfSKFO3qHjRUVJCMwA"},"xian_line":{"__uuid__":"cajd1WCOtONJXQvE1zNDW+"},"yuya":{"__uuid__":"b2gIRxvRJE/4lVhD59Yq/n"},"zhuang_hong":{"__uuid__":"88yxyZfv1Lr6fzKdI5zVsA"},"zhuang_icon":{"__uuid__":"b8XJs7PCZNT7cyRNvzJt6q"},"zhuang_line":{"__uuid__":"22arwmfIlN15rNAFjbVi6F"}}},{"__type__":"cc.SpriteFrame","content":{"name":"chip_5","texture":"3dn4uZuXJLSqUYywI1ZTZy","rect":[136,418,103,109],"offset":[0,0],"originalSize":[103,109],"rotated":1,"capInsets":[0,0,0,0]}},{"__type__":"cc.SpriteFrame","content":{"name":"dashang__now_btn","texture":"3dn4uZuXJLSqUYywI1ZTZy","rect":[339,101,197,49],"offset":[0,0],"originalSize":[197,49],"capInsets":[0,0,0,0]}},{"__type__":"cc.SpriteFrame","content":{"name":"nn_total_num","texture":"3dn4uZuXJLSqUYywI1ZTZy","rect":[478,213,54,30],"offset":[0,0],"originalSize":[54,30],"capInsets":[17,7,16,7]}},{"__type__":"cc.SpriteFrame","content":{"name":"niuniu_bottom_line","texture":"3dn4uZuXJLSqUYywI1ZTZy","rect":[1017,40,1,31],"offset":[0,0],"originalSize":[1,31],"capInsets":[0,0,0,0]}},{"__type__":"cc.SpriteFrame","content":{"name":"game_arraw_1","texture":"3dn4uZuXJLSqUYywI1ZTZy","rect":[689,465,46,32],"offset":[0,0],"originalSize":[46,32],"capInsets":[0,0,0,0]}},{"__type__":"cc.SpriteFrame","content":{"name":"delete","texture":"3dn4uZuXJLSqUYywI1ZTZy","rect":[689,499,44,39],"offset":[0,0],"originalSize":[44,39],"capInsets":[0,0,0,0]}},{"__type__":"cc.SpriteFrame","content":{"name":"cicle_icon_green","texture":"3dn4uZuXJLSqUYywI1ZTZy","rect":[750,564,24,24],"offset":[0,0],"originalSize":[24,24],"capInsets":[0,0,0,0]}},{"__type__":"cc.SpriteFrame","content":{"name":"game_sound_close","texture":"3dn4uZuXJLSqUYywI1ZTZy","rect":[512,538,34,35],"offset":[0,0],"originalSize":[34,35],"rotated":1,"capInsets":[0,0,0,0]}},{"__type__":"cc.SpriteFrame","content":{"name":"chat_line","texture":"3dn4uZuXJLSqUYywI1ZTZy","rect":[1017,2,2,36],"offset":[0,0],"originalSize":[2,36],"capInsets":[0,5,0,7]}},{"__type__":"cc.SpriteFrame","content":{"name":"chat_btn","texture":"3dn4uZuXJLSqUYywI1ZTZy","rect":[632,506,38,38],"offset":[0,0],"originalSize":[38,38],"capInsets":[0,0,0,0]}},{"__type__":"cc.SpriteFrame","content":{"name":"xian_icon","texture":"3dn4uZuXJLSqUYywI1ZTZy","rect":[735,522,40,40],"offset":[0,0],"originalSize":[40,40],"capInsets":[0,0,0,0]}},{"__type__":"cc.SpriteFrame","content":{"name":"game_add","texture":"3dn4uZuXJLSqUYywI1ZTZy","rect":[950,181,21,22],"offset":[0,0],"originalSize":[21,22],"capInsets":[0,0,0,0]}},{"__type__":"cc.SpriteFrame","content":{"name":"statusBg","texture":"3dn4uZuXJLSqUYywI1ZTZy","rect":[2,309,139,43],"offset":[0,0],"originalSize":[139,43],"capInsets":[28,13,38,13]}},{"__type__":"cc.SpriteFrame","content":{"name":"nn_show_result_gray","texture":"3dn4uZuXJLSqUYywI1ZTZy","rect":[416,499,32,24],"offset":[0,0],"originalSize":[32,24],"rotated":1,"capInsets":[0,0,0,0]}},{"__type__":"cc.SpriteFrame","content":{"name":"chip_8","texture":"3dn4uZuXJLSqUYywI1ZTZy","rect":[533,288,103,109],"offset":[0,0],"originalSize":[103,109],"rotated":1,"capInsets":[0,0,0,0]}},{"__type__":"cc.SpriteFrame","content":{"name":"baijiale_select_bottom_1","texture":"3dn4uZuXJLSqUYywI1ZTZy","rect":[950,205,72,74],"offset":[0,0],"originalSize":[72,74],"capInsets":[26,0,51,0]}},{"__type__":"cc.SpriteFrame","content":{"name":"game_record","texture":"3dn4uZuXJLSqUYywI1ZTZy","rect":[586,538,34,35],"offset":[0,0],"originalSize":[34,35],"rotated":1,"capInsets":[0,0,0,0]}},{"__type__":"cc.SpriteFrame","content":{"name":"chip_3","texture":"3dn4uZuXJLSqUYywI1ZTZy","rect":[2,430,103,109],"offset":[0,0],"originalSize":[103,109],"rotated":1,"capInsets":[0,0,0,0]}},{"__type__":"cc.SpriteFrame","content":{"name":"rule_btn","texture":"3dn4uZuXJLSqUYywI1ZTZy","rect":[254,350,74,76],"offset":[0,0],"originalSize":[74,76],"rotated":1,"capInsets":[0,0,0,0]}},{"__type__":"cc.SpriteFrame","content":{"name":"nn_bottom_bg_2","texture":"3dn4uZuXJLSqUYywI1ZTZy","rect":[615,2,244,97],"offset":[0,0],"originalSize":[244,97],"capInsets":[0,0,0,0]}},{"__type__":"cc.SpriteFrame","content":{"name":"record_btn","texture":"3dn4uZuXJLSqUYywI1ZTZy","rect":[447,341,74,76],"offset":[0,0],"originalSize":[74,76],"rotated":1,"capInsets":[0,0,0,0]}},{"__type__":"cc.SpriteFrame","content":{"name":"test_user","texture":"3dn4uZuXJLSqUYywI1ZTZy","rect":[653,242,52,46],"offset":[0,0],"originalSize":[52,46],"rotated":1,"capInsets":[0,0,0,0]}},{"__type__":"cc.SpriteFrame","content":{"name":"long_icon","texture":"3dn4uZuXJLSqUYywI1ZTZy","rect":[872,486,40,40],"offset":[0,0],"originalSize":[40,40],"capInsets":[0,0,0,0]}},{"__type__":"cc.SpriteFrame","content":{"name":"kefu_btn","texture":"3dn4uZuXJLSqUYywI1ZTZy","rect":[247,426,74,76],"offset":[0,0],"originalSize":[74,76],"rotated":1,"capInsets":[0,0,0,0]}},{"__type__":"cc.SpriteFrame","content":{"name":"huan_tai_bg","texture":"3dn4uZuXJLSqUYywI1ZTZy","rect":[258,87,33,79],"offset":[0,0],"originalSize":[33,79],"rotated":1,"capInsets":[0,0,0,0]}},{"__type__":"cc.SpriteFrame","content":{"name":"charge_btn","texture":"3dn4uZuXJLSqUYywI1ZTZy","rect":[755,368,70,38],"offset":[0,0],"originalSize":[70,38],"capInsets":[0,0,0,0]}},{"__type__":"cc.SpriteFrame","content":{"name":"time_remain_1","texture":"3dn4uZuXJLSqUYywI1ZTZy","rect":[691,433,30,53],"offset":[0,0],"originalSize":[30,53],"rotated":1,"capInsets":[27,0,1,0]}},{"__type__":"cc.SpriteFrame","content":{"name":"game_member_bg","texture":"3dn4uZuXJLSqUYywI1ZTZy","rect":[653,193,47,48],"offset":[0,0],"originalSize":[47,48],"rotated":1,"capInsets":[18,18,18,18]}},{"__type__":"cc.SpriteFrame","content":{"name":"chip_10","texture":"3dn4uZuXJLSqUYywI1ZTZy","rect":[827,381,103,109],"offset":[0,0],"originalSize":[103,109],"rotated":1,"capInsets":[0,0,0,0]}},{"__type__":"cc.SpriteFrame","content":{"name":"chip_4","texture":"3dn4uZuXJLSqUYywI1ZTZy","rect":[332,394,103,109],"offset":[0,0],"originalSize":[103,109],"rotated":1,"capInsets":[0,0,0,0]}},{"__type__":"cc.SpriteFrame","content":{"name":"game_bottom_bg","texture":"3dn4uZuXJLSqUYywI1ZTZy","rect":[2,87,254,220],"offset":[0,0],"originalSize":[254,220],"capInsets":[119,0,119,0]}},{"__type__":"cc.SpriteFrame","content":{"name":"game_vedio_distance","texture":"3dn4uZuXJLSqUYywI1ZTZy","rect":[2,392,132,36],"offset":[0,0],"originalSize":[132,36],"capInsets":[0,0,0,0]}},{"__type__":"cc.SpriteFrame","content":{"name":"he_icon","texture":"3dn4uZuXJLSqUYywI1ZTZy","rect":[826,531,40,40],"offset":[0,0],"originalSize":[40,40],"capInsets":[0,0,0,0]}},{"__type__":"cc.SpriteFrame","content":{"name":"chip_1","texture":"3dn4uZuXJLSqUYywI1ZTZy","rect":[525,393,103,109],"offset":[0,0],"originalSize":[103,109],"rotated":1,"capInsets":[0,0,0,0]}},{"__type__":"cc.SpriteFrame","content":{"name":"time_btn_2","texture":"3dn4uZuXJLSqUYywI1ZTZy","rect":[672,540,36,37],"offset":[0,0],"originalSize":[36,37],"rotated":1,"capInsets":[0,0,0,0]}},{"__type__":"cc.SpriteFrame","content":{"name":"nn_show_result_blue","texture":"3dn4uZuXJLSqUYywI1ZTZy","rect":[416,533,32,24],"offset":[0,0],"originalSize":[32,24],"rotated":1,"capInsets":[6,6,6,3]}},{"__type__":"cc.SpriteFrame","content":{"name":"zhuang_hong","texture":"3dn4uZuXJLSqUYywI1ZTZy","rect":[1010,103,10,10],"offset":[0,0],"originalSize":[10,10],"capInsets":[4,4,4,4]}},{"__type__":"cc.SpriteFrame","content":{"name":"game_arraw_3","texture":"3dn4uZuXJLSqUYywI1ZTZy","rect":[1010,73,11,16],"offset":[0,0],"originalSize":[11,16],"capInsets":[0,0,0,0]}},{"__type__":"cc.SpriteFrame","content":{"name":"close_btn","texture":"3dn4uZuXJLSqUYywI1ZTZy","rect":[827,486,43,43],"offset":[0,0],"originalSize":[43,43],"capInsets":[0,0,0,0]}},{"__type__":"cc.SpriteFrame","content":{"name":"niuniu_bottom_4","texture":"3dn4uZuXJLSqUYywI1ZTZy","rect":[443,488,67,67],"offset":[0,0],"originalSize":[67,67],"capInsets":[0,0,0,0]}},{"__type__":"cc.SpriteFrame","content":{"name":"sound_close","texture":"3dn4uZuXJLSqUYywI1ZTZy","rect":[954,530,38,38],"offset":[0,0],"originalSize":[38,38],"capInsets":[0,0,0,0]}},{"__type__":"cc.SpriteFrame","content":{"name":"cicle_icon_blue","texture":"3dn4uZuXJLSqUYywI1ZTZy","rect":[750,590,24,24],"offset":[0,0],"originalSize":[24,24],"capInsets":[0,0,0,0]}},{"__type__":"cc.SpriteFrame","content":{"name":"limit_line","texture":"3dn4uZuXJLSqUYywI1ZTZy","rect":[1021,2,65,1],"offset":[0,0],"originalSize":[65,1],"rotated":1,"capInsets":[16,0,14,0]}},{"__type__":"cc.SpriteFrame","content":{"name":"chat_bg","texture":"3dn4uZuXJLSqUYywI1ZTZy","rect":[940,369,83,81],"offset":[0,0],"originalSize":[83,81],"rotated":1,"capInsets":[15,10,8,23]}},{"__type__":"cc.SpriteFrame","content":{"name":"send_btn","texture":"3dn4uZuXJLSqUYywI1ZTZy","rect":[705,181,126,40],"offset":[0,0],"originalSize":[126,40],"capInsets":[0,0,0,0]}},{"__type__":"cc.SpriteFrame","content":{"name":"charge_btn_other","texture":"3dn4uZuXJLSqUYywI1ZTZy","rect":[938,454,74,76],"offset":[0,0],"originalSize":[74,76],"rotated":1,"capInsets":[0,0,0,0]}},{"__type__":"cc.SpriteFrame","content":{"name":"longhu_select_2","texture":"3dn4uZuXJLSqUYywI1ZTZy","rect":[833,181,93,115],"offset":[0,0],"originalSize":[93,115],"rotated":1,"capInsets":[0,0,0,0]}},{"__type__":"cc.SpriteFrame","content":{"name":"position_frame","texture":"3dn4uZuXJLSqUYywI1ZTZy","rect":[784,476,43,41],"offset":[0,0],"originalSize":[43,41],"rotated":1,"capInsets":[0,0,0,0]}},{"__type__":"cc.SpriteFrame","content":{"name":"longhu_select_1","texture":"3dn4uZuXJLSqUYywI1ZTZy","rect":[536,193,93,115],"offset":[0,0],"originalSize":[93,115],"rotated":1,"capInsets":[33,0,68,0]}},{"__type__":"cc.SpriteFrame","content":{"name":"baijiale_select_bottom_3","texture":"3dn4uZuXJLSqUYywI1ZTZy","rect":[443,417,40,73],"offset":[0,0],"originalSize":[40,73],"rotated":1,"capInsets":[22,0,23,0]}},{"__type__":"cc.SpriteFrame","content":{"name":"game_introduction","texture":"3dn4uZuXJLSqUYywI1ZTZy","rect":[623,546,34,35],"offset":[0,0],"originalSize":[34,35],"rotated":1,"capInsets":[0,0,0,0]}},{"__type__":"cc.SpriteFrame","content":{"name":"cicle_icon_red","texture":"3dn4uZuXJLSqUYywI1ZTZy","rect":[994,558,24,24],"offset":[0,0],"originalSize":[24,24],"capInsets":[0,0,0,0]}},{"__type__":"cc.SpriteFrame","content":{"name":"time_remain_3","texture":"3dn4uZuXJLSqUYywI1ZTZy","rect":[247,502,30,53],"offset":[0,0],"originalSize":[30,53],"rotated":1,"capInsets":[27,0,1,0]}},{"__type__":"cc.SpriteFrame","content":{"name":"yuya","texture":"3dn4uZuXJLSqUYywI1ZTZy","rect":[713,101,143,40],"offset":[0,0],"originalSize":[143,40],"capInsets":[0,0,0,0]}},{"__type__":"cc.SpriteFrame","content":{"name":"preChip","texture":"3dn4uZuXJLSqUYywI1ZTZy","rect":[325,499,89,88],"offset":[0,0],"originalSize":[89,88],"capInsets":[0,0,0,0]}},{"__type__":"cc.SpriteFrame","content":{"name":"zhuang_icon","texture":"3dn4uZuXJLSqUYywI1ZTZy","rect":[784,521,40,40],"offset":[0,0],"originalSize":[40,40],"capInsets":[0,0,0,0]}},{"__type__":"cc.SpriteFrame","content":{"name":"chip_0","texture":"3dn4uZuXJLSqUYywI1ZTZy","rect":[940,281,81,86],"offset":[0,0],"originalSize":[81,86],"capInsets":[0,0,0,0]}},{"__type__":"cc.SpriteFrame","content":{"name":"time_remain_2","texture":"3dn4uZuXJLSqUYywI1ZTZy","rect":[636,433,30,53],"offset":[0,0],"originalSize":[30,53],"rotated":1,"capInsets":[27,0,1,0]}},{"__type__":"cc.SpriteFrame","content":{"name":"save_exit_btn","texture":"3dn4uZuXJLSqUYywI1ZTZy","rect":[258,274,74,76],"offset":[0,0],"originalSize":[74,76],"rotated":1,"capInsets":[0,0,0,0]}},{"__type__":"cc.SpriteFrame","content":{"name":"game_btn_1","texture":"3dn4uZuXJLSqUYywI1ZTZy","rect":[711,564,36,37],"offset":[0,0],"originalSize":[36,37],"rotated":1,"capInsets":[0,0,0,0]}},{"__type__":"cc.SpriteFrame","content":{"name":"member_icon","texture":"3dn4uZuXJLSqUYywI1ZTZy","rect":[113,468,19,19],"offset":[0,0],"originalSize":[19,19],"capInsets":[0,0,0,0]}},{"__type__":"cc.SpriteFrame","content":{"name":"xian_line","texture":"3dn4uZuXJLSqUYywI1ZTZy","rect":[1010,115,10,10],"offset":[0,0],"originalSize":[10,10],"capInsets":[0,0,0,0]}},{"__type__":"cc.SpriteFrame","content":{"name":"choiceCheckmark","texture":"3dn4uZuXJLSqUYywI1ZTZy","rect":[336,152,135,140],"offset":[0,0],"originalSize":[135,140],"rotated":1,"capInsets":[0,0,0,0]}},{"__type__":"cc.SpriteFrame","content":{"name":"game_back","texture":"3dn4uZuXJLSqUYywI1ZTZy","rect":[737,476,44,45],"offset":[0,0],"originalSize":[44,45],"rotated":1,"capInsets":[0,0,0,0]}},{"__type__":"cc.SpriteFrame","content":{"name":"chip_6","texture":"3dn4uZuXJLSqUYywI1ZTZy","rect":[336,289,103,109],"offset":[0,0],"originalSize":[103,109],"rotated":1,"capInsets":[0,0,0,0]}},{"__type__":"cc.SpriteFrame","content":{"name":"game_money_bg","texture":"3dn4uZuXJLSqUYywI1ZTZy","rect":[705,143,132,36],"offset":[0,0],"originalSize":[132,36],"capInsets":[0,0,0,0]}},{"__type__":"cc.SpriteFrame","content":{"name":"more_btn","texture":"3dn4uZuXJLSqUYywI1ZTZy","rect":[552,498,38,38],"offset":[0,0],"originalSize":[38,38],"capInsets":[0,0,0,0]}},{"__type__":"cc.SpriteFrame","content":{"name":"add_banker_card","texture":"3dn4uZuXJLSqUYywI1ZTZy","rect":[478,152,59,56],"offset":[0,0],"originalSize":[59,56],"rotated":1,"capInsets":[0,0,0,0]}},{"__type__":"cc.SpriteFrame","content":{"name":"card_frame","texture":"3dn4uZuXJLSqUYywI1ZTZy","rect":[814,223,18,15],"offset":[0,0],"originalSize":[18,15],"rotated":1,"capInsets":[7,6,7,6]}},{"__type__":"cc.SpriteFrame","content":{"name":"chat_close_btn","texture":"3dn4uZuXJLSqUYywI1ZTZy","rect":[697,602,33,34],"offset":[0,0],"originalSize":[33,34],"rotated":1,"capInsets":[0,0,0,0]}},{"__type__":"cc.SpriteFrame","content":{"name":"game_back_2","texture":"3dn4uZuXJLSqUYywI1ZTZy","rect":[861,71,147,70],"offset":[0,0],"originalSize":[147,70],"capInsets":[0,0,0,0]}},{"__type__":"cc.SpriteFrame","content":{"name":"member_type_bg","texture":"3dn4uZuXJLSqUYywI1ZTZy","rect":[777,563,40,28],"offset":[0,0],"originalSize":[40,28],"capInsets":[15,0,15,0]}},{"__type__":"cc.SpriteFrame","content":{"name":"game_limit_bg","texture":"3dn4uZuXJLSqUYywI1ZTZy","rect":[914,486,22,24],"offset":[0,0],"originalSize":[22,24],"capInsets":[8,7,8,8]}},{"__type__":"cc.SpriteFrame","content":{"name":"tixian_btn_other","texture":"3dn4uZuXJLSqUYywI1ZTZy","rect":[258,122,74,76],"offset":[0,0],"originalSize":[74,76],"rotated":1,"capInsets":[0,0,0,0]}},{"__type__":"cc.SpriteFrame","content":{"name":"game_limit_main_bg","texture":"3dn4uZuXJLSqUYywI1ZTZy","rect":[636,465,51,39],"offset":[0,0],"originalSize":[51,39],"capInsets":[20,0,21,0]}},{"__type__":"cc.SpriteFrame","content":{"name":"game_service","texture":"3dn4uZuXJLSqUYywI1ZTZy","rect":[549,538,34,35],"offset":[0,0],"originalSize":[34,35],"rotated":1,"capInsets":[0,0,0,0]}},{"__type__":"cc.SpriteFrame","content":{"name":"sound_open","texture":"3dn4uZuXJLSqUYywI1ZTZy","rect":[914,530,38,38],"offset":[0,0],"originalSize":[38,38],"capInsets":[0,0,0,0]}},{"__type__":"cc.SpriteFrame","content":{"name":"chip_7","texture":"3dn4uZuXJLSqUYywI1ZTZy","rect":[829,276,103,109],"offset":[0,0],"originalSize":[103,109],"rotated":1,"capInsets":[0,0,0,0]}},{"__type__":"cc.SpriteFrame","content":{"name":"niuniu_bottom_3","texture":"3dn4uZuXJLSqUYywI1ZTZy","rect":[814,243,13,44],"offset":[0,0],"originalSize":[13,44],"capInsets":[5,0,5,0]}},{"__type__":"cc.SpriteFrame","content":{"name":"niuniu_bottom_1","texture":"3dn4uZuXJLSqUYywI1ZTZy","rect":[447,300,39,83],"offset":[0,0],"originalSize":[39,83],"rotated":1,"capInsets":[0,0,0,0]}},{"__type__":"cc.SpriteFrame","content":{"name":"other_bg","texture":"3dn4uZuXJLSqUYywI1ZTZy","rect":[973,151,52,49],"offset":[0,0],"originalSize":[52,49],"rotated":1,"capInsets":[8,6,11,6]}},{"__type__":"cc.SpriteFrame","content":{"name":"time_icon","texture":"3dn4uZuXJLSqUYywI1ZTZy","rect":[994,530,28,26],"offset":[0,0],"originalSize":[28,26],"capInsets":[0,0,0,0]}},{"__type__":"cc.SpriteFrame","content":{"name":"setting_btn","texture":"3dn4uZuXJLSqUYywI1ZTZy","rect":[258,198,74,76],"offset":[0,0],"originalSize":[74,76],"rotated":1,"capInsets":[0,0,0,0]}},{"__type__":"cc.SpriteFrame","content":{"name":"time_remain_4","texture":"3dn4uZuXJLSqUYywI1ZTZy","rect":[644,296,30,53],"offset":[0,0],"originalSize":[30,53],"rotated":1,"capInsets":[27,0,1,0]}}]