[{"__type__":"cc.SpriteFrame","content":{"name":"chat_item_bg","texture":"3dn4uZuXJLSqUYywI1ZTZy","rect":[538,101,173,35],"offset":[0,0],"originalSize":[173,35],"capInsets":[0,0,0,0]}},{"__type__":"cc.SpriteFrame","content":{"name":"emoji","texture":"3dn4uZuXJLSqUYywI1ZTZy","rect":[479,557,30,30],"offset":[0,0],"originalSize":[30,30],"capInsets":[0,0,0,0]}},{"__type__":"cc.SpriteFrame","content":{"name":"head_icon","texture":"24k0oqgvtCNIPo/SipX0l0","rect":[0,0,96,113],"offset":[0,0],"originalSize":[96,113],"capInsets":[0,0,0,0]}},{"__type__":"cc.SpriteFrame","content":{"name":"chat_line","texture":"3dn4uZuXJLSqUYywI1ZTZy","rect":[1017,2,2,36],"offset":[0,0],"originalSize":[2,36],"capInsets":[0,5,0,7]}},{"__type__":"cc.SpriteFrame","content":{"name":"statusBg","texture":"3dn4uZuXJLSqUYywI1ZTZy","rect":[2,309,139,43],"offset":[0,0],"originalSize":[139,43],"capInsets":[28,13,38,13]}},[{"__type__":"cc.Prefab","_name":"ChatPanelView","data":{"__id__":1}},{"__type__":"cc.Node","_name":"ChatPanelView","_children":[{"__id__":2},{"__id__":3},{"__id__":4},{"__id__":5},{"__id__":8},{"__id__":11},{"__id__":12},{"__id__":20},{"__id__":34},{"__id__":39},{"__id__":44},{"__id__":45}],"_components":[{"__type__":"cc.Widget","node":{"__id__":1},"_alignFlags":45},{"__type__":"635fcxNDhNFyYCerC6lT/pv","node":{"__id__":1},"isCreateMask":false,"isShowMask":false,"chatEdit":{"__id__":19},"chatItemParent":{"__id__":36},"chatItem":{"__id__":39},"nickNameLab":{"__id__":23},"ageLab":{"__id__":25},"heightLab":{"__id__":27},"constellationLab":{"__id__":31},"threeSidesLab":{"__id__":29},"hobbyLab":{"__id__":33},"EmojiPanel":{"__id__":45},"emojiParentNode":{"__id__":50},"emojiItem":{"__id__":44},"scrollWidget":{"__id__":37},"scrollView":{"__id__":38}}],"_prefab":{"__type__":"cc.PrefabInfo","root":{"__id__":1},"asset":{"__uuid__":"5b7BOAgXFFI70PBNb4M5YK"},"fileId":"51euAtg71AeJvDzNJVQvRD"},"_contentSize":{"__type__":"cc.Size","width":1136,"height":640},"_trs":{"__type__":"TypedArray","ctor":"Float64Array","array":[568,320,0,0,0,0,1,1,1,1]}},{"__type__":"cc.Node","_name":"bg","_parent":{"__id__":1},"_components":[{"__type__":"cc.Sprite","node":{"__id__":2},"_materials":[{"__uuid__":"ecpdLyjvZBwrvm+cedCcQy"}],"_spriteFrame":{"__uuid__":"a2MjXRFdtLlYQ5ouAFv/+R"},"_sizeMode":0},{"__type__":"cc.Widget","node":{"__id__":2},"_alignFlags":45,"_originalWidth":100,"_originalHeight":100}],"_prefab":{"__type__":"cc.PrefabInfo","root":{"__id__":1},"asset":{"__uuid__":"5b7BOAgXFFI70PBNb4M5YK"},"fileId":"8aq6nsT5JJRLEfsDGS9r43"},"_opacity":0,"_contentSize":{"__type__":"cc.Size","width":1136,"height":640},"_trs":{"__type__":"TypedArray","ctor":"Float64Array","array":[0,0,0,0,0,0,1,1,1,1]}},{"__type__":"cc.Node","_name":"chatBg","_parent":{"__id__":1},"_components":[{"__type__":"cc.Sprite","node":{"__id__":3},"_materials":[{"__uuid__":"ecpdLyjvZBwrvm+cedCcQy"}],"_spriteFrame":{"__uuid__":"9ebeERr3NNlaN1SPR45l2L"},"_type":1,"_sizeMode":0},{"__type__":"cc.Button","node":{"__id__":3}}],"_prefab":{"__type__":"cc.PrefabInfo","root":{"__id__":1},"asset":{"__uuid__":"5b7BOAgXFFI70PBNb4M5YK"},"fileId":"4b2wOhqNVIMqqe+HWFqJX7"},"_contentSize":{"__type__":"cc.Size","width":560,"height":464.3},"_trs":{"__type__":"TypedArray","ctor":"Float64Array","array":[-239,-19.7,0,0,0,0,1,1,1,1]}},{"__type__":"cc.Node","_name":"closeBtn","_parent":{"__id__":1},"_components":[{"__type__":"cc.Sprite","node":{"__id__":4},"_materials":[{"__uuid__":"ecpdLyjvZBwrvm+cedCcQy"}],"_spriteFrame":{"__uuid__":"ddqUOod3ZAj6G+sJgIj6no"}},{"__type__":"cc.Button","node":{"__id__":4},"clickEvents":[{"__type__":"cc.ClickEvent","target":{"__id__":1},"_componentId":"635fcxNDhNFyYCerC6lT/pv","handler":"closePanel"}]}],"_prefab":{"__type__":"cc.PrefabInfo","root":{"__id__":1},"asset":{"__uuid__":"5b7BOAgXFFI70PBNb4M5YK"},"fileId":"fcVjFptANAqKb6dJCy4R3/"},"_contentSize":{"__type__":"cc.Size","width":33,"height":34},"_trs":{"__type__":"TypedArray","ctor":"Float64Array","array":[32.577,209.818,0,0,0,0,1,1,1,1]}},{"__type__":"cc.Node","_name":"line","_parent":{"__id__":1},"_children":[{"__id__":6},{"__id__":7}],"_components":[{"__type__":"cc.Sprite","node":{"__id__":5},"_materials":[{"__uuid__":"ecpdLyjvZBwrvm+cedCcQy"}],"_spriteFrame":{"__uuid__":"45kjHQz1dD86ib8k5FygkI"},"_type":1,"_sizeMode":0}],"_prefab":{"__type__":"cc.PrefabInfo","root":{"__id__":1},"asset":{"__uuid__":"5b7BOAgXFFI70PBNb4M5YK"},"fileId":"fduJC/X4VG+ZtFLnJoWjIE"},"_contentSize":{"__type__":"cc.Size","width":2,"height":409.8},"_trs":{"__type__":"TypedArray","ctor":"Float64Array","array":[-129.5,5.6,0,0,0,0,1,1,1,1]}},{"__type__":"cc.Node","_name":"line copy","_parent":{"__id__":5},"_components":[{"__type__":"cc.Sprite","node":{"__id__":6},"_materials":[{"__uuid__":"ecpdLyjvZBwrvm+cedCcQy"}],"_spriteFrame":{"__uuid__":"45kjHQz1dD86ib8k5FygkI"},"_type":1,"_sizeMode":0}],"_prefab":{"__type__":"cc.PrefabInfo","root":{"__id__":1},"asset":{"__uuid__":"5b7BOAgXFFI70PBNb4M5YK"},"fileId":"b8nMm0j79DdLkhRmmTnvQm"},"_contentSize":{"__type__":"cc.Size","width":2,"height":560},"_trs":{"__type__":"TypedArray","ctor":"Float64Array","array":[-110.3,-205.3,0,0,0,0.7071067811865475,0.7071067811865476,1,1,1]},"_eulerAngles":{"__type__":"cc.Vec3","z":90}},{"__type__":"cc.Node","_name":"line copy","_parent":{"__id__":5},"_components":[{"__type__":"cc.Sprite","node":{"__id__":7},"_materials":[{"__uuid__":"ecpdLyjvZBwrvm+cedCcQy"}],"_spriteFrame":{"__uuid__":"45kjHQz1dD86ib8k5FygkI"},"_type":1,"_sizeMode":0}],"_prefab":{"__type__":"cc.PrefabInfo","root":{"__id__":1},"asset":{"__uuid__":"5b7BOAgXFFI70PBNb4M5YK"},"fileId":"a2EXHu2RtNCaWv7e/ZjTvU"},"_contentSize":{"__type__":"cc.Size","width":2,"height":36.33},"_trs":{"__type__":"TypedArray","ctor":"Float64Array","array":[-91.62,-232.39,0,0,0,0,1,1,1,1]}},{"__type__":"cc.Node","_name":"emojiBtn","_parent":{"__id__":1},"_children":[{"__id__":9},{"__id__":10}],"_components":[{"__type__":"cc.Button","node":{"__id__":8},"clickEvents":[{"__type__":"cc.ClickEvent","target":{"__id__":1},"_componentId":"635fcxNDhNFyYCerC6lT/pv","handler":"onShowEmojiPanel"}]}],"_prefab":{"__type__":"cc.PrefabInfo","root":{"__id__":1},"asset":{"__uuid__":"5b7BOAgXFFI70PBNb4M5YK"},"fileId":"03xBNyG3pDBp4/qapUhgja"},"_contentSize":{"__type__":"cc.Size","width":81.5,"height":37.3},"_trs":{"__type__":"TypedArray","ctor":"Float64Array","array":[-174.3,-226,0,0,0,0,1,1,1,0]}},{"__type__":"cc.Node","_name":"emojiIcon","_parent":{"__id__":8},"_components":[{"__type__":"cc.Sprite","node":{"__id__":9},"_materials":[{"__uuid__":"ecpdLyjvZBwrvm+cedCcQy"}],"_spriteFrame":{"__uuid__":"18c6C40j9CnZeoi8F0emcW"}}],"_prefab":{"__type__":"cc.PrefabInfo","root":{"__id__":1},"asset":{"__uuid__":"5b7BOAgXFFI70PBNb4M5YK"},"fileId":"eexKIh3LlID7dCcI6X5xa6"},"_contentSize":{"__type__":"cc.Size","width":30,"height":30},"_trs":{"__type__":"TypedArray","ctor":"Float64Array","array":[-20.681,0.476,0,0,0,0,1,1,1,1]}},{"__type__":"cc.Node","_name":"name","_parent":{"__id__":8},"_components":[{"__type__":"cc.Label","node":{"__id__":10},"_materials":[{"__uuid__":"ecpdLyjvZBwrvm+cedCcQy"}],"_useOriginalSize":false,"_string":"表情","_N$string":"表情","_fontSize":16,"_N$file":{"__uuid__":"a6GFdfihpIQY/CU35PyGmw"},"_isSystemFontUsed":false,"_N$horizontalAlign":1,"_N$verticalAlign":1}],"_prefab":{"__type__":"cc.PrefabInfo","root":{"__id__":1},"asset":{"__uuid__":"5b7BOAgXFFI70PBNb4M5YK"},"fileId":"1ec64Jx1dKH7hNueaFzloc"},"_color":{"__type__":"cc.Color","r":204,"g":169,"b":86},"_contentSize":{"__type__":"cc.Size","width":32,"height":50.4},"_trs":{"__type__":"TypedArray","ctor":"Float64Array","array":[16.747,1.801,0,0,0,0,1,1,1,1]}},{"__type__":"cc.Node","_name":"sendBtn","_parent":{"__id__":1},"_components":[{"__type__":"cc.Sprite","node":{"__id__":11},"_materials":[{"__uuid__":"ecpdLyjvZBwrvm+cedCcQy"}],"_spriteFrame":{"__uuid__":"a3jPmrDKtK/YL+Bbz6eoMP"},"_sizeMode":0},{"__type__":"cc.Button","node":{"__id__":11},"clickEvents":[{"__type__":"cc.ClickEvent","target":{"__id__":1},"_componentId":"635fcxNDhNFyYCerC6lT/pv","handler":"onSend"}]}],"_prefab":{"__type__":"cc.PrefabInfo","root":{"__id__":1},"asset":{"__uuid__":"5b7BOAgXFFI70PBNb4M5YK"},"fileId":"7cYBr0GkVBlqMevX8uI0Y3"},"_contentSize":{"__type__":"cc.Size","width":140,"height":40},"_trs":{"__type__":"TypedArray","ctor":"Float64Array","array":[-34.495,-224.418,0,0,0,0,1,1,1,1]}},{"__type__":"cc.Node","_name":"EditBox","_parent":{"__id__":1},"_children":[{"__id__":13},{"__id__":15},{"__id__":17}],"_components":[{"__id__":19}],"_prefab":{"__type__":"cc.PrefabInfo","root":{"__id__":1},"asset":{"__uuid__":"5b7BOAgXFFI70PBNb4M5YK"},"fileId":"83FvQhlDpDv65rJSpy3iBk"},"_contentSize":{"__type__":"cc.Size","width":256.3,"height":40},"_trs":{"__type__":"TypedArray","ctor":"Float64Array","array":[-357.5,-227.3,0,0,0,0,1,1,1,1]}},{"__type__":"cc.Node","_name":"BACKGROUND_SPRITE","_parent":{"__id__":12},"_components":[{"__id__":14},{"__type__":"cc.Widget","node":{"__id__":13},"alignMode":0,"_alignFlags":45,"_originalWidth":160,"_originalHeight":40}],"_prefab":{"__type__":"cc.PrefabInfo","root":{"__id__":1},"asset":{"__uuid__":"5b7BOAgXFFI70PBNb4M5YK"},"fileId":"edU8HUkt1EtJcteB176DZD"},"_opacity":0,"_contentSize":{"__type__":"cc.Size","width":256.3,"height":40},"_trs":{"__type__":"TypedArray","ctor":"Float64Array","array":[0,0,0,0,0,0,1,1,1,1]}},{"__type__":"cc.Sprite","node":{"__id__":13},"_materials":[{"__uuid__":"ecpdLyjvZBwrvm+cedCcQy"}],"_spriteFrame":{"__uuid__":"ffDpHHVcZAhqOfy25Fe4w7"},"_type":1,"_sizeMode":0},{"__type__":"cc.Node","_name":"TEXT_LABEL","_parent":{"__id__":12},"_active":false,"_components":[{"__id__":16},{"__type__":"cc.Widget","node":{"__id__":15},"alignMode":0,"_alignFlags":45,"_left":2,"_originalWidth":158,"_originalHeight":40}],"_prefab":{"__type__":"cc.PrefabInfo","root":{"__id__":1},"asset":{"__uuid__":"5b7BOAgXFFI70PBNb4M5YK"},"fileId":"5e2Kp2dglKNYTLNoK0gpi/"},"_contentSize":{"__type__":"cc.Size","width":158,"height":40},"_anchorPoint":{"__type__":"cc.Vec2","y":1},"_trs":{"__type__":"TypedArray","ctor":"Float64Array","array":[-78,20,0,0,0,0,1,1,1,1]}},{"__type__":"cc.Label","node":{"__id__":15},"_fontSize":20,"_lineHeight":25,"_enableWrapText":false,"_N$verticalAlign":1,"_N$overflow":1},{"__type__":"cc.Node","_name":"PLACEHOLDER_LABEL","_parent":{"__id__":12},"_components":[{"__id__":18},{"__type__":"cc.Widget","node":{"__id__":17},"alignMode":0,"_alignFlags":45,"_left":-8.363,"_right":10.363,"_originalWidth":158,"_originalHeight":40}],"_prefab":{"__type__":"cc.PrefabInfo","root":{"__id__":1},"asset":{"__uuid__":"5b7BOAgXFFI70PBNb4M5YK"},"fileId":"f1yytUAPpB4Jg4MbglTwmB"},"_contentSize":{"__type__":"cc.Size","width":254.3,"height":40},"_anchorPoint":{"__type__":"cc.Vec2","y":1},"_trs":{"__type__":"TypedArray","ctor":"Float64Array","array":[-136.513,20,0,0,0,0,1,1,1,1]}},{"__type__":"cc.Label","node":{"__id__":17},"_materials":[{"__uuid__":"ecpdLyjvZBwrvm+cedCcQy"}],"_string":"输入你要发送的信息","_N$string":"输入你要发送的信息","_fontSize":20,"_lineHeight":25,"_enableWrapText":false,"_N$file":{"__uuid__":"a6GFdfihpIQY/CU35PyGmw"},"_isSystemFontUsed":false,"_N$verticalAlign":1,"_N$overflow":1},{"__type__":"cc.EditBox","node":{"__id__":12},"_useOriginalSize":false,"maxLength":30,"_N$textLabel":{"__id__":16},"_N$placeholderLabel":{"__id__":18},"_N$background":{"__id__":14},"_N$inputMode":6},{"__type__":"cc.Node","_name":"right","_parent":{"__id__":1},"_children":[{"__id__":21},{"__id__":22},{"__id__":24},{"__id__":26},{"__id__":28},{"__id__":30},{"__id__":32}],"_prefab":{"__type__":"cc.PrefabInfo","root":{"__id__":1},"asset":{"__uuid__":"5b7BOAgXFFI70PBNb4M5YK"},"fileId":"08HABJor5Ld7nPWxtvtgpt"},"_trs":{"__type__":"TypedArray","ctor":"Float64Array","array":[10.951,0,0,0,0,0,1,1,1,1]}},{"__type__":"cc.Node","_name":"headIcon","_parent":{"__id__":20},"_components":[{"__type__":"cc.Sprite","node":{"__id__":21},"_materials":[{"__uuid__":"ecpdLyjvZBwrvm+cedCcQy"}],"_spriteFrame":{"__uuid__":"3exyO6I3dDb63zLQqV1BC0"},"_sizeMode":0}],"_prefab":{"__type__":"cc.PrefabInfo","root":{"__id__":1},"asset":{"__uuid__":"5b7BOAgXFFI70PBNb4M5YK"},"fileId":"cayjrZrBBMc4mCXbdQdv+F"},"_contentSize":{"__type__":"cc.Size","width":100,"height":112.7},"_trs":{"__type__":"TypedArray","ctor":"Float64Array","array":[-59.2,144.1,0,0,0,0,1,1,1,1]}},{"__type__":"cc.Node","_name":"name","_parent":{"__id__":20},"_components":[{"__id__":23}],"_prefab":{"__type__":"cc.PrefabInfo","root":{"__id__":1},"asset":{"__uuid__":"5b7BOAgXFFI70PBNb4M5YK"},"fileId":"79iFKTi9lAorWArsylQvIq"},"_contentSize":{"__type__":"cc.Size","width":32,"height":25.2},"_trs":{"__type__":"TypedArray","ctor":"Float64Array","array":[-60.2,74.366,0,0,0,0,1,1,1,1]}},{"__type__":"cc.Label","node":{"__id__":22},"_materials":[{"__uuid__":"ecpdLyjvZBwrvm+cedCcQy"}],"_useOriginalSize":false,"_string":"丽丽","_N$string":"丽丽","_fontSize":16,"_lineHeight":20,"_N$file":{"__uuid__":"a6GFdfihpIQY/CU35PyGmw"},"_isSystemFontUsed":false,"_N$horizontalAlign":1,"_N$verticalAlign":1},{"__type__":"cc.Node","_name":"age","_parent":{"__id__":20},"_components":[{"__id__":25}],"_prefab":{"__type__":"cc.PrefabInfo","root":{"__id__":1},"asset":{"__uuid__":"5b7BOAgXFFI70PBNb4M5YK"},"fileId":"18f5yj9XpOZJeSknq2nxgL"},"_contentSize":{"__type__":"cc.Size","width":62.81,"height":25.2},"_anchorPoint":{"__type__":"cc.Vec2","y":0.5},"_trs":{"__type__":"TypedArray","ctor":"Float64Array","array":[-120.321,50.071,0,0,0,0,1,1,1,1]}},{"__type__":"cc.Label","node":{"__id__":24},"_materials":[{"__uuid__":"ecpdLyjvZBwrvm+cedCcQy"}],"_useOriginalSize":false,"_string":"年龄：22","_N$string":"年龄：22","_fontSize":15,"_lineHeight":20,"_N$file":{"__uuid__":"a6GFdfihpIQY/CU35PyGmw"},"_isSystemFontUsed":false,"_N$horizontalAlign":1,"_N$verticalAlign":1},{"__type__":"cc.Node","_name":"hight","_parent":{"__id__":20},"_components":[{"__id__":27}],"_prefab":{"__type__":"cc.PrefabInfo","root":{"__id__":1},"asset":{"__uuid__":"5b7BOAgXFFI70PBNb4M5YK"},"fileId":"68bBn4G3RCa5+u3bCWB139"},"_contentSize":{"__type__":"cc.Size","width":97.85,"height":25.2},"_anchorPoint":{"__type__":"cc.Vec2","y":0.5},"_trs":{"__type__":"TypedArray","ctor":"Float64Array","array":[-120.321,28.246,0,0,0,0,1,1,1,1]}},{"__type__":"cc.Label","node":{"__id__":26},"_materials":[{"__uuid__":"ecpdLyjvZBwrvm+cedCcQy"}],"_useOriginalSize":false,"_string":"身高：170CM","_N$string":"身高：170CM","_fontSize":15,"_lineHeight":20,"_N$file":{"__uuid__":"a6GFdfihpIQY/CU35PyGmw"},"_isSystemFontUsed":false,"_N$horizontalAlign":1,"_N$verticalAlign":1},{"__type__":"cc.Node","_name":"sanwei","_parent":{"__id__":20},"_components":[{"__id__":29}],"_prefab":{"__type__":"cc.PrefabInfo","root":{"__id__":1},"asset":{"__uuid__":"5b7BOAgXFFI70PBNb4M5YK"},"fileId":"90wXKyL4xBb79tKtcGL3Qj"},"_contentSize":{"__type__":"cc.Size","width":129.14,"height":25.2},"_anchorPoint":{"__type__":"cc.Vec2","y":0.5},"_trs":{"__type__":"TypedArray","ctor":"Float64Array","array":[-120.321,5.931,0,0,0,0,1,1,1,1]}},{"__type__":"cc.Label","node":{"__id__":28},"_materials":[{"__uuid__":"ecpdLyjvZBwrvm+cedCcQy"}],"_useOriginalSize":false,"_string":"三围：45、22、30","_N$string":"三围：45、22、30","_fontSize":15,"_lineHeight":20,"_N$file":{"__uuid__":"a6GFdfihpIQY/CU35PyGmw"},"_isSystemFontUsed":false,"_N$horizontalAlign":1,"_N$verticalAlign":1},{"__type__":"cc.Node","_name":"xingzuo","_parent":{"__id__":20},"_components":[{"__id__":31}],"_prefab":{"__type__":"cc.PrefabInfo","root":{"__id__":1},"asset":{"__uuid__":"5b7BOAgXFFI70PBNb4M5YK"},"fileId":"cb8sa9D5JJLI97LkJBKD2k"},"_contentSize":{"__type__":"cc.Size","width":90,"height":25.2},"_anchorPoint":{"__type__":"cc.Vec2","y":0.5},"_trs":{"__type__":"TypedArray","ctor":"Float64Array","array":[-120.321,-17.412,0,0,0,0,1,1,1,1]}},{"__type__":"cc.Label","node":{"__id__":30},"_materials":[{"__uuid__":"ecpdLyjvZBwrvm+cedCcQy"}],"_useOriginalSize":false,"_string":"星座：天秤座","_N$string":"星座：天秤座","_fontSize":15,"_lineHeight":20,"_N$file":{"__uuid__":"a6GFdfihpIQY/CU35PyGmw"},"_isSystemFontUsed":false,"_N$horizontalAlign":1,"_N$verticalAlign":1},{"__type__":"cc.Node","_name":"love","_parent":{"__id__":20},"_components":[{"__id__":33}],"_prefab":{"__type__":"cc.PrefabInfo","root":{"__id__":1},"asset":{"__uuid__":"5b7BOAgXFFI70PBNb4M5YK"},"fileId":"78Cl/JDplLZ77Lsuxqg0hE"},"_contentSize":{"__type__":"cc.Size","width":120.8,"height":40.67999999999999},"_anchorPoint":{"__type__":"cc.Vec2","y":1},"_trs":{"__type__":"TypedArray","ctor":"Float64Array","array":[-120.3,-27,0,0,0,0,1,1,1,1]}},{"__type__":"cc.Label","node":{"__id__":32},"_materials":[{"__uuid__":"ecpdLyjvZBwrvm+cedCcQy"}],"_useOriginalSize":false,"_string":"爱好：喜欢吹牛逼吧","_N$string":"爱好：喜欢吹牛逼吧","_fontSize":15,"_lineHeight":18,"_N$file":{"__uuid__":"a6GFdfihpIQY/CU35PyGmw"},"_isSystemFontUsed":false,"_N$verticalAlign":1,"_N$overflow":3},{"__type__":"cc.Node","_name":"ScrollView","_parent":{"__id__":1},"_children":[{"__id__":35}],"_components":[{"__id__":38}],"_prefab":{"__type__":"cc.PrefabInfo","root":{"__id__":1},"asset":{"__uuid__":"5b7BOAgXFFI70PBNb4M5YK"},"fileId":"9eOJYBr0hEJK98lXLLPZ8N"},"_contentSize":{"__type__":"cc.Size","width":380,"height":390},"_trs":{"__type__":"TypedArray","ctor":"Float64Array","array":[-321.699,13,0,0,0,0,1,1,1,1]}},{"__type__":"cc.Node","_name":"view","_parent":{"__id__":34},"_children":[{"__id__":36}],"_components":[{"__type__":"cc.Mask","node":{"__id__":35},"_materials":[{"__uuid__":"ecpdLyjvZBwrvm+cedCcQy"}],"_N$alphaThreshold":0},{"__id__":37}],"_prefab":{"__type__":"cc.PrefabInfo","root":{"__id__":1},"asset":{"__uuid__":"5b7BOAgXFFI70PBNb4M5YK"},"fileId":"bdDBx1n5BGv6Yf2pwcH2Ya"},"_contentSize":{"__type__":"cc.Size","width":380,"height":390},"_trs":{"__type__":"TypedArray","ctor":"Float64Array","array":[0,0,0,0,0,0,1,1,1,1]}},{"__type__":"cc.Node","_name":"content","_parent":{"__id__":35},"_components":[{"__type__":"cc.Layout","node":{"__id__":36},"_layoutSize":{"__type__":"cc.Size","width":343,"height":40},"_resize":1,"_N$layoutType":2,"_N$paddingTop":8,"_N$spacingY":10}],"_prefab":{"__type__":"cc.PrefabInfo","root":{"__id__":1},"asset":{"__uuid__":"5b7BOAgXFFI70PBNb4M5YK"},"fileId":"51UNWdkk1MJIG1tK42r3AI"},"_contentSize":{"__type__":"cc.Size","width":343,"height":40},"_anchorPoint":{"__type__":"cc.Vec2","x":0.5},"_trs":{"__type__":"TypedArray","ctor":"Float64Array","array":[-10,-198.604,0,0,0,0,1,1,1,1]}},{"__type__":"cc.Widget","node":{"__id__":35},"_alignFlags":45,"_originalWidth":240,"_originalHeight":250},{"__type__":"cc.ScrollView","node":{"__id__":34},"horizontal":false,"brake":0.75,"bounceDuration":0.23,"_N$content":{"__id__":36},"content":{"__id__":36},"_N$horizontalScrollBar":null,"_N$verticalScrollBar":null},{"__type__":"cc.Node","_name":"chatItem","_parent":{"__id__":1},"_children":[{"__id__":40},{"__id__":43}],"_active":false,"_prefab":{"__type__":"cc.PrefabInfo","root":{"__id__":1},"asset":{"__uuid__":"5b7BOAgXFFI70PBNb4M5YK"},"fileId":"12YVEaF/5NFJzZsIcKcukR"},"_contentSize":{"__type__":"cc.Size","width":310,"height":30},"_trs":{"__type__":"TypedArray","ctor":"Float64Array","array":[-326.865,156,0,0,0,0,1,1,1,1]}},{"__type__":"cc.Node","_name":"bg","_parent":{"__id__":39},"_children":[{"__id__":41},{"__id__":42}],"_components":[{"__type__":"cc.Sprite","node":{"__id__":40},"_materials":[{"__uuid__":"ecpdLyjvZBwrvm+cedCcQy"}],"_spriteFrame":{"__uuid__":"0cQp2lpIRD64QgpTLHTptc"},"_sizeMode":0},{"__type__":"cc.Layout","node":{"__id__":40},"_layoutSize":{"__type__":"cc.Size","width":10,"height":25},"_resize":1,"_N$layoutType":1,"_N$paddingLeft":5,"_N$paddingRight":5}],"_prefab":{"__type__":"cc.PrefabInfo","root":{"__id__":1},"asset":{"__uuid__":"5b7BOAgXFFI70PBNb4M5YK"},"fileId":"76ww0WDuFEmJs3sC7wRoE9"},"_contentSize":{"__type__":"cc.Size","width":10,"height":25},"_anchorPoint":{"__type__":"cc.Vec2","y":0.5},"_trs":{"__type__":"TypedArray","ctor":"Float64Array","array":[-49.36,0.8,0,0,0,0,1,1,1,1]}},{"__type__":"cc.Node","_name":"chatStr","_parent":{"__id__":40},"_active":false,"_components":[{"__type__":"cc.Label","node":{"__id__":41},"_materials":[{"__uuid__":"ecpdLyjvZBwrvm+cedCcQy"}],"_useOriginalSize":false,"_fontSize":15,"_lineHeight":20,"_N$file":{"__uuid__":"a6GFdfihpIQY/CU35PyGmw"},"_isSystemFontUsed":false,"_N$verticalAlign":1}],"_prefab":{"__type__":"cc.PrefabInfo","root":{"__id__":1},"asset":{"__uuid__":"5b7BOAgXFFI70PBNb4M5YK"},"fileId":"a3CtRhqnNKI6x9i0nFxmVj"},"_color":{"__type__":"cc.Color"},"_contentSize":{"__type__":"cc.Size","height":25.2},"_anchorPoint":{"__type__":"cc.Vec2","y":1},"_trs":{"__type__":"TypedArray","ctor":"Float64Array","array":[5,12.9,0,0,0,0,1,1,1,1]}},{"__type__":"cc.Node","_name":"emojiSp","_parent":{"__id__":40},"_active":false,"_components":[{"__type__":"cc.Sprite","node":{"__id__":42},"_materials":[{"__uuid__":"ecpdLyjvZBwrvm+cedCcQy"}],"_spriteFrame":{"__uuid__":"18c6C40j9CnZeoi8F0emcW"},"_sizeMode":0}],"_prefab":{"__type__":"cc.PrefabInfo","root":{"__id__":1},"asset":{"__uuid__":"5b7BOAgXFFI70PBNb4M5YK"},"fileId":"1aWVVGvotGqYWqv6ZpW93O"},"_contentSize":{"__type__":"cc.Size","width":30,"height":30},"_trs":{"__type__":"TypedArray","ctor":"Float64Array","array":[20,0,0,0,0,0,1,1,1,1]}},{"__type__":"cc.Node","_name":"chatName","_parent":{"__id__":39},"_components":[{"__type__":"cc.Label","node":{"__id__":43},"_materials":[{"__uuid__":"ecpdLyjvZBwrvm+cedCcQy"}],"_useOriginalSize":false,"_string":"131****5555","_N$string":"131****5555","_fontSize":16,"_lineHeight":20,"_N$file":{"__uuid__":"a6GFdfihpIQY/CU35PyGmw"},"_isSystemFontUsed":false,"_N$horizontalAlign":1,"_N$verticalAlign":1,"_N$overflow":2}],"_prefab":{"__type__":"cc.PrefabInfo","root":{"__id__":1},"asset":{"__uuid__":"5b7BOAgXFFI70PBNb4M5YK"},"fileId":"d4pzonUSlC5quzat1J04z9"},"_color":{"__type__":"cc.Color","r":199,"g":163,"b":86},"_contentSize":{"__type__":"cc.Size","width":95.63,"height":25.2},"_anchorPoint":{"__type__":"cc.Vec2","x":1,"y":0.5},"_trs":{"__type__":"TypedArray","ctor":"Float64Array","array":[-53.702,0.411,0,0,0,0,1,1,1,1]}},{"__type__":"cc.Node","_name":"emojiItem","_parent":{"__id__":1},"_active":false,"_components":[{"__type__":"cc.Sprite","node":{"__id__":44},"_materials":[{"__uuid__":"ecpdLyjvZBwrvm+cedCcQy"}],"_spriteFrame":{"__uuid__":"18c6C40j9CnZeoi8F0emcW"},"_sizeMode":0},{"__type__":"cc.Button","node":{"__id__":44},"clickEvents":[{"__type__":"cc.ClickEvent","target":{"__id__":1},"_componentId":"635fcxNDhNFyYCerC6lT/pv","handler":"onSendEmoji"}],"_N$transition":3,"transition":3}],"_prefab":{"__type__":"cc.PrefabInfo","root":{"__id__":1},"asset":{"__uuid__":"5b7BOAgXFFI70PBNb4M5YK"},"fileId":"c6lTZQWOhKoomZBoFBYc2i"},"_contentSize":{"__type__":"cc.Size","width":30,"height":30},"_trs":{"__type__":"TypedArray","ctor":"Float64Array","array":[-133.858,156.8,0,0,0,0,1,1,1,1]}},{"__type__":"cc.Node","_name":"EmojiPanel","_parent":{"__id__":1},"_children":[{"__id__":46},{"__id__":47},{"__id__":48}],"_prefab":{"__type__":"cc.PrefabInfo","root":{"__id__":1},"asset":{"__uuid__":"5b7BOAgXFFI70PBNb4M5YK"},"fileId":"92Vp6mILJA+bKM1Zhlwgxt"},"_contentSize":{"__type__":"cc.Size","width":380,"height":214},"_trs":{"__type__":"TypedArray","ctor":"Float64Array","array":[-320.962,-87,0,0,0,0,1,1,1,1]}},{"__type__":"cc.Node","_name":"closePanelBtn","_parent":{"__id__":45},"_components":[{"__type__":"cc.Button","node":{"__id__":46},"clickEvents":[{"__type__":"cc.ClickEvent","target":{"__id__":1},"_componentId":"635fcxNDhNFyYCerC6lT/pv","handler":"onCloseEmojiPanel"}]}],"_prefab":{"__type__":"cc.PrefabInfo","root":{"__id__":1},"asset":{"__uuid__":"5b7BOAgXFFI70PBNb4M5YK"},"fileId":"88IxB2e9RBN4YqSS/xufVe"},"_contentSize":{"__type__":"cc.Size","width":503,"height":462},"_trs":{"__type__":"TypedArray","ctor":"Float64Array","array":[68,67,0,0,0,0,1,1,1,1]}},{"__type__":"cc.Node","_name":"statusBg","_parent":{"__id__":45},"_components":[{"__type__":"cc.Sprite","node":{"__id__":47},"_materials":[{"__uuid__":"ecpdLyjvZBwrvm+cedCcQy"}],"_spriteFrame":{"__uuid__":"4fuQsDfXFMqKzg9cfRYpDY"},"_type":1,"_sizeMode":0},{"__type__":"cc.Button","node":{"__id__":47}}],"_prefab":{"__type__":"cc.PrefabInfo","root":{"__id__":1},"asset":{"__uuid__":"5b7BOAgXFFI70PBNb4M5YK"},"fileId":"67NFRUVTlJUbXnWZdLTPKM"},"_contentSize":{"__type__":"cc.Size","width":353.6,"height":208.7},"_trs":{"__type__":"TypedArray","ctor":"Float64Array","array":[-1.7729999999999961,-2.278,0,0,0,0,1,1,1,1]}},{"__type__":"cc.Node","_name":"emojiScroll","_parent":{"__id__":45},"_children":[{"__id__":49}],"_components":[{"__type__":"cc.ScrollView","node":{"__id__":48},"horizontal":false,"brake":0.75,"bounceDuration":0.23,"_N$content":{"__id__":50},"content":{"__id__":50},"_N$horizontalScrollBar":null,"_N$verticalScrollBar":null}],"_prefab":{"__type__":"cc.PrefabInfo","root":{"__id__":1},"asset":{"__uuid__":"5b7BOAgXFFI70PBNb4M5YK"},"fileId":"38AKG2uLdPXLStRC/FR/T8"},"_contentSize":{"__type__":"cc.Size","width":345,"height":195.1},"_trs":{"__type__":"TypedArray","ctor":"Float64Array","array":[-1.3,-3.5,0,0,0,0,1,1,1,1]}},{"__type__":"cc.Node","_name":"view","_objFlags":512,"_parent":{"__id__":48},"_children":[{"__id__":50}],"_components":[{"__type__":"cc.Mask","node":{"__id__":49},"_materials":[{"__uuid__":"ecpdLyjvZBwrvm+cedCcQy"}],"_N$alphaThreshold":0},{"__type__":"cc.Widget","node":{"__id__":49},"_alignFlags":45,"_originalWidth":240,"_originalHeight":250}],"_prefab":{"__type__":"cc.PrefabInfo","root":{"__id__":1},"asset":{"__uuid__":"5b7BOAgXFFI70PBNb4M5YK"},"fileId":"5bGfEfXcZMPpyzkESZt3MO"},"_contentSize":{"__type__":"cc.Size","width":345,"height":195.1},"_trs":{"__type__":"TypedArray","ctor":"Float64Array","array":[0,0,0,0,0,0,1,1,1,1]}},{"__type__":"cc.Node","_name":"emojiGrid","_parent":{"__id__":49},"_components":[{"__type__":"cc.Layout","node":{"__id__":50},"_layoutSize":{"__type__":"cc.Size","width":339.9,"height":30},"_resize":1,"_N$layoutType":3,"_N$spacingX":13,"_N$spacingY":15}],"_prefab":{"__type__":"cc.PrefabInfo","root":{"__id__":1},"asset":{"__uuid__":"5b7BOAgXFFI70PBNb4M5YK"},"fileId":"fbpfwiOihKb6R5D2KSRHBb"},"_contentSize":{"__type__":"cc.Size","width":339.9,"height":30},"_anchorPoint":{"__type__":"cc.Vec2","y":1},"_trs":{"__type__":"TypedArray","ctor":"Float64Array","array":[-169.95,97.55000000000001,0,0,0,0,1,1,1,1]}}],{"__type__":"cc.SpriteFrame","content":{"name":"chat_bg","texture":"3dn4uZuXJLSqUYywI1ZTZy","rect":[940,369,83,81],"offset":[0,0],"originalSize":[83,81],"rotated":1,"capInsets":[15,10,8,23]}},{"__type__":"cc.SpriteFrame","content":{"name":"default_sprite_splash","texture":"02delMVqdBD70a/HSD99FK","rect":[0,0,2,2],"offset":[0,0],"originalSize":[2,2],"capInsets":[0,0,0,0]}},{"__type__":"cc.SpriteFrame","content":{"name":"send_btn","texture":"3dn4uZuXJLSqUYywI1ZTZy","rect":[705,181,126,40],"offset":[0,0],"originalSize":[126,40],"capInsets":[0,0,0,0]}},{"__type__":"cc.SpriteFrame","content":{"name":"chat_close_btn","texture":"3dn4uZuXJLSqUYywI1ZTZy","rect":[697,602,33,34],"offset":[0,0],"originalSize":[33,34],"rotated":1,"capInsets":[0,0,0,0]}},{"__type__":"cc.SpriteFrame","content":{"name":"default_editbox_bg","texture":"ed0hW5J5ZKBar1gflskoHO","rect":[0,0,40,40],"offset":[0,0],"originalSize":[40,40],"capInsets":[12,12,12,12]}}]