[{"__type__":"cc.SpriteFrame","content":{"name":"dashang__now_btn","texture":"3dn4uZuXJLSqUYywI1ZTZy","rect":[339,101,197,49],"offset":[0,0],"originalSize":[197,49],"capInsets":[0,0,0,0]}},[{"__type__":"cc.Prefab","_name":"GiveRewardView","data":{"__id__":1}},{"__type__":"cc.Node","_name":"GiveRewardView","_children":[{"__id__":2},{"__id__":3},{"__id__":11},{"__id__":12}],"_components":[{"__type__":"b8cb60RRmRK4pk1znyspy9X","node":{"__id__":1},"isMaskToExit":true,"giveRewardEdit":{"__id__":10}},{"__type__":"cc.Widget","node":{"__id__":1},"_alignFlags":45}],"_prefab":{"__type__":"cc.PrefabInfo","root":{"__id__":1},"asset":{"__uuid__":"53lMEoha1NNZcqfNHvaSJt"},"fileId":"dbEgMFl/lIbaPB0CJt5KCW"},"_contentSize":{"__type__":"cc.Size","width":1136,"height":640},"_trs":{"__type__":"TypedArray","ctor":"Float64Array","array":[568,320,0,0,0,0,1,1,1,1]}},{"__type__":"cc.Node","_name":"dashang_bg","_parent":{"__id__":1},"_components":[{"__type__":"cc.Sprite","node":{"__id__":2},"_materials":[{"__uuid__":"ecpdLyjvZBwrvm+cedCcQy"}],"_spriteFrame":{"__uuid__":"d4EX6gBW9BH4qDmZDtCZDr"}}],"_prefab":{"__type__":"cc.PrefabInfo","root":{"__id__":1},"asset":{"__uuid__":"53lMEoha1NNZcqfNHvaSJt"},"fileId":"7eFeOqrgFMYpEVZaXfCeXT"},"_contentSize":{"__type__":"cc.Size","width":429,"height":398},"_trs":{"__type__":"TypedArray","ctor":"Float64Array","array":[0,0,0,0,0,0,1,1,1,1]}},{"__type__":"cc.Node","_name":"EditBox","_parent":{"__id__":1},"_children":[{"__id__":4},{"__id__":6},{"__id__":8}],"_components":[{"__id__":10}],"_prefab":{"__type__":"cc.PrefabInfo","root":{"__id__":1},"asset":{"__uuid__":"53lMEoha1NNZcqfNHvaSJt"},"fileId":"518x9WP1tIKa3KC3KfTv17"},"_contentSize":{"__type__":"cc.Size","width":259,"height":67.1},"_trs":{"__type__":"TypedArray","ctor":"Float64Array","array":[1.1,-45.1,0,0,0,0,1,1,1,1]}},{"__type__":"cc.Node","_name":"BACKGROUND_SPRITE","_parent":{"__id__":3},"_components":[{"__id__":5},{"__type__":"cc.Widget","node":{"__id__":4},"alignMode":0,"_alignFlags":45,"_originalWidth":160,"_originalHeight":40}],"_prefab":{"__type__":"cc.PrefabInfo","root":{"__id__":1},"asset":{"__uuid__":"53lMEoha1NNZcqfNHvaSJt"},"fileId":"52+dH/HMxMlpdHTlj3sWAF"},"_opacity":0,"_contentSize":{"__type__":"cc.Size","width":259,"height":67.1},"_trs":{"__type__":"TypedArray","ctor":"Float64Array","array":[0,0,0,0,0,0,1,1,1,1]}},{"__type__":"cc.Sprite","node":{"__id__":4},"_materials":[{"__uuid__":"ecpdLyjvZBwrvm+cedCcQy"}],"_spriteFrame":{"__uuid__":"ffDpHHVcZAhqOfy25Fe4w7"},"_type":1,"_sizeMode":0},{"__type__":"cc.Node","_name":"TEXT_LABEL","_parent":{"__id__":3},"_active":false,"_components":[{"__id__":7},{"__type__":"cc.Widget","node":{"__id__":6},"alignMode":0,"_alignFlags":45,"_left":2,"_originalWidth":158,"_originalHeight":40}],"_prefab":{"__type__":"cc.PrefabInfo","root":{"__id__":1},"asset":{"__uuid__":"53lMEoha1NNZcqfNHvaSJt"},"fileId":"18bP6XxS1Fjqn8vzq+4K8o"},"_contentSize":{"__type__":"cc.Size","width":158,"height":40},"_anchorPoint":{"__type__":"cc.Vec2","y":1},"_trs":{"__type__":"TypedArray","ctor":"Float64Array","array":[-78,20,0,0,0,0,1,1,1,1]}},{"__type__":"cc.Label","node":{"__id__":6},"_fontSize":20,"_lineHeight":25,"_enableWrapText":false,"_N$verticalAlign":1,"_N$overflow":1},{"__type__":"cc.Node","_name":"PLACEHOLDER_LABEL","_parent":{"__id__":3},"_components":[{"__id__":9},{"__type__":"cc.Widget","node":{"__id__":8},"alignMode":0,"_alignFlags":45,"_left":2,"_originalWidth":158,"_originalHeight":40}],"_prefab":{"__type__":"cc.PrefabInfo","root":{"__id__":1},"asset":{"__uuid__":"53lMEoha1NNZcqfNHvaSJt"},"fileId":"69zN5AFOhFjbGHirNRDZrR"},"_contentSize":{"__type__":"cc.Size","width":257,"height":67.1},"_anchorPoint":{"__type__":"cc.Vec2","y":1},"_trs":{"__type__":"TypedArray","ctor":"Float64Array","array":[-127.5,33.55,0,0,0,0,1,1,1,1]}},{"__type__":"cc.Label","node":{"__id__":8},"_materials":[{"__uuid__":"ecpdLyjvZBwrvm+cedCcQy"}],"_string":"请输入打赏金额","_N$string":"请输入打赏金额","_fontSize":20,"_lineHeight":25,"_enableWrapText":false,"_N$verticalAlign":1,"_N$overflow":1},{"__type__":"cc.EditBox","node":{"__id__":3},"_useOriginalSize":false,"maxLength":10,"_N$textLabel":{"__id__":7},"_N$placeholderLabel":{"__id__":9},"_N$background":{"__id__":5},"_N$inputMode":2},{"__type__":"cc.Node","_name":"giveRewardBtn","_parent":{"__id__":1},"_components":[{"__type__":"cc.Sprite","node":{"__id__":11},"_materials":[{"__uuid__":"ecpdLyjvZBwrvm+cedCcQy"}],"_spriteFrame":{"__uuid__":"35r+64Uo1D2YPFjWbiPnhn"}},{"__type__":"cc.Button","node":{"__id__":11},"clickEvents":[{"__type__":"cc.ClickEvent","target":{"__id__":1},"_componentId":"b8cb60RRmRK4pk1znyspy9X","handler":"onGiveReward"}],"_N$transition":3,"transition":3}],"_prefab":{"__type__":"cc.PrefabInfo","root":{"__id__":1},"asset":{"__uuid__":"53lMEoha1NNZcqfNHvaSJt"},"fileId":"d6maZNBVtIlK9Y4/Nd5lYk"},"_contentSize":{"__type__":"cc.Size","width":197,"height":49},"_trs":{"__type__":"TypedArray","ctor":"Float64Array","array":[0,-136.52,0,0,0,0,1,1,1,1]}},{"__type__":"cc.Node","_name":"closeBtn","_parent":{"__id__":1},"_components":[{"__type__":"cc.Sprite","node":{"__id__":12},"_materials":[{"__uuid__":"ecpdLyjvZBwrvm+cedCcQy"}],"_spriteFrame":{"__uuid__":"8cIdwhaMJEsY7OAEhXhPTm"}},{"__type__":"cc.Button","node":{"__id__":12},"clickEvents":[{"__type__":"cc.ClickEvent","target":{"__id__":1},"_componentId":"b8cb60RRmRK4pk1znyspy9X","handler":"closePanel"}],"_N$target":{"__id__":12}}],"_prefab":{"__type__":"cc.PrefabInfo","root":{"__id__":1},"asset":{"__uuid__":"53lMEoha1NNZcqfNHvaSJt"},"fileId":"31L3UpRN9NJpy4aAL9LPMY"},"_contentSize":{"__type__":"cc.Size","width":43,"height":43},"_trs":{"__type__":"TypedArray","ctor":"Float64Array","array":[134.799,230.465,0,0,0,0,1,1,1,1]}}],{"__type__":"cc.SpriteFrame","content":{"name":"close_btn","texture":"3dn4uZuXJLSqUYywI1ZTZy","rect":[827,486,43,43],"offset":[0,0],"originalSize":[43,43],"capInsets":[0,0,0,0]}},{"__type__":"cc.SpriteFrame","content":{"name":"dashang_bg","texture":"e726xaMLxCvpwCLpu3f4gX","rect":[0,0,429,398],"offset":[0,0],"originalSize":[429,398],"capInsets":[0,0,0,0]}},{"__type__":"cc.SpriteFrame","content":{"name":"default_editbox_bg","texture":"ed0hW5J5ZKBar1gflskoHO","rect":[0,0,40,40],"offset":[0,0],"originalSize":[40,40],"capInsets":[12,12,12,12]}}]