[{"__type__":"cc.SpriteFrame","content":{"name":"tuoyuan_bg","texture":"ebmdEg3GZG5bu83hkMIeDJ","rect":[73,2,50,44],"offset":[0,0],"originalSize":[50,44],"rotated":1,"capInsets":[19,0,21,0]}},{"__type__":"cc.SpriteFrame","content":{"name":"login_tip_bg","texture":"ebmdEg3GZG5bu83hkMIeDJ","rect":[2,2,69,432],"offset":[0,0],"originalSize":[69,432],"capInsets":[20,0,20,0]}},{"__type__":"cc.SpriteFrame","content":{"name":"member_login","texture":"ebmdEg3GZG5bu83hkMIeDJ","rect":[150,135,263,83],"offset":[0,0],"originalSize":[263,83],"rotated":1,"capInsets":[0,0,0,0]}},{"__type__":"cc.SpriteAtlas","_name":"login_ui.plist","_spriteFrames":{"close_btn":{"__uuid__":"c6D01mhoNBoZ0RPnMByWJX"},"input_bg":{"__uuid__":"daDzL0nYlOS4UAyvxLVeek"},"loginBtn":{"__uuid__":"a4PxvG4dNMJKbK7/3XMMcq"},"login_tip_bg":{"__uuid__":"20FVgdK5NKsIYJNTlRrc3L"},"logo":{"__uuid__":"d55WKRLBhC1aXCdfYXEQBF"},"member_login":{"__uuid__":"69VaE3+/xMMYDdGNuSrzck"},"member_login_title":{"__uuid__":"e7rpEvU9hMza2OYXOLXcrx"},"message_login_title":{"__uuid__":"adOAKuSCxI+aSngl/VA4lF"},"tuoyuan_bg":{"__uuid__":"109EjLlOVLbI/vyOx8bJyf"},"visit_login_btn":{"__uuid__":"baYtJl5vxBtayOuC5DzDqj"}}},{"__type__":"cc.SpriteFrame","content":{"name":"loginBtn","texture":"ebmdEg3GZG5bu83hkMIeDJ","rect":[306,2,163,54],"offset":[0,0],"originalSize":[163,54],"capInsets":[0,0,0,0]}},{"__type__":"cc.SpriteFrame","content":{"name":"message_login_title","texture":"ebmdEg3GZG5bu83hkMIeDJ","rect":[73,58,351,75],"offset":[0,0],"originalSize":[351,75],"rotated":1,"capInsets":[0,0,0,0]}},{"__type__":"cc.SpriteFrame","content":{"name":"visit_login_btn","texture":"ebmdEg3GZG5bu83hkMIeDJ","rect":[235,135,263,80],"offset":[0,0],"originalSize":[263,80],"capInsets":[0,0,0,0]}},{"__type__":"cc.SpriteFrame","content":{"name":"close_btn","texture":"ebmdEg3GZG5bu83hkMIeDJ","rect":[306,217,81,78],"offset":[0,0],"originalSize":[81,78],"capInsets":[0,0,0,0]}},{"__type__":"cc.SpriteFrame","content":{"name":"logo","texture":"ebmdEg3GZG5bu83hkMIeDJ","rect":[2,436,302,61],"offset":[0,0],"originalSize":[302,61],"capInsets":[0,0,0,0]}},{"__type__":"cc.SpriteFrame","content":{"name":"input_bg","texture":"ebmdEg3GZG5bu83hkMIeDJ","rect":[73,411,14,13],"offset":[0,0],"originalSize":[14,13],"rotated":1,"capInsets":[4,0,4,0]}},{"__type__":"cc.SpriteFrame","content":{"name":"member_login_title","texture":"ebmdEg3GZG5bu83hkMIeDJ","rect":[150,58,351,75],"offset":[0,0],"originalSize":[351,75],"capInsets":[0,0,0,0]}}]