[{"__type__":"cc.SpriteFrame","content":{"name":"heidi_jing","texture":"cfCpKgTV5PO4J+8KRBAv+M","rect":[280,496,19,20],"offset":[0,0],"originalSize":[19,20],"capInsets":[5,5,4,4]}},{"__type__":"cc.SpriteFrame","content":{"name":"system_notice_title","texture":"cfCpKgTV5PO4J+8KRBAv+M","rect":[363,990,196,28],"offset":[0,0],"originalSize":[196,28],"capInsets":[0,0,0,0]}},[{"__type__":"cc.Prefab","_name":"SystemNoticeView","data":{"__id__":1}},{"__type__":"cc.Node","_name":"SystemNoticeView","_children":[{"__id__":2},{"__id__":3},{"__id__":4},{"__id__":5}],"_components":[{"__type__":"cc.Widget","node":{"__id__":1},"_alignFlags":45},{"__type__":"252a2rMoplGR5DdsEyFvh0Z","node":{"__id__":1},"msgContentLab":{"__id__":11},"webViewUrl":{"__id__":13}}],"_prefab":{"__type__":"cc.PrefabInfo","root":{"__id__":1},"asset":{"__uuid__":"ebFbGdJTdFErDFLo1k8xBD"},"fileId":"3dshHpoTxITrmpfL97y7yT"},"_contentSize":{"__type__":"cc.Size","width":1136,"height":640},"_trs":{"__type__":"TypedArray","ctor":"Float64Array","array":[568,320,0,0,0,0,1,1,1,1]}},{"__type__":"cc.Node","_name":"bg","_parent":{"__id__":1},"_components":[{"__type__":"cc.Sprite","node":{"__id__":2},"_materials":[{"__uuid__":"ecpdLyjvZBwrvm+cedCcQy"}],"_spriteFrame":{"__uuid__":"16tX7abV5HFq3XNrbZ4bIQ"},"_type":1,"_sizeMode":0},{"__type__":"cc.Button","node":{"__id__":2}}],"_prefab":{"__type__":"cc.PrefabInfo","root":{"__id__":1},"asset":{"__uuid__":"ebFbGdJTdFErDFLo1k8xBD"},"fileId":"89j6/h5x1HbpHGdmsvGQKm"},"_contentSize":{"__type__":"cc.Size","width":588.6,"height":330.7},"_trs":{"__type__":"TypedArray","ctor":"Float64Array","array":[-0.6,16.6,0,0,0,0,1,1,1,1]}},{"__type__":"cc.Node","_name":"title","_parent":{"__id__":1},"_components":[{"__type__":"cc.Sprite","node":{"__id__":3},"_materials":[{"__uuid__":"ecpdLyjvZBwrvm+cedCcQy"}],"_spriteFrame":{"__uuid__":"79pVYbcgRGfYRAZKrGscxF"}}],"_prefab":{"__type__":"cc.PrefabInfo","root":{"__id__":1},"asset":{"__uuid__":"ebFbGdJTdFErDFLo1k8xBD"},"fileId":"e8r5d05U9D2I0WTUMik/vS"},"_contentSize":{"__type__":"cc.Size","width":196,"height":28},"_trs":{"__type__":"TypedArray","ctor":"Float64Array","array":[0,183.335,0,0,0,0,1,1,1,1]}},{"__type__":"cc.Node","_name":"exitBtn","_parent":{"__id__":1},"_components":[{"__type__":"cc.Sprite","node":{"__id__":4},"_materials":[{"__uuid__":"ecpdLyjvZBwrvm+cedCcQy"}],"_spriteFrame":{"__uuid__":"fbchbmDfhLvLOJ+bZ5jr4R"}},{"__type__":"cc.Button","node":{"__id__":4},"clickEvents":[{"__type__":"cc.ClickEvent","target":{"__id__":1},"_componentId":"252a2rMoplGR5DdsEyFvh0Z","handler":"closePanel"}],"_N$transition":3,"transition":3}],"_prefab":{"__type__":"cc.PrefabInfo","root":{"__id__":1},"asset":{"__uuid__":"ebFbGdJTdFErDFLo1k8xBD"},"fileId":"9144bIbgNCBYlOX5N7JLLH"},"_contentSize":{"__type__":"cc.Size","width":164,"height":55},"_trs":{"__type__":"TypedArray","ctor":"Float64Array","array":[-0.183,-216.483,0,0,0,0,1,1,1,1]}},{"__type__":"cc.Node","_name":"ScrollView","_parent":{"__id__":1},"_children":[{"__id__":6}],"_components":[{"__type__":"cc.ScrollView","node":{"__id__":5},"horizontal":false,"brake":0.75,"bounceDuration":0.23,"_N$content":{"__id__":7},"content":{"__id__":7},"_N$horizontalScrollBar":null,"_N$verticalScrollBar":null}],"_prefab":{"__type__":"cc.PrefabInfo","root":{"__id__":1},"asset":{"__uuid__":"ebFbGdJTdFErDFLo1k8xBD"},"fileId":"25uyYZyMdEFZc4HJkeyqG6"},"_contentSize":{"__type__":"cc.Size","width":562.7,"height":282.4},"_trs":{"__type__":"TypedArray","ctor":"Float64Array","array":[-2.5,16.2,0,0,0,0,1,1,1,1]}},{"__type__":"cc.Node","_name":"view","_parent":{"__id__":5},"_children":[{"__id__":7}],"_components":[{"__type__":"cc.Mask","node":{"__id__":6},"_materials":[{"__uuid__":"ecpdLyjvZBwrvm+cedCcQy"}],"_N$alphaThreshold":0},{"__type__":"cc.Widget","node":{"__id__":6},"_alignFlags":45,"_originalWidth":240,"_originalHeight":250}],"_prefab":{"__type__":"cc.PrefabInfo","root":{"__id__":1},"asset":{"__uuid__":"ebFbGdJTdFErDFLo1k8xBD"},"fileId":"7c4mOU9gJMdLLZeQelrlRi"},"_contentSize":{"__type__":"cc.Size","width":562.7,"height":282.4},"_trs":{"__type__":"TypedArray","ctor":"Float64Array","array":[0,0,0,0,0,0,1,1,1,1]}},{"__type__":"cc.Node","_name":"content","_parent":{"__id__":6},"_children":[{"__id__":8},{"__id__":12},{"__id__":14}],"_components":[{"__type__":"cc.Layout","node":{"__id__":7},"_layoutSize":{"__type__":"cc.Size","width":544.6,"height":50.4},"_resize":1,"_N$layoutType":2}],"_prefab":{"__type__":"cc.PrefabInfo","root":{"__id__":1},"asset":{"__uuid__":"ebFbGdJTdFErDFLo1k8xBD"},"fileId":"05S/kGQtZId7n6itUAEted"},"_contentSize":{"__type__":"cc.Size","width":544.6,"height":50.4},"_anchorPoint":{"__type__":"cc.Vec2","x":0.5,"y":1},"_trs":{"__type__":"TypedArray","ctor":"Float64Array","array":[0.5,135.9,0,0,0,0,1,1,1,1]}},{"__type__":"cc.Node","_name":"nikeNameLab","_parent":{"__id__":7},"_children":[{"__id__":9},{"__id__":10}],"_components":[{"__type__":"cc.Label","node":{"__id__":8},"_enabled":false,"_materials":[{"__uuid__":"ecpdLyjvZBwrvm+cedCcQy"}],"_useOriginalSize":false,"_fontSize":20,"_N$file":{"__uuid__":"6cdYiskGtJJYGqTveEBiCW"},"_isSystemFontUsed":false,"_N$verticalAlign":1,"_N$overflow":3},{"__id__":11}],"_prefab":{"__type__":"cc.PrefabInfo","root":{"__id__":1},"asset":{"__uuid__":"ebFbGdJTdFErDFLo1k8xBD"},"fileId":"6bCZezBddOd7ZiBP1nQ8Kc"},"_color":{"__type__":"cc.Color","r":251,"g":244,"b":207},"_contentSize":{"__type__":"cc.Size","width":160,"height":50.4},"_anchorPoint":{"__type__":"cc.Vec2","y":1},"_trs":{"__type__":"TypedArray","ctor":"Float64Array","array":[-254.6,0,0,0,0,0,1,1,1,1]}},{"__type__":"cc.PrivateNode","_name":"RICHTEXT_CHILD","_objFlags":1024,"_parent":{"__id__":8},"_components":[{"__type__":"cc.Label","node":{"__id__":9},"_materials":[{"__uuid__":"ecpdLyjvZBwrvm+cedCcQy"}],"_string":"停止公告","_N$string":"停止公告","_fontSize":20,"_N$verticalAlign":1}],"_prefab":{"__type__":"cc.PrefabInfo","root":{"__id__":1},"asset":{"__uuid__":"ebFbGdJTdFErDFLo1k8xBD"},"fileId":"63VelmC0tCX5i5F5KBcVIj"},"_color":{"__type__":"cc.Color","r":251,"g":244,"b":207},"_contentSize":{"__type__":"cc.Size","width":80,"height":50.4},"_anchorPoint":{"__type__":"cc.Vec2"},"_trs":{"__type__":"TypedArray","ctor":"Float64Array","array":[0,-50.4,0,0,0,0,1,1,1,1]},"_zIndex":-32768},{"__type__":"cc.PrivateNode","_name":"RICHTEXT_CHILD","_objFlags":1024,"_parent":{"__id__":8},"_components":[{"__type__":"cc.Label","node":{"__id__":10},"_materials":[{"__uuid__":"ecpdLyjvZBwrvm+cedCcQy"}],"_string":"点击进入","_N$string":"点击进入","_fontSize":20,"_N$verticalAlign":1}],"_prefab":{"__type__":"cc.PrefabInfo","root":{"__id__":1},"asset":{"__uuid__":"ebFbGdJTdFErDFLo1k8xBD"},"fileId":"81FINUwFZF8ItUCJD2kJE8"},"_color":{"__type__":"cc.Color","r":251,"g":244,"b":207},"_contentSize":{"__type__":"cc.Size","width":80,"height":50.4},"_anchorPoint":{"__type__":"cc.Vec2"},"_trs":{"__type__":"TypedArray","ctor":"Float64Array","array":[80,-50.4,0,0,0,0,1,1,1,1]},"_zIndex":-32768},{"__type__":"15404zNagtKjKZwDa7Fxw0x","node":{"__id__":8},"_N$string":"停止公告<on click=\"enter\" param=\"http://www.baidu.com\">点击进入</on>","_N$fontSize":20},{"__type__":"cc.Node","_name":"WebView","_parent":{"__id__":7},"_active":false,"_components":[{"__id__":13}],"_prefab":{"__type__":"cc.PrefabInfo","root":{"__id__":1},"asset":{"__uuid__":"ebFbGdJTdFErDFLo1k8xBD"},"fileId":"5dgvykumdO74mI+bOzh65v"},"_contentSize":{"__type__":"cc.Size","width":500,"height":250},"_trs":{"__type__":"TypedArray","ctor":"Float64Array","array":[2,-175.4,0,0,0,0,1,1,1,1]}},{"__type__":"cc.WebView","node":{"__id__":12},"_useOriginalSize":false},{"__type__":"cc.Node","_name":"New RichText","_parent":{"__id__":7},"_children":[{"__id__":15},{"__id__":16},{"__id__":17},{"__id__":18}],"_active":false,"_components":[{"__type__":"cc.RichText","node":{"__id__":14},"_N$string":"入口公告<on click=\"enterIn\">点击进入</on>\n活动公告<on click=\"enterIn2\">点击进入</on>","_N$lineHeight":50},{"__type__":"15404zNagtKjKZwDa7Fxw0x","node":{"__id__":14}}],"_prefab":{"__type__":"cc.PrefabInfo","root":{"__id__":1},"asset":{"__uuid__":"ebFbGdJTdFErDFLo1k8xBD"},"fileId":"da0jSbmjdBJa+HA50JMToD"},"_contentSize":{"__type__":"cc.Size","width":320,"height":112.99999999999999},"_trs":{"__type__":"TypedArray","ctor":"Float64Array","array":[0,-106.89999999999999,0,0,0,0,1,1,1,1]}},{"__type__":"cc.PrivateNode","_name":"RICHTEXT_CHILD","_objFlags":1024,"_parent":{"__id__":14},"_active":false,"_components":[{"__type__":"cc.Label","node":{"__id__":15},"_materials":[{"__uuid__":"ecpdLyjvZBwrvm+cedCcQy"}],"_string":"入口公告","_N$string":"入口公告","_lineHeight":50,"_N$verticalAlign":1}],"_prefab":{"__type__":"cc.PrefabInfo","root":{"__id__":1},"asset":{"__uuid__":"ebFbGdJTdFErDFLo1k8xBD"},"fileId":"b7D/OUhURFRYPr2Ipf5pZE"},"_contentSize":{"__type__":"cc.Size","width":160,"height":63},"_anchorPoint":{"__type__":"cc.Vec2"},"_trs":{"__type__":"TypedArray","ctor":"Float64Array","array":[-160,-6.499999999999993,0,0,0,0,1,1,1,1]},"_zIndex":-32768},{"__type__":"cc.PrivateNode","_name":"RICHTEXT_CHILD","_objFlags":1024,"_parent":{"__id__":14},"_active":false,"_components":[{"__type__":"cc.Label","node":{"__id__":16},"_materials":[{"__uuid__":"ecpdLyjvZBwrvm+cedCcQy"}],"_string":"点击进入","_N$string":"点击进入","_lineHeight":50,"_N$verticalAlign":1}],"_prefab":{"__type__":"cc.PrefabInfo","root":{"__id__":1},"asset":{"__uuid__":"ebFbGdJTdFErDFLo1k8xBD"},"fileId":"92XxDKhW9EEYds/uyIiASz"},"_contentSize":{"__type__":"cc.Size","width":160,"height":63},"_anchorPoint":{"__type__":"cc.Vec2"},"_trs":{"__type__":"TypedArray","ctor":"Float64Array","array":[0,-6.499999999999993,0,0,0,0,1,1,1,1]},"_zIndex":-32768},{"__type__":"cc.PrivateNode","_name":"RICHTEXT_CHILD","_objFlags":1024,"_parent":{"__id__":14},"_active":false,"_components":[{"__type__":"cc.Label","node":{"__id__":17},"_materials":[{"__uuid__":"ecpdLyjvZBwrvm+cedCcQy"}],"_string":"活动公告","_N$string":"活动公告","_lineHeight":50,"_N$verticalAlign":1}],"_prefab":{"__type__":"cc.PrefabInfo","root":{"__id__":1},"asset":{"__uuid__":"ebFbGdJTdFErDFLo1k8xBD"},"fileId":"567AletodM5bhnRewazVDx"},"_contentSize":{"__type__":"cc.Size","width":160,"height":63},"_anchorPoint":{"__type__":"cc.Vec2"},"_trs":{"__type__":"TypedArray","ctor":"Float64Array","array":[-160,-56.49999999999999,0,0,0,0,1,1,1,1]},"_zIndex":-32768},{"__type__":"cc.PrivateNode","_name":"RICHTEXT_CHILD","_objFlags":1024,"_parent":{"__id__":14},"_active":false,"_components":[{"__type__":"cc.Label","node":{"__id__":18},"_materials":[{"__uuid__":"ecpdLyjvZBwrvm+cedCcQy"}],"_string":"点击进入","_N$string":"点击进入","_lineHeight":50,"_N$verticalAlign":1}],"_prefab":{"__type__":"cc.PrefabInfo","root":{"__id__":1},"asset":{"__uuid__":"ebFbGdJTdFErDFLo1k8xBD"},"fileId":"33md8jWzFOcL8gvd3m7NyO"},"_contentSize":{"__type__":"cc.Size","width":160,"height":63},"_anchorPoint":{"__type__":"cc.Vec2"},"_trs":{"__type__":"TypedArray","ctor":"Float64Array","array":[0,-56.49999999999999,0,0,0,0,1,1,1,1]},"_zIndex":-32768}],{"__type__":"cc.SpriteFrame","content":{"name":"close_btn_1","texture":"cfCpKgTV5PO4J+8KRBAv+M","rect":[82,355,164,55],"offset":[0,2],"originalSize":[164,59],"rotated":1,"capInsets":[0,0,0,0]}}]