[{"__type__":"cc.SpriteFrame","content":{"name":"login_tip_bg","texture":"ebmdEg3GZG5bu83hkMIeDJ","rect":[2,2,69,432],"offset":[0,0],"originalSize":[69,432],"capInsets":[20,0,20,0]}},{"__type__":"cc.SpriteFrame","content":{"name":"expanded_btn","texture":"cfCpKgTV5PO4J+8KRBAv+M","rect":[638,186,25,25],"offset":[0,0],"originalSize":[25,25],"capInsets":[0,0,0,0]}},{"__type__":"cc.SpriteFrame","content":{"name":"confirm_btn","texture":"cfCpKgTV5PO4J+8KRBAv+M","rect":[139,355,163,53],"offset":[0,0],"originalSize":[163,53],"rotated":1,"capInsets":[0,0,0,0]}},[{"__type__":"cc.Prefab","_name":"ModifyPassWordView","data":{"__id__":1}},{"__type__":"cc.Node","_name":"ModifyPassWordView","_children":[{"__id__":2}],"_components":[{"__type__":"cc.Widget","node":{"__id__":1},"_alignFlags":45},{"__type__":"8ea16G5sp5Bf6RKyRitKPPq","node":{"__id__":1},"oldLoginInput":{"__id__":20},"newLoginInput":{"__id__":28},"oldDrawInput":{"__id__":41},"newDrawInput":{"__id__":49},"onLoginSwitchBg1":{"__id__":11},"onLoginSwitchBg2":{"__id__":12},"onDrawSwitchBg1":{"__id__":32},"onDrawSwitchBg2":{"__id__":33}}],"_prefab":{"__type__":"cc.PrefabInfo","root":{"__id__":1},"asset":{"__uuid__":"8eP5I27vtH6ZemVQbR0RRY"},"fileId":"c0Aixl0LRP44XvGdFPc3+N"},"_contentSize":{"__type__":"cc.Size","width":1136,"height":640},"_trs":{"__type__":"TypedArray","ctor":"Float64Array","array":[568,320,0,0,0,0,1,1,1,1]}},{"__type__":"cc.Node","_name":"bg","_parent":{"__id__":1},"_children":[{"__id__":3},{"__id__":4},{"__id__":5}],"_components":[{"__type__":"cc.Sprite","node":{"__id__":2},"_materials":[{"__uuid__":"ecpdLyjvZBwrvm+cedCcQy"}],"_spriteFrame":{"__uuid__":"20FVgdK5NKsIYJNTlRrc3L"},"_type":1,"_sizeMode":0}],"_prefab":{"__type__":"cc.PrefabInfo","root":{"__id__":1},"asset":{"__uuid__":"8eP5I27vtH6ZemVQbR0RRY"},"fileId":"7fanifOTVOW4rJfy9aGKRg"},"_contentSize":{"__type__":"cc.Size","width":469.5,"height":340},"_trs":{"__type__":"TypedArray","ctor":"Float64Array","array":[-1.3,-3,0,0,0,0,1,1,1,1]}},{"__type__":"cc.Node","_name":"confirm_btn","_parent":{"__id__":2},"_components":[{"__type__":"cc.Sprite","node":{"__id__":3},"_materials":[{"__uuid__":"ecpdLyjvZBwrvm+cedCcQy"}],"_spriteFrame":{"__uuid__":"8ahGpUh1xHnK2iqSg9FFXn"}},{"__type__":"cc.Button","node":{"__id__":3},"clickEvents":[{"__type__":"cc.ClickEvent","target":{"__id__":1},"_componentId":"8ea16G5sp5Bf6RKyRitKPPq","handler":"modifyConfirm"}]}],"_prefab":{"__type__":"cc.PrefabInfo","root":{"__id__":1},"asset":{"__uuid__":"8eP5I27vtH6ZemVQbR0RRY"},"fileId":"01IxdzIQNCQqcKWNc3ieZJ"},"_contentSize":{"__type__":"cc.Size","width":163,"height":53},"_trs":{"__type__":"TypedArray","ctor":"Float64Array","array":[1.3,-113.92,0,0,0,0,1,1,1,1]}},{"__type__":"cc.Node","_name":"exitBtn","_parent":{"__id__":2},"_components":[{"__type__":"cc.Sprite","node":{"__id__":4},"_materials":[{"__uuid__":"ecpdLyjvZBwrvm+cedCcQy"}],"_spriteFrame":{"__uuid__":"c6D01mhoNBoZ0RPnMByWJX"},"_sizeMode":0},{"__type__":"cc.Button","node":{"__id__":4},"clickEvents":[{"__type__":"cc.ClickEvent","target":{"__id__":1},"_componentId":"8ea16G5sp5Bf6RKyRitKPPq","handler":"closePanel"}]},{"__type__":"cc.Widget","node":{"__id__":4},"alignMode":2,"_alignFlags":1,"_top":-3}],"_prefab":{"__type__":"cc.PrefabInfo","root":{"__id__":1},"asset":{"__uuid__":"8eP5I27vtH6ZemVQbR0RRY"},"fileId":"272VmvVJ5Ou6GmCWIMyCtl"},"_contentSize":{"__type__":"cc.Size","width":100,"height":100},"_trs":{"__type__":"TypedArray","ctor":"Float64Array","array":[235.455,133,0,0,0,0,1,0.8,0.8,0.8]}},{"__type__":"cc.Node","_name":"ScrollView","_parent":{"__id__":2},"_children":[{"__id__":6}],"_components":[{"__type__":"cc.ScrollView","node":{"__id__":5},"horizontal":false,"brake":0.75,"bounceDuration":0.23,"_N$content":{"__id__":7},"content":{"__id__":7},"_N$horizontalScrollBar":null,"_N$verticalScrollBar":null}],"_prefab":{"__type__":"cc.PrefabInfo","root":{"__id__":1},"asset":{"__uuid__":"8eP5I27vtH6ZemVQbR0RRY"},"fileId":"54e0GyuTJCa51hHfXT7bFR"},"_contentSize":{"__type__":"cc.Size","width":371,"height":250},"_trs":{"__type__":"TypedArray","ctor":"Float64Array","array":[5.3,3,0,0,0,0,1,1,1,1]}},{"__type__":"cc.Node","_name":"view","_parent":{"__id__":5},"_children":[{"__id__":7}],"_components":[{"__type__":"cc.Mask","node":{"__id__":6},"_enabled":false,"_materials":[{"__uuid__":"ecpdLyjvZBwrvm+cedCcQy"}],"_N$alphaThreshold":0},{"__type__":"cc.Widget","node":{"__id__":6},"_alignFlags":45,"_left":-1.1546319456101628e-14,"_right":1.1546319456101628e-14,"_originalWidth":240,"_originalHeight":250}],"_prefab":{"__type__":"cc.PrefabInfo","root":{"__id__":1},"asset":{"__uuid__":"8eP5I27vtH6ZemVQbR0RRY"},"fileId":"a0g9KQaVVCYpE/E33opcPQ"},"_contentSize":{"__type__":"cc.Size","width":371,"height":250},"_trs":{"__type__":"TypedArray","ctor":"Float64Array","array":[0,0,0,0,0,0,1,1,1,1]}},{"__type__":"cc.Node","_name":"content","_parent":{"__id__":6},"_children":[{"__id__":8},{"__id__":29}],"_components":[{"__type__":"cc.Layout","node":{"__id__":7},"_layoutSize":{"__type__":"cc.Size","width":356,"height":201.72},"_resize":1,"_N$layoutType":2}],"_prefab":{"__type__":"cc.PrefabInfo","root":{"__id__":1},"asset":{"__uuid__":"8eP5I27vtH6ZemVQbR0RRY"},"fileId":"67TRed5cpLspYFa17L4UPv"},"_contentSize":{"__type__":"cc.Size","width":356,"height":201.72},"_anchorPoint":{"__type__":"cc.Vec2","x":0.5,"y":1},"_trs":{"__type__":"TypedArray","ctor":"Float64Array","array":[1.9999999999999885,120,0,0,0,0,1,1,1,1]}},{"__type__":"cc.Node","_name":"loginNode","_parent":{"__id__":7},"_children":[{"__id__":9},{"__id__":13},{"__id__":21}],"_components":[{"__type__":"cc.Layout","node":{"__id__":8},"_layoutSize":{"__type__":"cc.Size","width":360,"height":201.72},"_resize":1,"_N$layoutType":2,"_N$paddingTop":30,"_N$paddingBottom":20,"_N$spacingY":10}],"_prefab":{"__type__":"cc.PrefabInfo","root":{"__id__":1},"asset":{"__uuid__":"8eP5I27vtH6ZemVQbR0RRY"},"fileId":"1cCcojqu1CuaP/SS0MAiI5"},"_contentSize":{"__type__":"cc.Size","width":360,"height":201.72},"_anchorPoint":{"__type__":"cc.Vec2","x":0.5,"y":1},"_trs":{"__type__":"TypedArray","ctor":"Float64Array","array":[-6,0,0,0,0,0,1,1,1,1]}},{"__type__":"cc.Node","_name":"loginLab","_parent":{"__id__":8},"_children":[{"__id__":10}],"_components":[{"__type__":"cc.Label","node":{"__id__":9},"_materials":[{"__uuid__":"ecpdLyjvZBwrvm+cedCcQy"}],"_useOriginalSize":false,"_string":"修改登录密码","_N$string":"修改登录密码","_fontSize":23,"_lineHeight":22,"_N$file":{"__uuid__":"6cdYiskGtJJYGqTveEBiCW"},"_isSystemFontUsed":false,"_N$horizontalAlign":1,"_N$verticalAlign":1}],"_prefab":{"__type__":"cc.PrefabInfo","root":{"__id__":1},"asset":{"__uuid__":"8eP5I27vtH6ZemVQbR0RRY"},"fileId":"820BvOVIJPC4veWr6vppNA"},"_color":{"__type__":"cc.Color","r":251,"g":244,"b":207},"_contentSize":{"__type__":"cc.Size","width":138,"height":27.72},"_trs":{"__type__":"TypedArray","ctor":"Float64Array","array":[-91.081,-43.86,0,0,0,0,1,1,1,1]}},{"__type__":"cc.Node","_name":"Toggle_1","_parent":{"__id__":9},"_children":[{"__id__":11},{"__id__":12}],"_components":[{"__type__":"cc.Button","node":{"__id__":10},"clickEvents":[{"__type__":"cc.ClickEvent","target":{"__id__":1},"_componentId":"8ea16G5sp5Bf6RKyRitKPPq","handler":"onLoginSwitch"}]}],"_prefab":{"__type__":"cc.PrefabInfo","root":{"__id__":1},"asset":{"__uuid__":"8eP5I27vtH6ZemVQbR0RRY"},"fileId":"17CxTwUYJBJ6vqf5F1nmpv"},"_contentSize":{"__type__":"cc.Size","width":28,"height":36.375},"_trs":{"__type__":"TypedArray","ctor":"Float64Array","array":[115.02,0,0,0,0,0,1,1,1,1]}},{"__type__":"cc.Node","_name":"Background","_parent":{"__id__":10},"_components":[{"__type__":"cc.Sprite","node":{"__id__":11},"_materials":[{"__uuid__":"ecpdLyjvZBwrvm+cedCcQy"}],"_spriteFrame":{"__uuid__":"9dk4yZc45KKpDucYea01ji"}}],"_prefab":{"__type__":"cc.PrefabInfo","root":{"__id__":1},"asset":{"__uuid__":"8eP5I27vtH6ZemVQbR0RRY"},"fileId":"e8y2MRoJ1AzZxQaLi/f1D9"},"_contentSize":{"__type__":"cc.Size","width":25,"height":25},"_trs":{"__type__":"TypedArray","ctor":"Float64Array","array":[0,0,0,0,0,0,1,1,1,1]}},{"__type__":"cc.Node","_name":"checkmark","_parent":{"__id__":10},"_components":[{"__type__":"cc.Sprite","node":{"__id__":12},"_materials":[{"__uuid__":"ecpdLyjvZBwrvm+cedCcQy"}],"_spriteFrame":{"__uuid__":"83Rx34GwRPDZljw7iYtRf7"},"_isTrimmedMode":false}],"_prefab":{"__type__":"cc.PrefabInfo","root":{"__id__":1},"asset":{"__uuid__":"8eP5I27vtH6ZemVQbR0RRY"},"fileId":"8fo3nfko1OjqnA36aUy70X"},"_contentSize":{"__type__":"cc.Size","width":25,"height":25},"_trs":{"__type__":"TypedArray","ctor":"Float64Array","array":[0,0,0,0,0,0,1,1,1,1]}},{"__type__":"cc.Node","_name":"oldLoginPwInput","_parent":{"__id__":8},"_children":[{"__id__":14},{"__id__":16},{"__id__":18}],"_components":[{"__id__":20}],"_prefab":{"__type__":"cc.PrefabInfo","root":{"__id__":1},"asset":{"__uuid__":"8eP5I27vtH6ZemVQbR0RRY"},"fileId":"c5wy8vnwhMlJj+d0+YYBdG"},"_contentSize":{"__type__":"cc.Size","width":318.1,"height":52},"_trs":{"__type__":"TypedArray","ctor":"Float64Array","array":[0.8,-93.72,0,0,0,0,1,1,1,1]}},{"__type__":"cc.Node","_name":"BACKGROUND_SPRITE","_parent":{"__id__":13},"_components":[{"__id__":15},{"__type__":"cc.Widget","node":{"__id__":14},"alignMode":0,"_alignFlags":45,"_originalWidth":160,"_originalHeight":40}],"_prefab":{"__type__":"cc.PrefabInfo","root":{"__id__":1},"asset":{"__uuid__":"8eP5I27vtH6ZemVQbR0RRY"},"fileId":"77MgrogrtHRqtxi1pt9GOn"},"_contentSize":{"__type__":"cc.Size","width":318.1,"height":52},"_trs":{"__type__":"TypedArray","ctor":"Float64Array","array":[0,0,0,0,0,0,1,1,1,1]}},{"__type__":"cc.Sprite","node":{"__id__":14},"_materials":[{"__uuid__":"ecpdLyjvZBwrvm+cedCcQy"}],"_spriteFrame":{"__uuid__":"b0kksSkW1G3IooN6KWoXvc"},"_type":1,"_sizeMode":0},{"__type__":"cc.Node","_name":"TEXT_LABEL","_parent":{"__id__":13},"_active":false,"_components":[{"__id__":17},{"__type__":"cc.Widget","node":{"__id__":16},"alignMode":0,"_alignFlags":45,"_left":2,"_originalWidth":158,"_originalHeight":40}],"_prefab":{"__type__":"cc.PrefabInfo","root":{"__id__":1},"asset":{"__uuid__":"8eP5I27vtH6ZemVQbR0RRY"},"fileId":"d7qC11jFtH/4KSSKmvhhG3"},"_contentSize":{"__type__":"cc.Size","width":383,"height":59},"_anchorPoint":{"__type__":"cc.Vec2","y":1},"_trs":{"__type__":"TypedArray","ctor":"Float64Array","array":[-190,30,0,0,0,0,1,1,1,1]}},{"__type__":"cc.Label","node":{"__id__":16},"_fontSize":20,"_lineHeight":25,"_enableWrapText":false,"_N$verticalAlign":1,"_N$overflow":1},{"__type__":"cc.Node","_name":"PLACEHOLDER_LABEL","_parent":{"__id__":13},"_components":[{"__id__":19},{"__type__":"cc.Widget","node":{"__id__":18},"alignMode":0,"_alignFlags":45,"_left":2,"_originalWidth":158,"_originalHeight":40}],"_prefab":{"__type__":"cc.PrefabInfo","root":{"__id__":1},"asset":{"__uuid__":"8eP5I27vtH6ZemVQbR0RRY"},"fileId":"41ZSN2K8pPEqH4a26hxjeq"},"_contentSize":{"__type__":"cc.Size","width":316.1,"height":52},"_anchorPoint":{"__type__":"cc.Vec2","y":1},"_trs":{"__type__":"TypedArray","ctor":"Float64Array","array":[-157.05,26,0,0,0,0,1,1,1,1]}},{"__type__":"cc.Label","node":{"__id__":18},"_materials":[{"__uuid__":"ecpdLyjvZBwrvm+cedCcQy"}],"_string":"  输入老密码","_N$string":"  输入老密码","_fontSize":16,"_lineHeight":25,"_enableWrapText":false,"_N$file":{"__uuid__":"6cdYiskGtJJYGqTveEBiCW"},"_isSystemFontUsed":false,"_N$verticalAlign":1,"_N$overflow":1},{"__type__":"cc.EditBox","node":{"__id__":13},"_useOriginalSize":false,"maxLength":8,"_N$textLabel":{"__id__":17},"_N$placeholderLabel":{"__id__":19},"_N$background":{"__id__":15},"_N$inputFlag":0,"_N$inputMode":6},{"__type__":"cc.Node","_name":"newLoginPwInput","_parent":{"__id__":8},"_children":[{"__id__":22},{"__id__":24},{"__id__":26}],"_components":[{"__id__":28}],"_prefab":{"__type__":"cc.PrefabInfo","root":{"__id__":1},"asset":{"__uuid__":"8eP5I27vtH6ZemVQbR0RRY"},"fileId":"51uDtIB+5KBZzyN3HsSbgr"},"_contentSize":{"__type__":"cc.Size","width":318.1,"height":52},"_trs":{"__type__":"TypedArray","ctor":"Float64Array","array":[0.8,-155.72,0,0,0,0,1,1,1,1]}},{"__type__":"cc.Node","_name":"BACKGROUND_SPRITE","_parent":{"__id__":21},"_components":[{"__id__":23},{"__type__":"cc.Widget","node":{"__id__":22},"alignMode":0,"_alignFlags":45,"_originalWidth":160,"_originalHeight":40}],"_prefab":{"__type__":"cc.PrefabInfo","root":{"__id__":1},"asset":{"__uuid__":"8eP5I27vtH6ZemVQbR0RRY"},"fileId":"e5GdhsdfBCV4UpzvLyeqJu"},"_contentSize":{"__type__":"cc.Size","width":318.1,"height":52},"_trs":{"__type__":"TypedArray","ctor":"Float64Array","array":[0,0,0,0,0,0,1,1,1,1]}},{"__type__":"cc.Sprite","node":{"__id__":22},"_materials":[{"__uuid__":"ecpdLyjvZBwrvm+cedCcQy"}],"_spriteFrame":{"__uuid__":"b0kksSkW1G3IooN6KWoXvc"},"_type":1,"_sizeMode":0},{"__type__":"cc.Node","_name":"TEXT_LABEL","_parent":{"__id__":21},"_active":false,"_components":[{"__id__":25},{"__type__":"cc.Widget","node":{"__id__":24},"alignMode":0,"_alignFlags":45,"_left":2,"_originalWidth":158,"_originalHeight":40}],"_prefab":{"__type__":"cc.PrefabInfo","root":{"__id__":1},"asset":{"__uuid__":"8eP5I27vtH6ZemVQbR0RRY"},"fileId":"fdYfMkl1NHTK2AwnRMoiz9"},"_contentSize":{"__type__":"cc.Size","width":383,"height":59},"_anchorPoint":{"__type__":"cc.Vec2","y":1},"_trs":{"__type__":"TypedArray","ctor":"Float64Array","array":[-190,30,0,0,0,0,1,1,1,1]}},{"__type__":"cc.Label","node":{"__id__":24},"_fontSize":20,"_lineHeight":25,"_enableWrapText":false,"_N$verticalAlign":1,"_N$overflow":1},{"__type__":"cc.Node","_name":"PLACEHOLDER_LABEL","_parent":{"__id__":21},"_components":[{"__id__":27},{"__type__":"cc.Widget","node":{"__id__":26},"alignMode":0,"_alignFlags":45,"_left":2,"_originalWidth":158,"_originalHeight":40}],"_prefab":{"__type__":"cc.PrefabInfo","root":{"__id__":1},"asset":{"__uuid__":"8eP5I27vtH6ZemVQbR0RRY"},"fileId":"2bEqeefUxB4JjYXgjsWzjs"},"_contentSize":{"__type__":"cc.Size","width":316.1,"height":52},"_anchorPoint":{"__type__":"cc.Vec2","y":1},"_trs":{"__type__":"TypedArray","ctor":"Float64Array","array":[-157.05,26,0,0,0,0,1,1,1,1]}},{"__type__":"cc.Label","node":{"__id__":26},"_materials":[{"__uuid__":"ecpdLyjvZBwrvm+cedCcQy"}],"_string":"  输入新密码","_N$string":"  输入新密码","_fontSize":16,"_lineHeight":25,"_enableWrapText":false,"_N$file":{"__uuid__":"6cdYiskGtJJYGqTveEBiCW"},"_isSystemFontUsed":false,"_N$verticalAlign":1,"_N$overflow":1},{"__type__":"cc.EditBox","node":{"__id__":21},"_useOriginalSize":false,"maxLength":8,"_N$textLabel":{"__id__":25},"_N$placeholderLabel":{"__id__":27},"_N$background":{"__id__":23},"_N$inputFlag":0,"_N$inputMode":6},{"__type__":"cc.Node","_name":"payNode","_parent":{"__id__":7},"_children":[{"__id__":30},{"__id__":34},{"__id__":42}],"_active":false,"_components":[{"__type__":"cc.Layout","node":{"__id__":29},"_layoutSize":{"__type__":"cc.Size","width":362,"height":181.72},"_resize":1,"_N$layoutType":2,"_N$paddingTop":10,"_N$paddingBottom":20,"_N$spacingY":10}],"_prefab":{"__type__":"cc.PrefabInfo","root":{"__id__":1},"asset":{"__uuid__":"8eP5I27vtH6ZemVQbR0RRY"},"fileId":"2e9S4i0q5BtYgkogWRjuYx"},"_contentSize":{"__type__":"cc.Size","width":362,"height":181.72},"_trs":{"__type__":"TypedArray","ctor":"Float64Array","array":[-6,-292.58,0,0,0,0,1,1,1,1]}},{"__type__":"cc.Node","_name":"payPwLab","_parent":{"__id__":29},"_children":[{"__id__":31}],"_components":[{"__type__":"cc.Label","node":{"__id__":30},"_materials":[{"__uuid__":"ecpdLyjvZBwrvm+cedCcQy"}],"_useOriginalSize":false,"_string":"修改支付密码","_N$string":"修改支付密码","_fontSize":23,"_lineHeight":22,"_N$file":{"__uuid__":"6cdYiskGtJJYGqTveEBiCW"},"_isSystemFontUsed":false,"_N$horizontalAlign":1,"_N$verticalAlign":1}],"_prefab":{"__type__":"cc.PrefabInfo","root":{"__id__":1},"asset":{"__uuid__":"8eP5I27vtH6ZemVQbR0RRY"},"fileId":"a7ellpfopG874kG6JFuRLN"},"_color":{"__type__":"cc.Color","r":251,"g":244,"b":207},"_contentSize":{"__type__":"cc.Size","width":138,"height":27.72},"_anchorPoint":{"__type__":"cc.Vec2","y":0.5},"_trs":{"__type__":"TypedArray","ctor":"Float64Array","array":[-158.054,67,0,0,0,0,1,1,1,1]}},{"__type__":"cc.Node","_name":"Toggle_2","_parent":{"__id__":30},"_children":[{"__id__":32},{"__id__":33}],"_components":[{"__type__":"cc.Button","node":{"__id__":31},"clickEvents":[{"__type__":"cc.ClickEvent","target":{"__id__":1},"_componentId":"8ea16G5sp5Bf6RKyRitKPPq","handler":"onDrawSwitch"}]}],"_prefab":{"__type__":"cc.PrefabInfo","root":{"__id__":1},"asset":{"__uuid__":"8eP5I27vtH6ZemVQbR0RRY"},"fileId":"acHSkZ9NdKrZrKik+dK1EJ"},"_contentSize":{"__type__":"cc.Size","width":28,"height":28},"_trs":{"__type__":"TypedArray","ctor":"Float64Array","array":[181.993,0,0,0,0,0,1,1,1,1]}},{"__type__":"cc.Node","_name":"Background","_parent":{"__id__":31},"_components":[{"__type__":"cc.Sprite","node":{"__id__":32},"_materials":[{"__uuid__":"ecpdLyjvZBwrvm+cedCcQy"}],"_spriteFrame":{"__uuid__":"9dk4yZc45KKpDucYea01ji"}}],"_prefab":{"__type__":"cc.PrefabInfo","root":{"__id__":1},"asset":{"__uuid__":"8eP5I27vtH6ZemVQbR0RRY"},"fileId":"870FkEQWZJkoOyOU4snDsx"},"_contentSize":{"__type__":"cc.Size","width":25,"height":25},"_trs":{"__type__":"TypedArray","ctor":"Float64Array","array":[0,0,0,0,0,0,1,1,1,1]}},{"__type__":"cc.Node","_name":"checkmark","_parent":{"__id__":31},"_active":false,"_components":[{"__type__":"cc.Sprite","node":{"__id__":33},"_materials":[{"__uuid__":"ecpdLyjvZBwrvm+cedCcQy"}],"_spriteFrame":{"__uuid__":"83Rx34GwRPDZljw7iYtRf7"},"_isTrimmedMode":false}],"_prefab":{"__type__":"cc.PrefabInfo","root":{"__id__":1},"asset":{"__uuid__":"8eP5I27vtH6ZemVQbR0RRY"},"fileId":"1fV+OZEHJPuL8e8iA7pBTm"},"_contentSize":{"__type__":"cc.Size","width":25,"height":25},"_trs":{"__type__":"TypedArray","ctor":"Float64Array","array":[0,0,0,0,0,0,1,1,1,1]}},{"__type__":"cc.Node","_name":"oldPayPwInput","_parent":{"__id__":29},"_children":[{"__id__":35},{"__id__":37},{"__id__":39}],"_components":[{"__id__":41}],"_prefab":{"__type__":"cc.PrefabInfo","root":{"__id__":1},"asset":{"__uuid__":"8eP5I27vtH6ZemVQbR0RRY"},"fileId":"77JoYDWMFMaIF4Eh4j5RsO"},"_contentSize":{"__type__":"cc.Size","width":318.1,"height":52},"_trs":{"__type__":"TypedArray","ctor":"Float64Array","array":[0.8,17.14,0,0,0,0,1,1,1,1]}},{"__type__":"cc.Node","_name":"BACKGROUND_SPRITE","_parent":{"__id__":34},"_components":[{"__id__":36},{"__type__":"cc.Widget","node":{"__id__":35},"alignMode":0,"_alignFlags":45,"_originalWidth":160,"_originalHeight":40}],"_prefab":{"__type__":"cc.PrefabInfo","root":{"__id__":1},"asset":{"__uuid__":"8eP5I27vtH6ZemVQbR0RRY"},"fileId":"60vGp70OVFxacMrzp3R4Wl"},"_contentSize":{"__type__":"cc.Size","width":318.1,"height":52},"_trs":{"__type__":"TypedArray","ctor":"Float64Array","array":[0,0,0,0,0,0,1,1,1,1]}},{"__type__":"cc.Sprite","node":{"__id__":35},"_materials":[{"__uuid__":"ecpdLyjvZBwrvm+cedCcQy"}],"_spriteFrame":{"__uuid__":"b0kksSkW1G3IooN6KWoXvc"},"_type":1,"_sizeMode":0},{"__type__":"cc.Node","_name":"TEXT_LABEL","_parent":{"__id__":34},"_active":false,"_components":[{"__id__":38},{"__type__":"cc.Widget","node":{"__id__":37},"alignMode":0,"_alignFlags":45,"_left":2,"_originalWidth":158,"_originalHeight":40}],"_prefab":{"__type__":"cc.PrefabInfo","root":{"__id__":1},"asset":{"__uuid__":"8eP5I27vtH6ZemVQbR0RRY"},"fileId":"0egFdQEuJDTrdViKWfsfTh"},"_contentSize":{"__type__":"cc.Size","width":383,"height":59},"_anchorPoint":{"__type__":"cc.Vec2","y":1},"_trs":{"__type__":"TypedArray","ctor":"Float64Array","array":[-190,30,0,0,0,0,1,1,1,1]}},{"__type__":"cc.Label","node":{"__id__":37},"_fontSize":20,"_lineHeight":25,"_enableWrapText":false,"_N$verticalAlign":1,"_N$overflow":1},{"__type__":"cc.Node","_name":"PLACEHOLDER_LABEL","_parent":{"__id__":34},"_components":[{"__id__":40},{"__type__":"cc.Widget","node":{"__id__":39},"alignMode":0,"_alignFlags":45,"_left":2,"_originalWidth":158,"_originalHeight":40}],"_prefab":{"__type__":"cc.PrefabInfo","root":{"__id__":1},"asset":{"__uuid__":"8eP5I27vtH6ZemVQbR0RRY"},"fileId":"07DpRPac9IWpKYjgMaDrgT"},"_contentSize":{"__type__":"cc.Size","width":316.1,"height":52},"_anchorPoint":{"__type__":"cc.Vec2","y":1},"_trs":{"__type__":"TypedArray","ctor":"Float64Array","array":[-157.05,26,0,0,0,0,1,1,1,1]}},{"__type__":"cc.Label","node":{"__id__":39},"_materials":[{"__uuid__":"ecpdLyjvZBwrvm+cedCcQy"}],"_string":"  输入老密码","_N$string":"  输入老密码","_fontSize":16,"_lineHeight":25,"_enableWrapText":false,"_N$file":{"__uuid__":"6cdYiskGtJJYGqTveEBiCW"},"_isSystemFontUsed":false,"_N$verticalAlign":1,"_N$overflow":1},{"__type__":"cc.EditBox","node":{"__id__":34},"_useOriginalSize":false,"maxLength":8,"_N$textLabel":{"__id__":38},"_N$placeholderLabel":{"__id__":40},"_N$background":{"__id__":36},"_N$inputFlag":0,"_N$inputMode":6},{"__type__":"cc.Node","_name":"newPayPwInput","_parent":{"__id__":29},"_children":[{"__id__":43},{"__id__":45},{"__id__":47}],"_components":[{"__id__":49}],"_prefab":{"__type__":"cc.PrefabInfo","root":{"__id__":1},"asset":{"__uuid__":"8eP5I27vtH6ZemVQbR0RRY"},"fileId":"66X7IM22ZCNLtI9UUA53f5"},"_contentSize":{"__type__":"cc.Size","width":318.1,"height":52},"_trs":{"__type__":"TypedArray","ctor":"Float64Array","array":[0.8,-44.86,0,0,0,0,1,1,1,1]}},{"__type__":"cc.Node","_name":"BACKGROUND_SPRITE","_parent":{"__id__":42},"_components":[{"__id__":44},{"__type__":"cc.Widget","node":{"__id__":43},"alignMode":0,"_alignFlags":45,"_originalWidth":160,"_originalHeight":40}],"_prefab":{"__type__":"cc.PrefabInfo","root":{"__id__":1},"asset":{"__uuid__":"8eP5I27vtH6ZemVQbR0RRY"},"fileId":"1fxaHjpCRA9LC+jH/geidq"},"_contentSize":{"__type__":"cc.Size","width":318.1,"height":52},"_trs":{"__type__":"TypedArray","ctor":"Float64Array","array":[0,0,0,0,0,0,1,1,1,1]}},{"__type__":"cc.Sprite","node":{"__id__":43},"_materials":[{"__uuid__":"ecpdLyjvZBwrvm+cedCcQy"}],"_spriteFrame":{"__uuid__":"b0kksSkW1G3IooN6KWoXvc"},"_type":1,"_sizeMode":0},{"__type__":"cc.Node","_name":"TEXT_LABEL","_parent":{"__id__":42},"_active":false,"_components":[{"__id__":46},{"__type__":"cc.Widget","node":{"__id__":45},"alignMode":0,"_alignFlags":45,"_left":2,"_originalWidth":158,"_originalHeight":40}],"_prefab":{"__type__":"cc.PrefabInfo","root":{"__id__":1},"asset":{"__uuid__":"8eP5I27vtH6ZemVQbR0RRY"},"fileId":"caRTOePMRBJIlcBiKtF8VH"},"_contentSize":{"__type__":"cc.Size","width":383,"height":59},"_anchorPoint":{"__type__":"cc.Vec2","y":1},"_trs":{"__type__":"TypedArray","ctor":"Float64Array","array":[-190,30,0,0,0,0,1,1,1,1]}},{"__type__":"cc.Label","node":{"__id__":45},"_fontSize":20,"_lineHeight":25,"_enableWrapText":false,"_N$verticalAlign":1,"_N$overflow":1},{"__type__":"cc.Node","_name":"PLACEHOLDER_LABEL","_parent":{"__id__":42},"_components":[{"__id__":48},{"__type__":"cc.Widget","node":{"__id__":47},"alignMode":0,"_alignFlags":45,"_left":2,"_originalWidth":158,"_originalHeight":40}],"_prefab":{"__type__":"cc.PrefabInfo","root":{"__id__":1},"asset":{"__uuid__":"8eP5I27vtH6ZemVQbR0RRY"},"fileId":"21X6uGj4xIo6Abjpi++u4n"},"_contentSize":{"__type__":"cc.Size","width":316.1,"height":52},"_anchorPoint":{"__type__":"cc.Vec2","y":1},"_trs":{"__type__":"TypedArray","ctor":"Float64Array","array":[-157.05,26,0,0,0,0,1,1,1,1]}},{"__type__":"cc.Label","node":{"__id__":47},"_materials":[{"__uuid__":"ecpdLyjvZBwrvm+cedCcQy"}],"_string":"  输入新密码","_N$string":"  输入新密码","_fontSize":16,"_lineHeight":25,"_enableWrapText":false,"_N$file":{"__uuid__":"6cdYiskGtJJYGqTveEBiCW"},"_isSystemFontUsed":false,"_N$verticalAlign":1,"_N$overflow":1},{"__type__":"cc.EditBox","node":{"__id__":42},"_useOriginalSize":false,"maxLength":8,"_N$textLabel":{"__id__":46},"_N$placeholderLabel":{"__id__":48},"_N$background":{"__id__":44},"_N$inputFlag":0,"_N$inputMode":6}],{"__type__":"cc.SpriteFrame","content":{"name":"take_bake_btn","texture":"cfCpKgTV5PO4J+8KRBAv+M","rect":[637,259,25,25],"offset":[0,0],"originalSize":[25,25],"capInsets":[0,0,0,0]}},{"__type__":"cc.SpriteFrame","content":{"name":"input_bg","texture":"cfCpKgTV5PO4J+8KRBAv+M","rect":[243,500,14,13],"offset":[0,0],"originalSize":[14,13],"rotated":1,"capInsets":[5,3,4,2]}},{"__type__":"cc.SpriteFrame","content":{"name":"close_btn","texture":"ebmdEg3GZG5bu83hkMIeDJ","rect":[306,217,81,78],"offset":[0,0],"originalSize":[81,78],"capInsets":[0,0,0,0]}}]