[{"__type__":"cc.SpriteFrame","content":{"name":"select_info_bg","texture":"3dn4uZuXJLSqUYywI1ZTZy","rect":[861,2,154,67],"offset":[0,0],"originalSize":[154,67],"capInsets":[0,0,0,0]}},{"__type__":"cc.SpriteFrame","content":{"name":"heidi_jing","texture":"cfCpKgTV5PO4J+8KRBAv+M","rect":[280,496,19,20],"offset":[0,0],"originalSize":[19,20],"capInsets":[5,5,4,4]}},{"__type__":"cc.SpriteFrame","content":{"name":"start_game","texture":"3dn4uZuXJLSqUYywI1ZTZy","rect":[538,138,165,53],"offset":[0,0],"originalSize":[165,53],"capInsets":[0,0,0,0]}},{"__type__":"cc.SpriteFrame","content":{"name":"wangge","texture":"cfCpKgTV5PO4J+8KRBAv+M","rect":[504,444,50,48],"offset":[0,0],"originalSize":[50,48],"rotated":1,"capInsets":[2,2,2,2]}},{"__type__":"cc.SpriteFrame","content":{"name":"xian_icon","texture":"3dn4uZuXJLSqUYywI1ZTZy","rect":[735,522,40,40],"offset":[0,0],"originalSize":[40,40],"capInsets":[0,0,0,0]}},{"__type__":"cc.SpriteFrame","content":{"name":"statusBg","texture":"3dn4uZuXJLSqUYywI1ZTZy","rect":[2,309,139,43],"offset":[0,0],"originalSize":[139,43],"capInsets":[28,13,38,13]}},{"__type__":"cc.SpriteFrame","content":{"name":"circle_1","texture":"cfCpKgTV5PO4J+8KRBAv+M","rect":[684,94,44,44],"offset":[0,0],"originalSize":[44,44],"capInsets":[0,0,0,0]}},{"__type__":"cc.SpriteFrame","content":{"name":"cicle_icon_blue","texture":"3dn4uZuXJLSqUYywI1ZTZy","rect":[750,590,24,24],"offset":[0,0],"originalSize":[24,24],"capInsets":[0,0,0,0]}},{"__type__":"cc.SpriteFrame","content":{"name":"wang","texture":"e1yQmXXQ9O3bS0pzleANtn","rect":[831,1233,42,44],"offset":[0,0],"originalSize":[42,44],"rotated":1,"capInsets":[0,0,0,0]}},{"__type__":"cc.SpriteFrame","content":{"name":"default_sprite_splash","texture":"02delMVqdBD70a/HSD99FK","rect":[0,0,2,2],"offset":[0,0],"originalSize":[2,2],"capInsets":[0,0,0,0]}},[{"__type__":"cc.Prefab","_name":"LongHuItem","data":{"__id__":1}},{"__type__":"cc.Node","_name":"LongHuItem","_children":[{"__id__":2},{"__id__":3},{"__id__":5},{"__id__":7},{"__id__":9},{"__id__":11},{"__id__":13},{"__id__":15},{"__id__":16},{"__id__":18},{"__id__":22},{"__id__":23},{"__id__":29},{"__id__":46},{"__id__":48},{"__id__":50},{"__id__":52},{"__id__":54},{"__id__":55},{"__id__":56},{"__id__":58}],"_components":[{"__type__":"5b1a3jcjIpNvLMkCC0JyeW+","node":{"__id__":1},"gameTitleLab":{"__id__":4},"longHuLimit":{"__id__":6},"heLimit":{"__id__":8},"deskMoney":{"__id__":37},"totalMemberNum":{"__id__":33},"bootNumLab":{"__id__":41},"paveNumLab":{"__id__":45},"longLab":{"__id__":10},"heLab":{"__id__":12},"huLab":{"__id__":14},"cicleParent":{"__id__":19},"resultItem0":{"__id__":47},"resultParent0":{"__id__":46},"statusArray":[{"__id__":25},{"__id__":26},{"__id__":27},{"__id__":28}],"curStatusLab":{"__id__":57},"daYanZaiItem":{"__id__":49},"daYanZaiParent":{"__id__":48},"xiaoLuItem":{"__id__":51},"xiaoLuParent":{"__id__":50},"yueYouItem":{"__id__":53},"yueYouParent":{"__id__":52},"resultLab":{"__id__":59},"cicleItem":{"__id__":20}}],"_prefab":{"__type__":"cc.PrefabInfo","root":{"__id__":1},"asset":{"__uuid__":"c6Rj/0igRA+YivEEQgaRhq"},"fileId":"88WC+FVydGF6a4ChG3CUmI"},"_contentSize":{"__type__":"cc.Size","width":1117,"height":394},"_trs":{"__type__":"TypedArray","ctor":"Float64Array","array":[-4,-494.5,0,0,0,0,1,1,1,1]}},{"__type__":"cc.Node","_name":"bg","_parent":{"__id__":1},"_components":[{"__type__":"cc.Sprite","node":{"__id__":2},"_materials":[{"__uuid__":"ecpdLyjvZBwrvm+cedCcQy"}],"_spriteFrame":{"__uuid__":"16tX7abV5HFq3XNrbZ4bIQ"},"_type":1,"_sizeMode":0},{"__type__":"cc.Widget","node":{"__id__":2},"_alignFlags":45,"_left":-3.197442310920451e-14,"_right":8.000000000000032,"_originalWidth":1137,"_originalHeight":394}],"_prefab":{"__type__":"cc.PrefabInfo","root":{"__id__":1},"asset":{"__uuid__":"c6Rj/0igRA+YivEEQgaRhq"},"fileId":"951FPI+xdKPIcJsIqwLvYt"},"_contentSize":{"__type__":"cc.Size","width":1109,"height":394},"_trs":{"__type__":"TypedArray","ctor":"Float64Array","array":[-4,0,0,0,0,0,1,1,1,1]}},{"__type__":"cc.Node","_name":"gameTitleLab","_parent":{"__id__":1},"_components":[{"__id__":4},{"__type__":"cc.LabelOutline","node":{"__id__":3},"_color":{"__type__":"cc.Color","r":84,"g":140,"b":212},"_width":2}],"_prefab":{"__type__":"cc.PrefabInfo","root":{"__id__":1},"asset":{"__uuid__":"c6Rj/0igRA+YivEEQgaRhq"},"fileId":"3fw+SWcY1NmqUfr2qUUD2g"},"_contentSize":{"__type__":"cc.Size","width":130.3,"height":50.4},"_anchorPoint":{"__type__":"cc.Vec2","y":0.5},"_trs":{"__type__":"TypedArray","ctor":"Float64Array","array":[-548.532,159.977,0,0,0,0,1,1,1,1]}},{"__type__":"cc.Label","node":{"__id__":3},"_materials":[{"__uuid__":"ecpdLyjvZBwrvm+cedCcQy"}],"_useOriginalSize":false,"_string":"百家乐20","_N$string":"百家乐20","_fontSize":31,"_N$file":{"__uuid__":"a6GFdfihpIQY/CU35PyGmw"},"_isSystemFontUsed":false,"_N$horizontalAlign":1,"_N$verticalAlign":1,"_N$overflow":2},{"__type__":"cc.Node","_name":"longhuLimit","_parent":{"__id__":1},"_components":[{"__id__":6}],"_prefab":{"__type__":"cc.PrefabInfo","root":{"__id__":1},"asset":{"__uuid__":"c6Rj/0igRA+YivEEQgaRhq"},"fileId":"c82AKHL15NpKiEWYep5pBT"},"_contentSize":{"__type__":"cc.Size","width":248,"height":50},"_anchorPoint":{"__type__":"cc.Vec2","y":0.5},"_trs":{"__type__":"TypedArray","ctor":"Float64Array","array":[-206.921,160,0,0,0,0,1,1,1,1]}},{"__type__":"cc.Label","node":{"__id__":5},"_materials":[{"__uuid__":"ecpdLyjvZBwrvm+cedCcQy"}],"_useOriginalSize":false,"_string":"限红20~30000","_N$string":"限红20~30000","_fontSize":23,"_N$file":{"__uuid__":"a6GFdfihpIQY/CU35PyGmw"},"_isSystemFontUsed":false,"_N$verticalAlign":1,"_N$overflow":2},{"__type__":"cc.Node","_name":"heLimit","_parent":{"__id__":1},"_components":[{"__id__":8}],"_prefab":{"__type__":"cc.PrefabInfo","root":{"__id__":1},"asset":{"__uuid__":"c6Rj/0igRA+YivEEQgaRhq"},"fileId":"5etEjIwnBNyIGktuP/Iaoy"},"_contentSize":{"__type__":"cc.Size","width":248,"height":50},"_anchorPoint":{"__type__":"cc.Vec2","y":0.5},"_trs":{"__type__":"TypedArray","ctor":"Float64Array","array":[175.239,160,0,0,0,0,1,1,1,1]}},{"__type__":"cc.Label","node":{"__id__":7},"_materials":[{"__uuid__":"ecpdLyjvZBwrvm+cedCcQy"}],"_useOriginalSize":false,"_string":"限红20~30000","_N$string":"限红20~30000","_fontSize":23,"_N$file":{"__uuid__":"a6GFdfihpIQY/CU35PyGmw"},"_isSystemFontUsed":false,"_N$verticalAlign":1,"_N$overflow":2},{"__type__":"cc.Node","_name":"longLab","_parent":{"__id__":1},"_components":[{"__id__":10}],"_prefab":{"__type__":"cc.PrefabInfo","root":{"__id__":1},"asset":{"__uuid__":"c6Rj/0igRA+YivEEQgaRhq"},"fileId":"e2K1Kvb71E24Oqzo/wZzu0"},"_contentSize":{"__type__":"cc.Size","width":73.67,"height":50.4},"_anchorPoint":{"__type__":"cc.Vec2","y":0.5},"_trs":{"__type__":"TypedArray","ctor":"Float64Array","array":[-518.712,-175,0,0,0,0,1,1,1,1]}},{"__type__":"cc.Label","node":{"__id__":9},"_materials":[{"__uuid__":"ecpdLyjvZBwrvm+cedCcQy"}],"_useOriginalSize":false,"_string":"龙：42","_N$string":"龙：42","_fontSize":23,"_N$file":{"__uuid__":"a6GFdfihpIQY/CU35PyGmw"},"_isSystemFontUsed":false,"_N$horizontalAlign":1,"_N$verticalAlign":1},{"__type__":"cc.Node","_name":"heLab","_parent":{"__id__":1},"_components":[{"__id__":12}],"_prefab":{"__type__":"cc.PrefabInfo","root":{"__id__":1},"asset":{"__uuid__":"c6Rj/0igRA+YivEEQgaRhq"},"fileId":"8dT0lFOXNDHqiZlHpjwM4a"},"_contentSize":{"__type__":"cc.Size","width":60.02,"height":50.4},"_anchorPoint":{"__type__":"cc.Vec2","y":0.5},"_trs":{"__type__":"TypedArray","ctor":"Float64Array","array":[-153.684,-175,0,0,0,0,1,1,1,1]}},{"__type__":"cc.Label","node":{"__id__":11},"_materials":[{"__uuid__":"ecpdLyjvZBwrvm+cedCcQy"}],"_useOriginalSize":false,"_string":"和：1","_N$string":"和：1","_fontSize":23,"_N$file":{"__uuid__":"a6GFdfihpIQY/CU35PyGmw"},"_isSystemFontUsed":false,"_N$horizontalAlign":1,"_N$verticalAlign":1},{"__type__":"cc.Node","_name":"huLab","_parent":{"__id__":1},"_components":[{"__id__":14}],"_prefab":{"__type__":"cc.PrefabInfo","root":{"__id__":1},"asset":{"__uuid__":"c6Rj/0igRA+YivEEQgaRhq"},"fileId":"c2EuTCMdtFkpNdvf9jngU2"},"_contentSize":{"__type__":"cc.Size","width":73.85,"height":50.4},"_anchorPoint":{"__type__":"cc.Vec2","y":0.5},"_trs":{"__type__":"TypedArray","ctor":"Float64Array","array":[162.355,-175,0,0,0,0,1,1,1,1]}},{"__type__":"cc.Label","node":{"__id__":13},"_materials":[{"__uuid__":"ecpdLyjvZBwrvm+cedCcQy"}],"_useOriginalSize":false,"_string":"虎：34","_N$string":"虎：34","_fontSize":23,"_N$file":{"__uuid__":"a6GFdfihpIQY/CU35PyGmw"},"_isSystemFontUsed":false,"_N$horizontalAlign":1,"_N$verticalAlign":1},{"__type__":"cc.Node","_name":"wanggeBG","_parent":{"__id__":1},"_components":[{"__type__":"cc.Sprite","node":{"__id__":15},"_materials":[{"__uuid__":"ecpdLyjvZBwrvm+cedCcQy"}],"_srcBlendFactor":1,"_dstBlendFactor":770,"_spriteFrame":{"__uuid__":"98gk4ePWlCzIYUoClXVrwS"},"_type":2,"_sizeMode":0}],"_prefab":{"__type__":"cc.PrefabInfo","root":{"__id__":1},"asset":{"__uuid__":"c6Rj/0igRA+YivEEQgaRhq"},"fileId":"53jJ8TEvhH2olK2kUSb0yv"},"_contentSize":{"__type__":"cc.Size","width":294,"height":264},"_trs":{"__type__":"TypedArray","ctor":"Float64Array","array":[-249.859,0,0,0,0,0,1,1,1,1]}},{"__type__":"cc.Node","_name":"bottom_wangge","_parent":{"__id__":1},"_children":[{"__id__":17}],"_components":[{"__type__":"cc.Sprite","node":{"__id__":16},"_materials":[{"__uuid__":"ecpdLyjvZBwrvm+cedCcQy"}],"_spriteFrame":{"__uuid__":"98gk4ePWlCzIYUoClXVrwS"},"_type":2,"_sizeMode":0}],"_prefab":{"__type__":"cc.PrefabInfo","root":{"__id__":1},"asset":{"__uuid__":"c6Rj/0igRA+YivEEQgaRhq"},"fileId":"0bAqkN6NxJx5UOor2uPPfE"},"_contentSize":{"__type__":"cc.Size","width":1180,"height":264},"_anchorPoint":{"__type__":"cc.Vec2","y":0.47},"_trs":{"__type__":"TypedArray","ctor":"Float64Array","array":[-102.864,-70.073,0,0,0,0,1,0.55,0.5,1]}},{"__type__":"cc.Node","_name":"bottom_wangge","_parent":{"__id__":16},"_components":[{"__type__":"cc.Sprite","node":{"__id__":17},"_materials":[{"__uuid__":"ecpdLyjvZBwrvm+cedCcQy"}],"_spriteFrame":{"__uuid__":"98gk4ePWlCzIYUoClXVrwS"},"_type":2,"_sizeMode":0}],"_prefab":{"__type__":"cc.PrefabInfo","root":{"__id__":1},"asset":{"__uuid__":"c6Rj/0igRA+YivEEQgaRhq"},"fileId":"12yPdx2QZL/Yaf3DJxqT5A"},"_contentSize":{"__type__":"cc.Size","width":1180,"height":264},"_anchorPoint":{"__type__":"cc.Vec2","y":0.47},"_trs":{"__type__":"TypedArray","ctor":"Float64Array","array":[0,264.726,0,0,0,0,1,1,1,1]}},{"__type__":"cc.Node","_name":"wangge","_parent":{"__id__":1},"_children":[{"__id__":19}],"_components":[{"__type__":"cc.Sprite","node":{"__id__":18},"_enabled":false,"_materials":[{"__uuid__":"ecpdLyjvZBwrvm+cedCcQy"}],"_spriteFrame":{"__uuid__":"3dZQjm3ClIDovByS33DD5W"},"_type":2,"_sizeMode":0}],"_prefab":{"__type__":"cc.PrefabInfo","root":{"__id__":1},"asset":{"__uuid__":"c6Rj/0igRA+YivEEQgaRhq"},"fileId":"bdfs5n5ZBA3LpeIQsdCeel"},"_contentSize":{"__type__":"cc.Size","width":1399.6,"height":288},"_trs":{"__type__":"TypedArray","ctor":"Float64Array","array":[220.154,66.778,0,0,0,0,1,0.46,0.463,0.46]}},{"__type__":"cc.Node","_name":"layout","_parent":{"__id__":18},"_children":[{"__id__":20}],"_components":[{"__type__":"cc.Widget","node":{"__id__":19},"_alignFlags":45},{"__type__":"cc.Layout","node":{"__id__":19},"_layoutSize":{"__type__":"cc.Size","width":839.758320483359,"height":172.7996544006912},"_resize":2,"_N$layoutType":3,"_N$cellSize":{"__type__":"cc.Size","width":25,"height":25},"_N$startAxis":1,"_N$paddingLeft":2,"_N$paddingTop":2,"_N$spacingX":5,"_N$spacingY":3.8}],"_prefab":{"__type__":"cc.PrefabInfo","root":{"__id__":1},"asset":{"__uuid__":"c6Rj/0igRA+YivEEQgaRhq"},"fileId":"92KJrQQRRNW7PE/s8ffATd"},"_contentSize":{"__type__":"cc.Size","width":839.758320483359,"height":172.7996544006912},"_trs":{"__type__":"TypedArray","ctor":"Float64Array","array":[0,0,0,0,0,0,1,1.66667,1.66667,1.66667]}},{"__type__":"cc.Node","_name":"cicle","_parent":{"__id__":19},"_children":[{"__id__":21}],"_components":[{"__type__":"cc.Sprite","node":{"__id__":20},"_materials":[{"__uuid__":"ecpdLyjvZBwrvm+cedCcQy"}],"_sizeMode":0}],"_prefab":{"__type__":"cc.PrefabInfo","root":{"__id__":1},"asset":{"__uuid__":"c6Rj/0igRA+YivEEQgaRhq"},"fileId":"4d3w/TKbFOAZtCRuOmD19U"},"_contentSize":{"__type__":"cc.Size","width":25,"height":25},"_trs":{"__type__":"TypedArray","ctor":"Float64Array","array":[-405.3791602416795,71.8998272003456,0,0,0,0,1,1,1,1]}},{"__type__":"cc.Node","_name":"label","_parent":{"__id__":20},"_components":[{"__type__":"cc.Label","node":{"__id__":21},"_materials":[{"__uuid__":"ecpdLyjvZBwrvm+cedCcQy"}],"_useOriginalSize":false,"_fontSize":20,"_lineHeight":20,"_N$horizontalAlign":1,"_N$verticalAlign":1,"_N$overflow":2}],"_prefab":{"__type__":"cc.PrefabInfo","root":{"__id__":1},"asset":{"__uuid__":"c6Rj/0igRA+YivEEQgaRhq"},"fileId":"d5V+70ioNAaLj1h1tEnfdP"},"_color":{"__type__":"cc.Color"},"_contentSize":{"__type__":"cc.Size","width":18.4,"height":25.2},"_trs":{"__type__":"TypedArray","ctor":"Float64Array","array":[-0.2,0,0,0,0,0,1,1,1,1]}},{"__type__":"cc.Node","_name":"wangge copy","_parent":{"__id__":1},"_components":[{"__type__":"cc.Sprite","node":{"__id__":22},"_enabled":false,"_materials":[{"__uuid__":"ecpdLyjvZBwrvm+cedCcQy"}],"_spriteFrame":{"__uuid__":"3dZQjm3ClIDovByS33DD5W"},"_type":2,"_sizeMode":0}],"_prefab":{"__type__":"cc.PrefabInfo","root":{"__id__":1},"asset":{"__uuid__":"c6Rj/0igRA+YivEEQgaRhq"},"fileId":"a3c4LxlcNC7LsXJFzuxXgV"},"_contentSize":{"__type__":"cc.Size","width":1399.6,"height":288},"_trs":{"__type__":"TypedArray","ctor":"Float64Array","array":[216.094,-68.969,0,0,0,0,1,0.46,0.463,0.46]}},{"__type__":"cc.Node","_name":"statusBg","_parent":{"__id__":1},"_children":[{"__id__":24},{"__id__":25},{"__id__":26},{"__id__":27},{"__id__":28}],"_components":[{"__type__":"cc.Sprite","node":{"__id__":23},"_materials":[{"__uuid__":"ecpdLyjvZBwrvm+cedCcQy"}],"_spriteFrame":{"__uuid__":"4fuQsDfXFMqKzg9cfRYpDY"}}],"_prefab":{"__type__":"cc.PrefabInfo","root":{"__id__":1},"asset":{"__uuid__":"c6Rj/0igRA+YivEEQgaRhq"},"fileId":"efvU5AszxAdJzA+g0n8Z1B"},"_contentSize":{"__type__":"cc.Size","width":139,"height":43},"_trs":{"__type__":"TypedArray","ctor":"Float64Array","array":[-326.305,159.635,0,0,0,0,1,1,1,1]}},{"__type__":"cc.Node","_name":"remainTimeLab","_parent":{"__id__":23},"_active":false,"_components":[{"__type__":"cc.Label","node":{"__id__":24},"_materials":[{"__uuid__":"ecpdLyjvZBwrvm+cedCcQy"}],"_useOriginalSize":false,"_string":"24","_N$string":"24","_fontSize":23,"_lineHeight":30,"_N$file":{"__uuid__":"a6GFdfihpIQY/CU35PyGmw"},"_isSystemFontUsed":false,"_N$horizontalAlign":1,"_N$verticalAlign":1}],"_prefab":{"__type__":"cc.PrefabInfo","root":{"__id__":1},"asset":{"__uuid__":"c6Rj/0igRA+YivEEQgaRhq"},"fileId":"631Z70mP5P/LlgikLzj8dJ"},"_contentSize":{"__type__":"cc.Size","width":27.67,"height":37.8},"_anchorPoint":{"__type__":"cc.Vec2","y":0.5},"_trs":{"__type__":"TypedArray","ctor":"Float64Array","array":[6.276,-0.251,0,0,0,0,1,1,1,1]}},{"__type__":"cc.Node","_name":"statusLab_1","_parent":{"__id__":23},"_components":[{"__type__":"cc.Label","node":{"__id__":25},"_materials":[{"__uuid__":"ecpdLyjvZBwrvm+cedCcQy"}],"_useOriginalSize":false,"_string":"待 开 牌","_N$string":"待 开 牌","_fontSize":23,"_lineHeight":25,"_N$file":{"__uuid__":"a6GFdfihpIQY/CU35PyGmw"},"_isSystemFontUsed":false,"_N$horizontalAlign":1,"_N$verticalAlign":1}],"_prefab":{"__type__":"cc.PrefabInfo","root":{"__id__":1},"asset":{"__uuid__":"c6Rj/0igRA+YivEEQgaRhq"},"fileId":"3dj9sQcdRAz78ZMMj5v2im"},"_color":{"__type__":"cc.Color","r":107,"g":199,"b":90},"_contentSize":{"__type__":"cc.Size","width":81.76,"height":31.5},"_anchorPoint":{"__type__":"cc.Vec2","x":0.6,"y":0.5},"_trs":{"__type__":"TypedArray","ctor":"Float64Array","array":[5.707,0,0,0,0,0,1,1,1,1]}},{"__type__":"cc.Node","_name":"statusLab_2","_parent":{"__id__":23},"_components":[{"__type__":"cc.Label","node":{"__id__":26},"_materials":[{"__uuid__":"ecpdLyjvZBwrvm+cedCcQy"}],"_useOriginalSize":false,"_string":"已 完 结","_N$string":"已 完 结","_fontSize":23,"_lineHeight":25,"_N$file":{"__uuid__":"a6GFdfihpIQY/CU35PyGmw"},"_isSystemFontUsed":false,"_N$horizontalAlign":1,"_N$verticalAlign":1}],"_prefab":{"__type__":"cc.PrefabInfo","root":{"__id__":1},"asset":{"__uuid__":"c6Rj/0igRA+YivEEQgaRhq"},"fileId":"60ES0aRuBNiqPoPpCYASl3"},"_color":{"__type__":"cc.Color","r":255,"g":158,"b":20},"_contentSize":{"__type__":"cc.Size","width":81.76,"height":31.5},"_anchorPoint":{"__type__":"cc.Vec2","x":0.6,"y":0.5},"_trs":{"__type__":"TypedArray","ctor":"Float64Array","array":[5.707,0,0,0,0,0,1,1,1,1]}},{"__type__":"cc.Node","_name":"statusLab_3","_parent":{"__id__":23},"_components":[{"__type__":"cc.Label","node":{"__id__":27},"_materials":[{"__uuid__":"ecpdLyjvZBwrvm+cedCcQy"}],"_useOriginalSize":false,"_string":"洗 牌 中","_N$string":"洗 牌 中","_fontSize":23,"_lineHeight":25,"_N$file":{"__uuid__":"a6GFdfihpIQY/CU35PyGmw"},"_isSystemFontUsed":false,"_N$horizontalAlign":1,"_N$verticalAlign":1}],"_prefab":{"__type__":"cc.PrefabInfo","root":{"__id__":1},"asset":{"__uuid__":"c6Rj/0igRA+YivEEQgaRhq"},"fileId":"30swaEd11LtpHp5QxUP8BG"},"_contentSize":{"__type__":"cc.Size","width":81.76,"height":31.5},"_anchorPoint":{"__type__":"cc.Vec2","x":0.6,"y":0.5},"_trs":{"__type__":"TypedArray","ctor":"Float64Array","array":[5.707,0,0,0,0,0,1,1,1,1]}},{"__type__":"cc.Node","_name":"statusLab_4","_parent":{"__id__":23},"_components":[{"__type__":"cc.Label","node":{"__id__":28},"_materials":[{"__uuid__":"ecpdLyjvZBwrvm+cedCcQy"}],"_useOriginalSize":false,"_string":"请 下 注","_N$string":"请 下 注","_fontSize":23,"_lineHeight":25,"_N$file":{"__uuid__":"a6GFdfihpIQY/CU35PyGmw"},"_isSystemFontUsed":false,"_N$horizontalAlign":1,"_N$verticalAlign":1}],"_prefab":{"__type__":"cc.PrefabInfo","root":{"__id__":1},"asset":{"__uuid__":"c6Rj/0igRA+YivEEQgaRhq"},"fileId":"7dPrjeznJJiLuC+rKIYxKe"},"_color":{"__type__":"cc.Color","r":255,"b":3},"_contentSize":{"__type__":"cc.Size","width":81.76,"height":31.5},"_anchorPoint":{"__type__":"cc.Vec2","x":0.6,"y":0.5},"_trs":{"__type__":"TypedArray","ctor":"Float64Array","array":[5.707,0,0,0,0,0,1,1,1,1]}},{"__type__":"cc.Node","_name":"New Layout","_parent":{"__id__":1},"_children":[{"__id__":30},{"__id__":34},{"__id__":38},{"__id__":42}],"_components":[{"__type__":"cc.Layout","node":{"__id__":29},"_layoutSize":{"__type__":"cc.Size","width":161.7,"height":273.9},"_N$layoutType":2,"_N$spacingY":2}],"_prefab":{"__type__":"cc.PrefabInfo","root":{"__id__":1},"asset":{"__uuid__":"c6Rj/0igRA+YivEEQgaRhq"},"fileId":"5a/tYmajRF6qViGSCjkGha"},"_contentSize":{"__type__":"cc.Size","width":161.7,"height":273.9},"_trs":{"__type__":"TypedArray","ctor":"Float64Array","array":[-476.4,-3.415,0,0,0,0,1,1,1,1]}},{"__type__":"cc.Node","_name":"totlePeopleNode","_parent":{"__id__":29},"_children":[{"__id__":31},{"__id__":32}],"_components":[{"__type__":"cc.Sprite","node":{"__id__":30},"_materials":[{"__uuid__":"ecpdLyjvZBwrvm+cedCcQy"}],"_spriteFrame":{"__uuid__":"0eQjtdiHhCHrgBeJQEE6dK"}}],"_prefab":{"__type__":"cc.PrefabInfo","root":{"__id__":1},"asset":{"__uuid__":"c6Rj/0igRA+YivEEQgaRhq"},"fileId":"6eJINkpTZL6Y3YqyxohnJi"},"_contentSize":{"__type__":"cc.Size","width":154,"height":67},"_trs":{"__type__":"TypedArray","ctor":"Float64Array","array":[0.025,103.44999999999999,0,0,0,0,1,1,1,1]}},{"__type__":"cc.Node","_name":"totalNumTitle","_parent":{"__id__":30},"_components":[{"__type__":"cc.Label","node":{"__id__":31},"_materials":[{"__uuid__":"ecpdLyjvZBwrvm+cedCcQy"}],"_useOriginalSize":false,"_string":"总人数","_N$string":"总人数","_fontSize":16,"_lineHeight":25,"_N$file":{"__uuid__":"a6GFdfihpIQY/CU35PyGmw"},"_isSystemFontUsed":false,"_N$horizontalAlign":1,"_N$verticalAlign":1}],"_prefab":{"__type__":"cc.PrefabInfo","root":{"__id__":1},"asset":{"__uuid__":"c6Rj/0igRA+YivEEQgaRhq"},"fileId":"0csOIH53BHA52l52etSToF"},"_color":{"__type__":"cc.Color","r":137,"g":115,"b":99},"_contentSize":{"__type__":"cc.Size","width":48,"height":31.5},"_trs":{"__type__":"TypedArray","ctor":"Float64Array","array":[0,15.384,0,0,0,0,1,1,1,1]}},{"__type__":"cc.Node","_name":"totalNum","_parent":{"__id__":30},"_components":[{"__id__":33}],"_prefab":{"__type__":"cc.PrefabInfo","root":{"__id__":1},"asset":{"__uuid__":"c6Rj/0igRA+YivEEQgaRhq"},"fileId":"b7CW/5k7hPMIYvA3XrHHy7"},"_color":{"__type__":"cc.Color","r":52,"g":20,"b":6},"_contentSize":{"__type__":"cc.Size","width":37.5,"height":31.5},"_trs":{"__type__":"TypedArray","ctor":"Float64Array","array":[2.246,-8.763,0,0,0,0,1,1,1,1]}},{"__type__":"cc.Label","node":{"__id__":32},"_materials":[{"__uuid__":"ecpdLyjvZBwrvm+cedCcQy"}],"_useOriginalSize":false,"_string":"251","_N$string":"251","_fontSize":20,"_lineHeight":25,"_N$file":{"__uuid__":"3c/Hw06lFKr5Az+7B7U5hM"},"_isSystemFontUsed":false,"_N$horizontalAlign":1,"_N$verticalAlign":1},{"__type__":"cc.Node","_name":"deskMoneyNode","_parent":{"__id__":29},"_children":[{"__id__":35},{"__id__":36}],"_components":[{"__type__":"cc.Sprite","node":{"__id__":34},"_materials":[{"__uuid__":"ecpdLyjvZBwrvm+cedCcQy"}],"_spriteFrame":{"__uuid__":"0eQjtdiHhCHrgBeJQEE6dK"}}],"_prefab":{"__type__":"cc.PrefabInfo","root":{"__id__":1},"asset":{"__uuid__":"c6Rj/0igRA+YivEEQgaRhq"},"fileId":"438NuZ/g5JYrVsEgPIyffy"},"_contentSize":{"__type__":"cc.Size","width":154,"height":67},"_trs":{"__type__":"TypedArray","ctor":"Float64Array","array":[0.025,34.44999999999999,0,0,0,0,1,1,1,1]}},{"__type__":"cc.Node","_name":"deskMoneyTitle","_parent":{"__id__":34},"_components":[{"__type__":"cc.Label","node":{"__id__":35},"_materials":[{"__uuid__":"ecpdLyjvZBwrvm+cedCcQy"}],"_useOriginalSize":false,"_string":"桌上筹码","_N$string":"桌上筹码","_fontSize":16,"_lineHeight":25,"_N$file":{"__uuid__":"a6GFdfihpIQY/CU35PyGmw"},"_isSystemFontUsed":false,"_N$horizontalAlign":1,"_N$verticalAlign":1}],"_prefab":{"__type__":"cc.PrefabInfo","root":{"__id__":1},"asset":{"__uuid__":"c6Rj/0igRA+YivEEQgaRhq"},"fileId":"428DeQ6B1LJrNNCdHJjC2P"},"_color":{"__type__":"cc.Color","r":137,"g":115,"b":99},"_contentSize":{"__type__":"cc.Size","width":64,"height":31.5},"_trs":{"__type__":"TypedArray","ctor":"Float64Array","array":[0,15.384,0,0,0,0,1,1,1,1]}},{"__type__":"cc.Node","_name":"deskMoney","_parent":{"__id__":34},"_components":[{"__id__":37}],"_prefab":{"__type__":"cc.PrefabInfo","root":{"__id__":1},"asset":{"__uuid__":"c6Rj/0igRA+YivEEQgaRhq"},"fileId":"5eaGj7X2hEfYzs3r3dQG4r"},"_color":{"__type__":"cc.Color","r":52,"g":20,"b":6},"_contentSize":{"__type__":"cc.Size","width":37.5,"height":31.5},"_trs":{"__type__":"TypedArray","ctor":"Float64Array","array":[2.246,-8.763,0,0,0,0,1,1,1,1]}},{"__type__":"cc.Label","node":{"__id__":36},"_materials":[{"__uuid__":"ecpdLyjvZBwrvm+cedCcQy"}],"_useOriginalSize":false,"_string":"251","_N$string":"251","_fontSize":20,"_lineHeight":25,"_N$file":{"__uuid__":"3c/Hw06lFKr5Az+7B7U5hM"},"_isSystemFontUsed":false,"_N$horizontalAlign":1,"_N$verticalAlign":1},{"__type__":"cc.Node","_name":"bootNode","_parent":{"__id__":29},"_children":[{"__id__":39},{"__id__":40}],"_components":[{"__type__":"cc.Sprite","node":{"__id__":38},"_materials":[{"__uuid__":"ecpdLyjvZBwrvm+cedCcQy"}],"_spriteFrame":{"__uuid__":"0eQjtdiHhCHrgBeJQEE6dK"}}],"_prefab":{"__type__":"cc.PrefabInfo","root":{"__id__":1},"asset":{"__uuid__":"c6Rj/0igRA+YivEEQgaRhq"},"fileId":"01PThXGE5DNbVYWpkSFDLF"},"_contentSize":{"__type__":"cc.Size","width":154,"height":67},"_trs":{"__type__":"TypedArray","ctor":"Float64Array","array":[0.025,-34.55000000000001,0,0,0,0,1,1,1,1]}},{"__type__":"cc.Node","_name":"bootTitle","_parent":{"__id__":38},"_components":[{"__type__":"cc.Label","node":{"__id__":39},"_materials":[{"__uuid__":"ecpdLyjvZBwrvm+cedCcQy"}],"_useOriginalSize":false,"_string":"靴次","_N$string":"靴次","_fontSize":16,"_lineHeight":25,"_N$file":{"__uuid__":"a6GFdfihpIQY/CU35PyGmw"},"_isSystemFontUsed":false,"_N$horizontalAlign":1,"_N$verticalAlign":1}],"_prefab":{"__type__":"cc.PrefabInfo","root":{"__id__":1},"asset":{"__uuid__":"c6Rj/0igRA+YivEEQgaRhq"},"fileId":"c4LHYaighI2puoBJVu4CZX"},"_color":{"__type__":"cc.Color","r":137,"g":115,"b":99},"_contentSize":{"__type__":"cc.Size","width":32,"height":31.5},"_trs":{"__type__":"TypedArray","ctor":"Float64Array","array":[0,15.384,0,0,0,0,1,1,1,1]}},{"__type__":"cc.Node","_name":"bootNum","_parent":{"__id__":38},"_components":[{"__id__":41}],"_prefab":{"__type__":"cc.PrefabInfo","root":{"__id__":1},"asset":{"__uuid__":"c6Rj/0igRA+YivEEQgaRhq"},"fileId":"2bqECSOcBNYoFw9io8Pmkt"},"_color":{"__type__":"cc.Color","r":52,"g":20,"b":6},"_contentSize":{"__type__":"cc.Size","width":37.5,"height":31.5},"_trs":{"__type__":"TypedArray","ctor":"Float64Array","array":[2.246,-8.763,0,0,0,0,1,1,1,1]}},{"__type__":"cc.Label","node":{"__id__":40},"_materials":[{"__uuid__":"ecpdLyjvZBwrvm+cedCcQy"}],"_useOriginalSize":false,"_string":"251","_N$string":"251","_fontSize":20,"_lineHeight":25,"_N$file":{"__uuid__":"3c/Hw06lFKr5Az+7B7U5hM"},"_isSystemFontUsed":false,"_N$horizontalAlign":1,"_N$verticalAlign":1},{"__type__":"cc.Node","_name":"paveNode","_parent":{"__id__":29},"_children":[{"__id__":43},{"__id__":44}],"_components":[{"__type__":"cc.Sprite","node":{"__id__":42},"_materials":[{"__uuid__":"ecpdLyjvZBwrvm+cedCcQy"}],"_spriteFrame":{"__uuid__":"0eQjtdiHhCHrgBeJQEE6dK"}}],"_prefab":{"__type__":"cc.PrefabInfo","root":{"__id__":1},"asset":{"__uuid__":"c6Rj/0igRA+YivEEQgaRhq"},"fileId":"5bTaBk0dlEnqgHdXs8zZ4O"},"_contentSize":{"__type__":"cc.Size","width":154,"height":67},"_trs":{"__type__":"TypedArray","ctor":"Float64Array","array":[0.025,-103.55000000000001,0,0,0,0,1,1,1,1]}},{"__type__":"cc.Node","_name":"paveTitle","_parent":{"__id__":42},"_components":[{"__type__":"cc.Label","node":{"__id__":43},"_materials":[{"__uuid__":"ecpdLyjvZBwrvm+cedCcQy"}],"_useOriginalSize":false,"_string":"铺次","_N$string":"铺次","_fontSize":16,"_lineHeight":25,"_N$file":{"__uuid__":"a6GFdfihpIQY/CU35PyGmw"},"_isSystemFontUsed":false,"_N$horizontalAlign":1,"_N$verticalAlign":1}],"_prefab":{"__type__":"cc.PrefabInfo","root":{"__id__":1},"asset":{"__uuid__":"c6Rj/0igRA+YivEEQgaRhq"},"fileId":"41NjzwoWNCWJOcGVKQK3rH"},"_color":{"__type__":"cc.Color","r":137,"g":115,"b":99},"_contentSize":{"__type__":"cc.Size","width":32,"height":31.5},"_trs":{"__type__":"TypedArray","ctor":"Float64Array","array":[0,15.384,0,0,0,0,1,1,1,1]}},{"__type__":"cc.Node","_name":"paveNum","_parent":{"__id__":42},"_components":[{"__id__":45}],"_prefab":{"__type__":"cc.PrefabInfo","root":{"__id__":1},"asset":{"__uuid__":"c6Rj/0igRA+YivEEQgaRhq"},"fileId":"4anilpscNK8Zg/yk5rtgyh"},"_color":{"__type__":"cc.Color","r":52,"g":20,"b":6},"_contentSize":{"__type__":"cc.Size","width":37.5,"height":31.5},"_trs":{"__type__":"TypedArray","ctor":"Float64Array","array":[2.246,-8.763,0,0,0,0,1,1,1,1]}},{"__type__":"cc.Label","node":{"__id__":44},"_materials":[{"__uuid__":"ecpdLyjvZBwrvm+cedCcQy"}],"_useOriginalSize":false,"_string":"251","_N$string":"251","_fontSize":20,"_lineHeight":25,"_N$file":{"__uuid__":"3c/Hw06lFKr5Az+7B7U5hM"},"_isSystemFontUsed":false,"_N$horizontalAlign":1,"_N$verticalAlign":1},{"__type__":"cc.Node","_name":"wangge0","_parent":{"__id__":1},"_children":[{"__id__":47}],"_components":[{"__type__":"cc.Layout","node":{"__id__":46},"_layoutSize":{"__type__":"cc.Size","width":293,"height":269},"_resize":2,"_N$layoutType":3,"_N$cellSize":{"__type__":"cc.Size","width":37,"height":37},"_N$startAxis":1,"_N$paddingLeft":5,"_N$paddingTop":4,"_N$spacingX":5,"_N$spacingY":8},{"__type__":"cc.Mask","node":{"__id__":46},"_materials":[{"__uuid__":"ecpdLyjvZBwrvm+cedCcQy"}]}],"_prefab":{"__type__":"cc.PrefabInfo","root":{"__id__":1},"asset":{"__uuid__":"c6Rj/0igRA+YivEEQgaRhq"},"fileId":"a46DtCPmZILpEPdzlR9BJ9"},"_contentSize":{"__type__":"cc.Size","width":293,"height":269},"_trs":{"__type__":"TypedArray","ctor":"Float64Array","array":[-254,-2,0,0,0,0,1,1,1,1]}},{"__type__":"cc.Node","_name":"item","_parent":{"__id__":46},"_active":false,"_components":[{"__type__":"cc.Sprite","node":{"__id__":47},"_materials":[{"__uuid__":"ecpdLyjvZBwrvm+cedCcQy"}],"_spriteFrame":{"__uuid__":"4bmWy89+5C752P83ZhqPta"},"_sizeMode":0}],"_prefab":{"__type__":"cc.PrefabInfo","root":{"__id__":1},"asset":{"__uuid__":"c6Rj/0igRA+YivEEQgaRhq"},"fileId":"c9pXYNOVFL2pDHQ91llAvg"},"_contentSize":{"__type__":"cc.Size","width":37,"height":37},"_trs":{"__type__":"TypedArray","ctor":"Float64Array","array":[-123,112,0,0,0,0,1,1,1,1]}},{"__type__":"cc.Node","_name":"da_yan_zai_Layout","_parent":{"__id__":1},"_children":[{"__id__":49}],"_components":[{"__type__":"cc.Layout","node":{"__id__":48},"_layoutSize":{"__type__":"cc.Size","width":643,"height":66.7},"_resize":2,"_N$layoutType":3,"_N$cellSize":{"__type__":"cc.Size","width":9,"height":9},"_N$startAxis":1,"_N$paddingLeft":1,"_N$paddingTop":1.5,"_N$spacingX":2.5,"_N$spacingY":2}],"_prefab":{"__type__":"cc.PrefabInfo","root":{"__id__":1},"asset":{"__uuid__":"c6Rj/0igRA+YivEEQgaRhq"},"fileId":"14RhA1S+FDM6NBt+7X+uKB"},"_contentSize":{"__type__":"cc.Size","width":643,"height":66.7},"_trs":{"__type__":"TypedArray","ctor":"Float64Array","array":[220.379,-34.847,0,0,0,0,1,1,1,1]}},{"__type__":"cc.Node","_name":"item","_parent":{"__id__":48},"_active":false,"_components":[{"__type__":"cc.Sprite","node":{"__id__":49},"_materials":[{"__uuid__":"ecpdLyjvZBwrvm+cedCcQy"}],"_spriteFrame":{"__uuid__":"6cDrsSLWZMbYWr4Uo6oHrY"},"_sizeMode":0}],"_prefab":{"__type__":"cc.PrefabInfo","root":{"__id__":1},"asset":{"__uuid__":"c6Rj/0igRA+YivEEQgaRhq"},"fileId":"45OyNUeDxEkId4XYfPKfvY"},"_contentSize":{"__type__":"cc.Size","width":9,"height":9},"_trs":{"__type__":"TypedArray","ctor":"Float64Array","array":[-316,27.35,0,0,0,0,1,1,1,1]}},{"__type__":"cc.Node","_name":"xiaoluLayout","_parent":{"__id__":1},"_children":[{"__id__":51}],"_components":[{"__type__":"cc.Layout","node":{"__id__":50},"_layoutSize":{"__type__":"cc.Size","width":321.9,"height":66.7},"_resize":2,"_N$layoutType":3,"_N$cellSize":{"__type__":"cc.Size","width":9,"height":9},"_N$startAxis":1,"_N$paddingLeft":1,"_N$paddingTop":1.5,"_N$spacingX":2.5,"_N$spacingY":2}],"_prefab":{"__type__":"cc.PrefabInfo","root":{"__id__":1},"asset":{"__uuid__":"c6Rj/0igRA+YivEEQgaRhq"},"fileId":"ad+LNPjo9Hj4RRmj3kspdA"},"_contentSize":{"__type__":"cc.Size","width":321.9,"height":66.7},"_trs":{"__type__":"TypedArray","ctor":"Float64Array","array":[59.879,-101.647,0,0,0,0,1,1,1,1]}},{"__type__":"cc.Node","_name":"item","_parent":{"__id__":50},"_active":false,"_components":[{"__type__":"cc.Sprite","node":{"__id__":51},"_materials":[{"__uuid__":"ecpdLyjvZBwrvm+cedCcQy"}],"_spriteFrame":{"__uuid__":"96MFaZ9XhMQ6KVCEqtyspX"},"_sizeMode":0}],"_prefab":{"__type__":"cc.PrefabInfo","root":{"__id__":1},"asset":{"__uuid__":"c6Rj/0igRA+YivEEQgaRhq"},"fileId":"955fIetOZD2aPrpc4t2Geq"},"_contentSize":{"__type__":"cc.Size","width":9,"height":9},"_trs":{"__type__":"TypedArray","ctor":"Float64Array","array":[-155.45,27.35,0,0,0,0,1,1,1,1]}},{"__type__":"cc.Node","_name":"yueyouLayout","_parent":{"__id__":1},"_children":[{"__id__":53}],"_components":[{"__type__":"cc.Layout","node":{"__id__":52},"_layoutSize":{"__type__":"cc.Size","width":321.9,"height":66.7},"_resize":2,"_N$layoutType":3,"_N$cellSize":{"__type__":"cc.Size","width":9,"height":9},"_N$startAxis":1,"_N$paddingLeft":1,"_N$paddingTop":1.5,"_N$spacingX":2.5,"_N$spacingY":2}],"_prefab":{"__type__":"cc.PrefabInfo","root":{"__id__":1},"asset":{"__uuid__":"c6Rj/0igRA+YivEEQgaRhq"},"fileId":"a1FdBebqxMQ5GqGH1FeozX"},"_contentSize":{"__type__":"cc.Size","width":321.9,"height":66.7},"_trs":{"__type__":"TypedArray","ctor":"Float64Array","array":[381.681,-101.647,0,0,0,0,1,1,1,1]}},{"__type__":"cc.Node","_name":"item","_parent":{"__id__":52},"_active":false,"_components":[{"__type__":"cc.Sprite","node":{"__id__":53},"_materials":[{"__uuid__":"ecpdLyjvZBwrvm+cedCcQy"}],"_spriteFrame":{"__uuid__":"cajd1WCOtONJXQvE1zNDW+"},"_sizeMode":0}],"_prefab":{"__type__":"cc.PrefabInfo","root":{"__id__":1},"asset":{"__uuid__":"c6Rj/0igRA+YivEEQgaRhq"},"fileId":"18s8hdNZZIJr3//WxXqxem"},"_contentSize":{"__type__":"cc.Size","width":9,"height":9},"_trs":{"__type__":"TypedArray","ctor":"Float64Array","array":[-155.45,27.35,0,0,0,0,1,1,1,1]}},{"__type__":"cc.Node","_name":"startGameBtn","_parent":{"__id__":1},"_components":[{"__type__":"cc.Sprite","node":{"__id__":54},"_materials":[{"__uuid__":"ecpdLyjvZBwrvm+cedCcQy"}],"_spriteFrame":{"__uuid__":"17cj52QpRJaKjFjPeI5+ZA"}},{"__type__":"cc.Button","node":{"__id__":54},"clickEvents":[{"__type__":"cc.ClickEvent","target":{"__id__":1},"_componentId":"5b1a3jcjIpNvLMkCC0JyeW+","handler":"startGame"}]}],"_prefab":{"__type__":"cc.PrefabInfo","root":{"__id__":1},"asset":{"__uuid__":"c6Rj/0igRA+YivEEQgaRhq"},"fileId":"ee5D6DUNFN5q2QfoRu92t5"},"_contentSize":{"__type__":"cc.Size","width":165,"height":53},"_trs":{"__type__":"TypedArray","ctor":"Float64Array","array":[454.83,-167.148,0,0,0,0,1,1,1,1]}},{"__type__":"cc.Node","_name":"centerStartGameBtn","_parent":{"__id__":1},"_components":[{"__type__":"cc.Sprite","node":{"__id__":55},"_materials":[{"__uuid__":"ecpdLyjvZBwrvm+cedCcQy"}],"_spriteFrame":{"__uuid__":"a2MjXRFdtLlYQ5ouAFv/+R"},"_sizeMode":0},{"__type__":"cc.Button","node":{"__id__":55},"clickEvents":[{"__type__":"cc.ClickEvent","target":{"__id__":1},"_componentId":"5b1a3jcjIpNvLMkCC0JyeW+","handler":"startGame"}]}],"_prefab":{"__type__":"cc.PrefabInfo","root":{"__id__":1},"asset":{"__uuid__":"c6Rj/0igRA+YivEEQgaRhq"},"fileId":"127FDS6Z1OnL0hOALZ8+wP"},"_opacity":0,"_contentSize":{"__type__":"cc.Size","width":938,"height":267},"_trs":{"__type__":"TypedArray","ctor":"Float64Array","array":[71,-2,0,0,0,0,1,1,1,1]}},{"__type__":"cc.Node","_name":"curStatus","_parent":{"__id__":1},"_components":[{"__id__":57}],"_prefab":{"__type__":"cc.PrefabInfo","root":{"__id__":1},"asset":{"__uuid__":"c6Rj/0igRA+YivEEQgaRhq"},"fileId":"6dXNjO9aNElafA8jXvBQrW"},"_opacity":150,"_color":{"__type__":"cc.Color"},"_contentSize":{"__type__":"cc.Size","width":300,"height":151.2},"_trs":{"__type__":"TypedArray","ctor":"Float64Array","array":[226.324,7.037,0,0,0,0,1,1,1,1]}},{"__type__":"cc.Label","node":{"__id__":56},"_materials":[{"__uuid__":"ecpdLyjvZBwrvm+cedCcQy"}],"_useOriginalSize":false,"_string":"开牌中","_N$string":"开牌中","_fontSize":100,"_lineHeight":120,"_N$file":{"__uuid__":"46+JuiEWZM24PqUuDl8jKX"},"_isSystemFontUsed":false,"_N$horizontalAlign":1,"_N$verticalAlign":1},{"__type__":"cc.Node","_name":"curResultLab","_parent":{"__id__":1},"_components":[{"__id__":59}],"_prefab":{"__type__":"cc.PrefabInfo","root":{"__id__":1},"asset":{"__uuid__":"c6Rj/0igRA+YivEEQgaRhq"},"fileId":"09HfqmFN5B0q70u8WzFmYq"},"_color":{"__type__":"cc.Color","r":41,"g":171,"b":216},"_contentSize":{"__type__":"cc.Size","height":151.2},"_trs":{"__type__":"TypedArray","ctor":"Float64Array","array":[226.324,7.037,0,0,0,0,1,1,1,1]}},{"__type__":"cc.Label","node":{"__id__":58},"_materials":[{"__uuid__":"ecpdLyjvZBwrvm+cedCcQy"}],"_useOriginalSize":false,"_fontSize":100,"_lineHeight":120,"_N$file":{"__uuid__":"46+JuiEWZM24PqUuDl8jKX"},"_isSystemFontUsed":false,"_N$horizontalAlign":1,"_N$verticalAlign":1}],{"__type__":"cc.SpriteFrame","content":{"name":"xian_line","texture":"3dn4uZuXJLSqUYywI1ZTZy","rect":[1010,115,10,10],"offset":[0,0],"originalSize":[10,10],"capInsets":[0,0,0,0]}}]