[{"__type__":"cc.SpriteFrame","content":{"name":"xian_lan","texture":"3dn4uZuXJLSqUYywI1ZTZy","rect":[1010,127,10,10],"offset":[0,0],"originalSize":[10,10],"capInsets":[4,4,4,4]}},{"__type__":"cc.SpriteFrame","content":{"name":"zhuang_hong","texture":"cfCpKgTV5PO4J+8KRBAv+M","rect":[96,1012,10,10],"offset":[0,0],"originalSize":[10,10],"capInsets":[0,0,0,0]}},[{"__type__":"cc.Prefab","_name":"A89ItemPC","data":{"__id__":1}},{"__type__":"cc.Node","_name":"A89ItemPC","_children":[{"__id__":2},{"__id__":14}],"_components":[{"__type__":"cc.Sprite","node":{"__id__":1},"_materials":[{"__uuid__":"ecpdLyjvZBwrvm+cedCcQy"}],"_spriteFrame":{"__uuid__":"6fsMFAC8xC4I1nL62oZmF6"}},{"__type__":"cc.Button","node":{"__id__":1},"clickEvents":[{"__type__":"cc.ClickEvent","target":{"__id__":1},"_componentId":"3dc70vhG/RICqUQdf1Ennov","handler":"startGame"}]},{"__type__":"3dc70vhG/RICqUQdf1Ennov","node":{"__id__":1},"gameTitlePic":{"__id__":6},"gameTitleLab":{"__id__":8},"normalLimit":{"__id__":10},"doubleLimit":{"__id__":12},"bootNumLab":{"__id__":61},"paveNumLab":{"__id__":63},"xian_1_lab":{"__id__":65},"xian_2_lab":{"__id__":67},"xian_3_lab":{"__id__":69},"recordItem":{"__id__":26},"recordLayout":{"__id__":25},"curStatusLab":{"__id__":56},"resultLab":{"__id__":58}}],"_prefab":{"__type__":"cc.PrefabInfo","root":{"__id__":1},"asset":{"__uuid__":"5eDjS79sdP/JMQ9OszN7IM"},"fileId":"4cj52lN/JNt5uTvBJjoX3W"},"_contentSize":{"__type__":"cc.Size","width":747,"height":202},"_trs":{"__type__":"TypedArray","ctor":"Float64Array","array":[0,-101,0,0,0,0,1,1,1,1]}},{"__type__":"cc.Node","_name":"left","_parent":{"__id__":1},"_children":[{"__id__":3},{"__id__":9},{"__id__":11},{"__id__":13}],"_components":[{"__type__":"cc.Layout","node":{"__id__":2},"_layoutSize":{"__type__":"cc.Size","width":150,"height":187.04000000000002},"_resize":1,"_N$layoutType":2,"_N$paddingTop":40,"_N$spacingY":3},{"__type__":"cc.Widget","node":{"__id__":2},"_alignFlags":9,"_left":10,"_top":5}],"_prefab":{"__type__":"cc.PrefabInfo","root":{"__id__":1},"asset":{"__uuid__":"5eDjS79sdP/JMQ9OszN7IM"},"fileId":"30gnWy6LlMiqpZ5zFKHnHH"},"_contentSize":{"__type__":"cc.Size","width":150,"height":187.04000000000002},"_trs":{"__type__":"TypedArray","ctor":"Float64Array","array":[-288.5,2.4799999999999898,0,0,0,0,1,1,1,1]}},{"__type__":"cc.Node","_name":"table","_parent":{"__id__":2},"_children":[{"__id__":4},{"__id__":7}],"_components":[{"__type__":"cc.Sprite","node":{"__id__":3},"_materials":[{"__uuid__":"ecpdLyjvZBwrvm+cedCcQy"}],"_spriteFrame":{"__uuid__":"b2eCb6MLVHlpR8YnjSH60A"},"_type":1,"_sizeMode":0}],"_prefab":{"__type__":"cc.PrefabInfo","root":{"__id__":1},"asset":{"__uuid__":"5eDjS79sdP/JMQ9OszN7IM"},"fileId":"8ahTQtksxNuq5J+eADy+b2"},"_contentSize":{"__type__":"cc.Size","width":130,"height":70},"_trs":{"__type__":"TypedArray","ctor":"Float64Array","array":[0,18.52000000000001,0,0,0,0,1,1,1,1]}},{"__type__":"cc.Node","_name":"tabley","_parent":{"__id__":3},"_children":[{"__id__":5}],"_components":[{"__type__":"cc.Sprite","node":{"__id__":4},"_materials":[{"__uuid__":"ecpdLyjvZBwrvm+cedCcQy"}],"_spriteFrame":{"__uuid__":"65DGt51t5OYZgODK5dr3wQ"}}],"_prefab":{"__type__":"cc.PrefabInfo","root":{"__id__":1},"asset":{"__uuid__":"5eDjS79sdP/JMQ9OszN7IM"},"fileId":"c1ZTa0RfJMCbBaLXhTSoyJ"},"_contentSize":{"__type__":"cc.Size","width":65,"height":66},"_trs":{"__type__":"TypedArray","ctor":"Float64Array","array":[0,39.409,0,0,0,0,1,1,1,1]}},{"__type__":"cc.Node","_name":"text_bjl","_parent":{"__id__":4},"_components":[{"__id__":6}],"_prefab":{"__type__":"cc.PrefabInfo","root":{"__id__":1},"asset":{"__uuid__":"5eDjS79sdP/JMQ9OszN7IM"},"fileId":"45kNSDfydHS7fjhJUM7FjF"},"_contentSize":{"__type__":"cc.Size","width":31,"height":32},"_trs":{"__type__":"TypedArray","ctor":"Float64Array","array":[0,0,0,0,0,0,1,1,1,1]}},{"__type__":"cc.Sprite","node":{"__id__":5},"_materials":[{"__uuid__":"ecpdLyjvZBwrvm+cedCcQy"}]},{"__type__":"cc.Node","_name":"number","_parent":{"__id__":3},"_components":[{"__id__":8}],"_prefab":{"__type__":"cc.PrefabInfo","root":{"__id__":1},"asset":{"__uuid__":"5eDjS79sdP/JMQ9OszN7IM"},"fileId":"42Um1jJb5HKKeeiyW8JTEy"},"_color":{"__type__":"cc.Color","r":249,"g":213,"b":133},"_contentSize":{"__type__":"cc.Size","width":66.69,"height":37.8},"_trs":{"__type__":"TypedArray","ctor":"Float64Array","array":[0,-12.9,0,0,0,0,1,1,1,1]}},{"__type__":"cc.Label","node":{"__id__":7},"_materials":[{"__uuid__":"ecpdLyjvZBwrvm+cedCcQy"}],"_useOriginalSize":false,"_string":"A2号","_N$string":"A2号","_fontSize":30,"_lineHeight":30,"_N$horizontalAlign":1,"_N$verticalAlign":1},{"__type__":"cc.Node","_name":"text1","_parent":{"__id__":2},"_components":[{"__id__":10}],"_prefab":{"__type__":"cc.PrefabInfo","root":{"__id__":1},"asset":{"__uuid__":"5eDjS79sdP/JMQ9OszN7IM"},"fileId":"33LOYLzeZN15dJ0yKE+OG/"},"_contentSize":{"__type__":"cc.Size","width":120.06,"height":22.68},"_trs":{"__type__":"TypedArray","ctor":"Float64Array","array":[0,-30.81999999999999,0,0,0,0,1,1,1,1]}},{"__type__":"cc.Label","node":{"__id__":9},"_materials":[{"__uuid__":"ecpdLyjvZBwrvm+cedCcQy"}],"_useOriginalSize":false,"_string":"闲家：20-5000","_N$string":"闲家：20-5000","_fontSize":18,"_lineHeight":18,"_N$horizontalAlign":1,"_N$verticalAlign":1},{"__type__":"cc.Node","_name":"text2","_parent":{"__id__":2},"_components":[{"__id__":12}],"_prefab":{"__type__":"cc.PrefabInfo","root":{"__id__":1},"asset":{"__uuid__":"5eDjS79sdP/JMQ9OszN7IM"},"fileId":"28NN2e+tBMuY7+37fju6aP"},"_contentSize":{"__type__":"cc.Size","width":120.06,"height":22.68},"_trs":{"__type__":"TypedArray","ctor":"Float64Array","array":[0,-56.499999999999986,0,0,0,0,1,1,1,1]}},{"__type__":"cc.Label","node":{"__id__":11},"_materials":[{"__uuid__":"ecpdLyjvZBwrvm+cedCcQy"}],"_useOriginalSize":false,"_string":"对子：20-5000","_N$string":"对子：20-5000","_fontSize":18,"_lineHeight":18,"_N$horizontalAlign":1,"_N$verticalAlign":1},{"__type__":"cc.Node","_name":"text3","_parent":{"__id__":2},"_components":[{"__type__":"cc.Label","node":{"__id__":13},"_materials":[{"__uuid__":"ecpdLyjvZBwrvm+cedCcQy"}],"_useOriginalSize":false,"_fontSize":18,"_lineHeight":18,"_N$horizontalAlign":1,"_N$verticalAlign":1}],"_prefab":{"__type__":"cc.PrefabInfo","root":{"__id__":1},"asset":{"__uuid__":"5eDjS79sdP/JMQ9OszN7IM"},"fileId":"8bAuFdJ4dKW5Z0NXs5PCPC"},"_contentSize":{"__type__":"cc.Size","height":22.68},"_trs":{"__type__":"TypedArray","ctor":"Float64Array","array":[0,-82.17999999999999,0,0,0,0,1,1,1,1]}},{"__type__":"cc.Node","_name":"right","_parent":{"__id__":1},"_children":[{"__id__":15},{"__id__":59}],"_components":[{"__type__":"cc.Layout","node":{"__id__":14},"_layoutSize":{"__type__":"cc.Size","width":570,"height":173},"_resize":1,"_N$layoutType":2,"_N$spacingY":5},{"__type__":"cc.Widget","node":{"__id__":14},"_alignFlags":33,"_left":30,"_right":10,"_top":15,"_bottom":4.75,"_originalHeight":188}],"_prefab":{"__type__":"cc.PrefabInfo","root":{"__id__":1},"asset":{"__uuid__":"5eDjS79sdP/JMQ9OszN7IM"},"fileId":"53GJ0Ob8RGKqhw1AIU0MB2"},"_contentSize":{"__type__":"cc.Size","width":570,"height":173},"_trs":{"__type__":"TypedArray","ctor":"Float64Array","array":[78.5,-0.5,0,0,0,0,1,1,1,1]}},{"__type__":"cc.Node","_name":"record","_parent":{"__id__":14},"_children":[{"__id__":16},{"__id__":25},{"__id__":55},{"__id__":57}],"_components":[{"__type__":"cc.Widget","node":{"__id__":15},"_alignFlags":40,"_right":2.5}],"_prefab":{"__type__":"cc.PrefabInfo","root":{"__id__":1},"asset":{"__uuid__":"5eDjS79sdP/JMQ9OszN7IM"},"fileId":"5cLyoYOjpO2r8lHChFbQr2"},"_contentSize":{"__type__":"cc.Size","width":567.5,"height":130},"_trs":{"__type__":"TypedArray","ctor":"Float64Array","array":[-1.25,21.5,0,0,0,0,1,1,1,1]}},{"__type__":"cc.Node","_name":"titleFrame","_parent":{"__id__":15},"_children":[{"__id__":17},{"__id__":19},{"__id__":21},{"__id__":23}],"_components":[{"__type__":"cc.Layout","node":{"__id__":16},"_layoutSize":{"__type__":"cc.Size","width":30,"height":120},"_resize":1,"_N$layoutType":2,"_N$cellSize":{"__type__":"cc.Size","width":22,"height":22},"_N$spacingX":2},{"__type__":"cc.Widget","node":{"__id__":16},"_alignFlags":8}],"_prefab":{"__type__":"cc.PrefabInfo","root":{"__id__":1},"asset":{"__uuid__":"5eDjS79sdP/JMQ9OszN7IM"},"fileId":"ddJ4uEch9M0a94XJbl1rCD"},"_contentSize":{"__type__":"cc.Size","width":30,"height":120},"_trs":{"__type__":"TypedArray","ctor":"Float64Array","array":[-268.75,0,0,0,0,0,1,1,1,1]}},{"__type__":"cc.Node","_name":"zhuang","_parent":{"__id__":16},"_children":[{"__id__":18}],"_components":[{"__type__":"cc.Sprite","node":{"__id__":17},"_materials":[{"__uuid__":"ecpdLyjvZBwrvm+cedCcQy"}],"_spriteFrame":{"__uuid__":"88yxyZfv1Lr6fzKdI5zVsA"},"_sizeMode":0}],"_prefab":{"__type__":"cc.PrefabInfo","root":{"__id__":1},"asset":{"__uuid__":"5eDjS79sdP/JMQ9OszN7IM"},"fileId":"90x206JFZGtZfTy3p1Onci"},"_contentSize":{"__type__":"cc.Size","width":30,"height":30},"_trs":{"__type__":"TypedArray","ctor":"Float64Array","array":[0,45,0,0,0,0,1,1,1,1]}},{"__type__":"cc.Node","_name":"label","_parent":{"__id__":17},"_components":[{"__type__":"cc.Label","node":{"__id__":18},"_materials":[{"__uuid__":"ecpdLyjvZBwrvm+cedCcQy"}],"_useOriginalSize":false,"_string":"庄","_N$string":"庄","_fontSize":16,"_lineHeight":20,"_N$horizontalAlign":1,"_N$verticalAlign":1}],"_prefab":{"__type__":"cc.PrefabInfo","root":{"__id__":1},"asset":{"__uuid__":"5eDjS79sdP/JMQ9OszN7IM"},"fileId":"47HuCUK6hPAoCnI0UY7em4"},"_contentSize":{"__type__":"cc.Size","width":16,"height":25.2},"_trs":{"__type__":"TypedArray","ctor":"Float64Array","array":[0,0,0,0,0,0,1,1,1,1]}},{"__type__":"cc.Node","_name":"xian1","_parent":{"__id__":16},"_children":[{"__id__":20}],"_components":[{"__type__":"cc.Sprite","node":{"__id__":19},"_materials":[{"__uuid__":"ecpdLyjvZBwrvm+cedCcQy"}],"_spriteFrame":{"__uuid__":"19DpYfSKFO3qHjRUVJCMwA"},"_sizeMode":0}],"_prefab":{"__type__":"cc.PrefabInfo","root":{"__id__":1},"asset":{"__uuid__":"5eDjS79sdP/JMQ9OszN7IM"},"fileId":"f1958NgvpFw5dhDEpCD9p5"},"_contentSize":{"__type__":"cc.Size","width":30,"height":30},"_trs":{"__type__":"TypedArray","ctor":"Float64Array","array":[0,15,0,0,0,0,1,1,1,1]}},{"__type__":"cc.Node","_name":"label","_parent":{"__id__":19},"_components":[{"__type__":"cc.Label","node":{"__id__":20},"_materials":[{"__uuid__":"ecpdLyjvZBwrvm+cedCcQy"}],"_useOriginalSize":false,"_string":"顺门","_N$string":"顺门","_fontSize":16,"_lineHeight":20,"_N$horizontalAlign":1,"_N$verticalAlign":1}],"_prefab":{"__type__":"cc.PrefabInfo","root":{"__id__":1},"asset":{"__uuid__":"5eDjS79sdP/JMQ9OszN7IM"},"fileId":"be3l+PMdNNo69mzKhtomQ6"},"_contentSize":{"__type__":"cc.Size","width":32,"height":25.2},"_trs":{"__type__":"TypedArray","ctor":"Float64Array","array":[0,0,0,0,0,0,1,0.9,1,1]}},{"__type__":"cc.Node","_name":"xian2","_parent":{"__id__":16},"_children":[{"__id__":22}],"_components":[{"__type__":"cc.Sprite","node":{"__id__":21},"_materials":[{"__uuid__":"ecpdLyjvZBwrvm+cedCcQy"}],"_spriteFrame":{"__uuid__":"19DpYfSKFO3qHjRUVJCMwA"},"_sizeMode":0}],"_prefab":{"__type__":"cc.PrefabInfo","root":{"__id__":1},"asset":{"__uuid__":"5eDjS79sdP/JMQ9OszN7IM"},"fileId":"0dt3JuDYJNmqBmnb2LYNFb"},"_contentSize":{"__type__":"cc.Size","width":30,"height":30},"_trs":{"__type__":"TypedArray","ctor":"Float64Array","array":[0,-15,0,0,0,0,1,1,1,1]}},{"__type__":"cc.Node","_name":"label","_parent":{"__id__":21},"_components":[{"__type__":"cc.Label","node":{"__id__":22},"_materials":[{"__uuid__":"ecpdLyjvZBwrvm+cedCcQy"}],"_useOriginalSize":false,"_string":"天门","_N$string":"天门","_fontSize":16,"_lineHeight":20,"_N$horizontalAlign":1,"_N$verticalAlign":1}],"_prefab":{"__type__":"cc.PrefabInfo","root":{"__id__":1},"asset":{"__uuid__":"5eDjS79sdP/JMQ9OszN7IM"},"fileId":"c8gG1XyxBOFpxea4BNsZk8"},"_contentSize":{"__type__":"cc.Size","width":32,"height":25.2},"_trs":{"__type__":"TypedArray","ctor":"Float64Array","array":[0,0,0,0,0,0,1,0.9,1,1]}},{"__type__":"cc.Node","_name":"xian3","_parent":{"__id__":16},"_children":[{"__id__":24}],"_components":[{"__type__":"cc.Sprite","node":{"__id__":23},"_materials":[{"__uuid__":"ecpdLyjvZBwrvm+cedCcQy"}],"_spriteFrame":{"__uuid__":"19DpYfSKFO3qHjRUVJCMwA"},"_sizeMode":0}],"_prefab":{"__type__":"cc.PrefabInfo","root":{"__id__":1},"asset":{"__uuid__":"5eDjS79sdP/JMQ9OszN7IM"},"fileId":"39EfgpswREvokguBlFERDy"},"_contentSize":{"__type__":"cc.Size","width":30,"height":30},"_trs":{"__type__":"TypedArray","ctor":"Float64Array","array":[0,-45,0,0,0,0,1,1,1,1]}},{"__type__":"cc.Node","_name":"label","_parent":{"__id__":23},"_components":[{"__type__":"cc.Label","node":{"__id__":24},"_materials":[{"__uuid__":"ecpdLyjvZBwrvm+cedCcQy"}],"_useOriginalSize":false,"_string":"反门","_N$string":"反门","_fontSize":16,"_lineHeight":20,"_N$horizontalAlign":1,"_N$verticalAlign":1}],"_prefab":{"__type__":"cc.PrefabInfo","root":{"__id__":1},"asset":{"__uuid__":"5eDjS79sdP/JMQ9OszN7IM"},"fileId":"2bLGakR2VHibbRjj1fqsLl"},"_contentSize":{"__type__":"cc.Size","width":32,"height":25.2},"_trs":{"__type__":"TypedArray","ctor":"Float64Array","array":[0,0,0,0,0,0,1,0.9,1,1]}},{"__type__":"cc.Node","_name":"recordFrame","_parent":{"__id__":15},"_children":[{"__id__":26}],"_components":[{"__type__":"cc.Sprite","node":{"__id__":25},"_materials":[{"__uuid__":"ecpdLyjvZBwrvm+cedCcQy"}],"_spriteFrame":{"__uuid__":"6cWRuUbPdGkJ2AipUf5WGy"},"_type":2,"_sizeMode":0},{"__type__":"cc.Layout","node":{"__id__":25},"_layoutSize":{"__type__":"cc.Size","width":537.5,"height":120},"_N$layoutType":1,"_N$cellSize":{"__type__":"cc.Size","width":30,"height":40}},{"__type__":"cc.Widget","node":{"__id__":25},"_alignFlags":40,"_left":30,"_originalWidth":300}],"_prefab":{"__type__":"cc.PrefabInfo","root":{"__id__":1},"asset":{"__uuid__":"5eDjS79sdP/JMQ9OszN7IM"},"fileId":"b1FVQdJXlMLaT6lJlHX5DY"},"_contentSize":{"__type__":"cc.Size","width":537.5,"height":120},"_anchorPoint":{"__type__":"cc.Vec2","y":0.5},"_trs":{"__type__":"TypedArray","ctor":"Float64Array","array":[-253.75,0,0,0,0,0,1,1,1,1]}},{"__type__":"cc.Node","_name":"recordItem","_parent":{"__id__":25},"_children":[{"__id__":27},{"__id__":34},{"__id__":41},{"__id__":48}],"_active":false,"_components":[{"__type__":"cc.Layout","node":{"__id__":26},"_layoutSize":{"__type__":"cc.Size","width":30,"height":120},"_N$layoutType":2},null],"_prefab":{"__type__":"cc.PrefabInfo","root":{"__id__":1},"asset":{"__uuid__":"5eDjS79sdP/JMQ9OszN7IM"},"fileId":"e7wUvoiDBD0qXXoiMxHmJN"},"_contentSize":{"__type__":"cc.Size","width":30,"height":120},"_trs":{"__type__":"TypedArray","ctor":"Float64Array","array":[15,0,0,0,0,0,1,1,1,1]}},{"__type__":"cc.Node","_name":"zRes","_parent":{"__id__":26},"_children":[{"__id__":28},{"__id__":30}],"_prefab":{"__type__":"cc.PrefabInfo","root":{"__id__":1},"asset":{"__uuid__":"5eDjS79sdP/JMQ9OszN7IM"},"fileId":"36tq8Qa7ZKIrnnrj3Hq+zm"},"_contentSize":{"__type__":"cc.Size","width":30,"height":30},"_trs":{"__type__":"TypedArray","ctor":"Float64Array","array":[0,45,0,0,0,0,1,1,1,1]}},{"__type__":"cc.Node","_name":"failNode","_parent":{"__id__":27},"_children":[{"__id__":29}],"_components":[{"__type__":"cc.Label","node":{"__id__":28},"_materials":[{"__uuid__":"ecpdLyjvZBwrvm+cedCcQy"}],"_useOriginalSize":false,"_fontSize":16,"_lineHeight":20,"_N$horizontalAlign":1,"_N$verticalAlign":1}],"_prefab":{"__type__":"cc.PrefabInfo","root":{"__id__":1},"asset":{"__uuid__":"5eDjS79sdP/JMQ9OszN7IM"},"fileId":"dbAW3I6+BOqrkOz2mKOEn8"},"_color":{"__type__":"cc.Color","r":215,"g":1,"b":34},"_contentSize":{"__type__":"cc.Size","height":25.2},"_trs":{"__type__":"TypedArray","ctor":"Float64Array","array":[0,0,0,0,0,0,1,1,1,1]}},{"__type__":"cc.Node","_name":"failRes","_parent":{"__id__":28},"_components":[{"__type__":"cc.Label","node":{"__id__":29},"_materials":[{"__uuid__":"ecpdLyjvZBwrvm+cedCcQy"}],"_useOriginalSize":false,"_string":"闲","_N$string":"闲","_fontSize":16,"_lineHeight":20,"_N$horizontalAlign":1,"_N$verticalAlign":1}],"_prefab":{"__type__":"cc.PrefabInfo","root":{"__id__":1},"asset":{"__uuid__":"5eDjS79sdP/JMQ9OszN7IM"},"fileId":"3fxqwu8QlAobgZdEZOkQT5"},"_color":{"__type__":"cc.Color","r":215,"g":1,"b":34},"_contentSize":{"__type__":"cc.Size","width":16,"height":25.2},"_trs":{"__type__":"TypedArray","ctor":"Float64Array","array":[0,0,0,0,0,0,1,1,1,1]}},{"__type__":"cc.Node","_name":"winNode","_parent":{"__id__":27},"_children":[{"__id__":31},{"__id__":32}],"_prefab":{"__type__":"cc.PrefabInfo","root":{"__id__":1},"asset":{"__uuid__":"5eDjS79sdP/JMQ9OszN7IM"},"fileId":"e0SeexOy9Jt7NuH+97flZR"},"_contentSize":{"__type__":"cc.Size","width":30,"height":30},"_trs":{"__type__":"TypedArray","ctor":"Float64Array","array":[0,0,0,0,0,0,1,1,1,1]}},{"__type__":"cc.Node","_name":"winRes","_parent":{"__id__":30},"_components":[{"__type__":"cc.Label","node":{"__id__":31},"_materials":[{"__uuid__":"ecpdLyjvZBwrvm+cedCcQy"}],"_useOriginalSize":false,"_string":"闲","_N$string":"闲","_fontSize":16,"_lineHeight":20,"_N$horizontalAlign":1,"_N$verticalAlign":1}],"_prefab":{"__type__":"cc.PrefabInfo","root":{"__id__":1},"asset":{"__uuid__":"5eDjS79sdP/JMQ9OszN7IM"},"fileId":"1bSmzP/FdAJLL4Rz9dazK8"},"_color":{"__type__":"cc.Color","r":215,"g":1,"b":34},"_contentSize":{"__type__":"cc.Size","width":16,"height":25.2},"_trs":{"__type__":"TypedArray","ctor":"Float64Array","array":[0,5.16,0,0,0,0,1,1,1,1]}},{"__type__":"cc.Node","_name":"winFrame","_parent":{"__id__":30},"_children":[{"__id__":33}],"_components":[{"__type__":"cc.Sprite","node":{"__id__":32},"_materials":[{"__uuid__":"ecpdLyjvZBwrvm+cedCcQy"}],"_spriteFrame":{"__uuid__":"52d12fn3xJ6bAgDGXY0nOu"},"_type":1,"_sizeMode":0},{"__type__":"cc.Widget","node":{"__id__":32},"_alignFlags":44,"_originalWidth":10}],"_prefab":{"__type__":"cc.PrefabInfo","root":{"__id__":1},"asset":{"__uuid__":"5eDjS79sdP/JMQ9OszN7IM"},"fileId":"74chlh2tVGZIVAYf8CU3yJ"},"_contentSize":{"__type__":"cc.Size","width":30,"height":10},"_trs":{"__type__":"TypedArray","ctor":"Float64Array","array":[0,-10,0,0,0,0,1,1,1,1]}},{"__type__":"cc.Node","_name":"winLab","_parent":{"__id__":32},"_components":[{"__type__":"cc.Label","node":{"__id__":33},"_materials":[{"__uuid__":"ecpdLyjvZBwrvm+cedCcQy"}],"_useOriginalSize":false,"_string":"WIN","_N$string":"WIN","_fontSize":10,"_lineHeight":10,"_N$horizontalAlign":1,"_N$verticalAlign":1}],"_prefab":{"__type__":"cc.PrefabInfo","root":{"__id__":1},"asset":{"__uuid__":"5eDjS79sdP/JMQ9OszN7IM"},"fileId":"41uPAwyLZEYptAPSFvnYos"},"_contentSize":{"__type__":"cc.Size","width":19.44,"height":12.6},"_trs":{"__type__":"TypedArray","ctor":"Float64Array","array":[0,0,0,0,0,0,1,1,1,1]}},{"__type__":"cc.Node","_name":"x1Res","_parent":{"__id__":26},"_children":[{"__id__":35},{"__id__":37}],"_prefab":{"__type__":"cc.PrefabInfo","root":{"__id__":1},"asset":{"__uuid__":"5eDjS79sdP/JMQ9OszN7IM"},"fileId":"b1hlyPydFOz78q8ibDVmPL"},"_contentSize":{"__type__":"cc.Size","width":30,"height":30},"_trs":{"__type__":"TypedArray","ctor":"Float64Array","array":[0,15,0,0,0,0,1,1,1,1]}},{"__type__":"cc.Node","_name":"failNode","_parent":{"__id__":34},"_children":[{"__id__":36}],"_components":[{"__type__":"cc.Label","node":{"__id__":35},"_materials":[{"__uuid__":"ecpdLyjvZBwrvm+cedCcQy"}],"_useOriginalSize":false,"_fontSize":16,"_lineHeight":20,"_N$horizontalAlign":1,"_N$verticalAlign":1}],"_prefab":{"__type__":"cc.PrefabInfo","root":{"__id__":1},"asset":{"__uuid__":"5eDjS79sdP/JMQ9OszN7IM"},"fileId":"e3kVGaAcRGZ7ySW/tC/aw+"},"_color":{"__type__":"cc.Color","r":215,"g":1,"b":34},"_contentSize":{"__type__":"cc.Size","height":25.2},"_trs":{"__type__":"TypedArray","ctor":"Float64Array","array":[0,0,0,0,0,0,1,1,1,1]}},{"__type__":"cc.Node","_name":"failRes","_parent":{"__id__":35},"_components":[{"__type__":"cc.Label","node":{"__id__":36},"_materials":[{"__uuid__":"ecpdLyjvZBwrvm+cedCcQy"}],"_useOriginalSize":false,"_string":"闲","_N$string":"闲","_fontSize":16,"_lineHeight":20,"_N$horizontalAlign":1,"_N$verticalAlign":1}],"_prefab":{"__type__":"cc.PrefabInfo","root":{"__id__":1},"asset":{"__uuid__":"5eDjS79sdP/JMQ9OszN7IM"},"fileId":"a3RyVeGs1JBawl/c1Bu9mZ"},"_color":{"__type__":"cc.Color","r":1,"g":1,"b":254},"_contentSize":{"__type__":"cc.Size","width":16,"height":25.2},"_trs":{"__type__":"TypedArray","ctor":"Float64Array","array":[0,0,0,0,0,0,1,1,1,1]}},{"__type__":"cc.Node","_name":"winNode","_parent":{"__id__":34},"_children":[{"__id__":38},{"__id__":39}],"_prefab":{"__type__":"cc.PrefabInfo","root":{"__id__":1},"asset":{"__uuid__":"5eDjS79sdP/JMQ9OszN7IM"},"fileId":"11+JdAVpZDppWjWNWyeeR9"},"_contentSize":{"__type__":"cc.Size","width":30,"height":30},"_trs":{"__type__":"TypedArray","ctor":"Float64Array","array":[0,0,0,0,0,0,1,1,1,1]}},{"__type__":"cc.Node","_name":"winRes","_parent":{"__id__":37},"_components":[{"__type__":"cc.Label","node":{"__id__":38},"_materials":[{"__uuid__":"ecpdLyjvZBwrvm+cedCcQy"}],"_useOriginalSize":false,"_string":"闲","_N$string":"闲","_fontSize":16,"_lineHeight":20,"_N$horizontalAlign":1,"_N$verticalAlign":1}],"_prefab":{"__type__":"cc.PrefabInfo","root":{"__id__":1},"asset":{"__uuid__":"5eDjS79sdP/JMQ9OszN7IM"},"fileId":"87Lfcn2b5MnbJh2HYor4xB"},"_color":{"__type__":"cc.Color","r":1,"g":1,"b":254},"_contentSize":{"__type__":"cc.Size","width":16,"height":25.2},"_trs":{"__type__":"TypedArray","ctor":"Float64Array","array":[0,5.16,0,0,0,0,1,1,1,1]}},{"__type__":"cc.Node","_name":"winFrame","_parent":{"__id__":37},"_children":[{"__id__":40}],"_components":[{"__type__":"cc.Sprite","node":{"__id__":39},"_materials":[{"__uuid__":"ecpdLyjvZBwrvm+cedCcQy"}],"_spriteFrame":{"__uuid__":"19DpYfSKFO3qHjRUVJCMwA"},"_type":1,"_sizeMode":0},{"__type__":"cc.Widget","node":{"__id__":39},"_alignFlags":44,"_originalWidth":10}],"_prefab":{"__type__":"cc.PrefabInfo","root":{"__id__":1},"asset":{"__uuid__":"5eDjS79sdP/JMQ9OszN7IM"},"fileId":"dbQuLAvV5OfLaMudeRrcf2"},"_contentSize":{"__type__":"cc.Size","width":30,"height":10},"_trs":{"__type__":"TypedArray","ctor":"Float64Array","array":[0,-10,0,0,0,0,1,1,1,1]}},{"__type__":"cc.Node","_name":"winLab","_parent":{"__id__":39},"_components":[{"__type__":"cc.Label","node":{"__id__":40},"_materials":[{"__uuid__":"ecpdLyjvZBwrvm+cedCcQy"}],"_useOriginalSize":false,"_string":"WIN","_N$string":"WIN","_fontSize":10,"_lineHeight":10,"_N$horizontalAlign":1,"_N$verticalAlign":1}],"_prefab":{"__type__":"cc.PrefabInfo","root":{"__id__":1},"asset":{"__uuid__":"5eDjS79sdP/JMQ9OszN7IM"},"fileId":"daBMLW4+BDt68WIwbjh+JD"},"_contentSize":{"__type__":"cc.Size","width":19.44,"height":12.6},"_trs":{"__type__":"TypedArray","ctor":"Float64Array","array":[0,0,0,0,0,0,1,1,1,1]}},{"__type__":"cc.Node","_name":"x2Res","_parent":{"__id__":26},"_children":[{"__id__":42},{"__id__":44}],"_prefab":{"__type__":"cc.PrefabInfo","root":{"__id__":1},"asset":{"__uuid__":"5eDjS79sdP/JMQ9OszN7IM"},"fileId":"74kpMnk8RP1Ll51PoYUyFS"},"_contentSize":{"__type__":"cc.Size","width":30,"height":30},"_trs":{"__type__":"TypedArray","ctor":"Float64Array","array":[0,-15,0,0,0,0,1,1,1,1]}},{"__type__":"cc.Node","_name":"failNode","_parent":{"__id__":41},"_children":[{"__id__":43}],"_components":[{"__type__":"cc.Label","node":{"__id__":42},"_materials":[{"__uuid__":"ecpdLyjvZBwrvm+cedCcQy"}],"_useOriginalSize":false,"_fontSize":16,"_lineHeight":20,"_N$horizontalAlign":1,"_N$verticalAlign":1}],"_prefab":{"__type__":"cc.PrefabInfo","root":{"__id__":1},"asset":{"__uuid__":"5eDjS79sdP/JMQ9OszN7IM"},"fileId":"bcPXPVAKFD3rtfH9OhIU7V"},"_color":{"__type__":"cc.Color","r":215,"g":1,"b":34},"_contentSize":{"__type__":"cc.Size","height":25.2},"_trs":{"__type__":"TypedArray","ctor":"Float64Array","array":[0,0,0,0,0,0,1,1,1,1]}},{"__type__":"cc.Node","_name":"failRes","_parent":{"__id__":42},"_components":[{"__type__":"cc.Label","node":{"__id__":43},"_materials":[{"__uuid__":"ecpdLyjvZBwrvm+cedCcQy"}],"_useOriginalSize":false,"_string":"闲","_N$string":"闲","_fontSize":16,"_lineHeight":20,"_N$horizontalAlign":1,"_N$verticalAlign":1}],"_prefab":{"__type__":"cc.PrefabInfo","root":{"__id__":1},"asset":{"__uuid__":"5eDjS79sdP/JMQ9OszN7IM"},"fileId":"78JNASiOJBl5H5ytVtjgIq"},"_color":{"__type__":"cc.Color","r":1,"g":1,"b":254},"_contentSize":{"__type__":"cc.Size","width":16,"height":25.2},"_trs":{"__type__":"TypedArray","ctor":"Float64Array","array":[0,0,0,0,0,0,1,1,1,1]}},{"__type__":"cc.Node","_name":"winNode","_parent":{"__id__":41},"_children":[{"__id__":45},{"__id__":46}],"_prefab":{"__type__":"cc.PrefabInfo","root":{"__id__":1},"asset":{"__uuid__":"5eDjS79sdP/JMQ9OszN7IM"},"fileId":"43Fz+ihCNGi733TQwHmWP4"},"_contentSize":{"__type__":"cc.Size","width":30,"height":30},"_trs":{"__type__":"TypedArray","ctor":"Float64Array","array":[0,0,0,0,0,0,1,1,1,1]}},{"__type__":"cc.Node","_name":"winRes","_parent":{"__id__":44},"_components":[{"__type__":"cc.Label","node":{"__id__":45},"_materials":[{"__uuid__":"ecpdLyjvZBwrvm+cedCcQy"}],"_useOriginalSize":false,"_string":"闲","_N$string":"闲","_fontSize":16,"_lineHeight":20,"_N$horizontalAlign":1,"_N$verticalAlign":1}],"_prefab":{"__type__":"cc.PrefabInfo","root":{"__id__":1},"asset":{"__uuid__":"5eDjS79sdP/JMQ9OszN7IM"},"fileId":"9aMbCngTFFfa/sFc6dsvjj"},"_color":{"__type__":"cc.Color","r":1,"g":1,"b":254},"_contentSize":{"__type__":"cc.Size","width":16,"height":25.2},"_trs":{"__type__":"TypedArray","ctor":"Float64Array","array":[0,5.16,0,0,0,0,1,1,1,1]}},{"__type__":"cc.Node","_name":"winFrame","_parent":{"__id__":44},"_children":[{"__id__":47}],"_components":[{"__type__":"cc.Sprite","node":{"__id__":46},"_materials":[{"__uuid__":"ecpdLyjvZBwrvm+cedCcQy"}],"_spriteFrame":{"__uuid__":"19DpYfSKFO3qHjRUVJCMwA"},"_type":1,"_sizeMode":0},{"__type__":"cc.Widget","node":{"__id__":46},"_alignFlags":44,"_originalWidth":10}],"_prefab":{"__type__":"cc.PrefabInfo","root":{"__id__":1},"asset":{"__uuid__":"5eDjS79sdP/JMQ9OszN7IM"},"fileId":"dck1mqW0lMxIbkqOhzbEni"},"_contentSize":{"__type__":"cc.Size","width":30,"height":10},"_trs":{"__type__":"TypedArray","ctor":"Float64Array","array":[0,-10,0,0,0,0,1,1,1,1]}},{"__type__":"cc.Node","_name":"winLab","_parent":{"__id__":46},"_components":[{"__type__":"cc.Label","node":{"__id__":47},"_materials":[{"__uuid__":"ecpdLyjvZBwrvm+cedCcQy"}],"_useOriginalSize":false,"_string":"WIN","_N$string":"WIN","_fontSize":10,"_lineHeight":10,"_N$horizontalAlign":1,"_N$verticalAlign":1}],"_prefab":{"__type__":"cc.PrefabInfo","root":{"__id__":1},"asset":{"__uuid__":"5eDjS79sdP/JMQ9OszN7IM"},"fileId":"8fZ1cu4/RNcYsV2Mq+dOR8"},"_contentSize":{"__type__":"cc.Size","width":19.44,"height":12.6},"_trs":{"__type__":"TypedArray","ctor":"Float64Array","array":[0,0,0,0,0,0,1,1,1,1]}},{"__type__":"cc.Node","_name":"x3Res","_parent":{"__id__":26},"_children":[{"__id__":49},{"__id__":51}],"_prefab":{"__type__":"cc.PrefabInfo","root":{"__id__":1},"asset":{"__uuid__":"5eDjS79sdP/JMQ9OszN7IM"},"fileId":"69x8pVj7pFaKJvL5+4Jh8C"},"_contentSize":{"__type__":"cc.Size","width":30,"height":30},"_trs":{"__type__":"TypedArray","ctor":"Float64Array","array":[0,-45,0,0,0,0,1,1,1,1]}},{"__type__":"cc.Node","_name":"failNode","_parent":{"__id__":48},"_children":[{"__id__":50}],"_components":[{"__type__":"cc.Label","node":{"__id__":49},"_materials":[{"__uuid__":"ecpdLyjvZBwrvm+cedCcQy"}],"_useOriginalSize":false,"_fontSize":16,"_lineHeight":20,"_N$horizontalAlign":1,"_N$verticalAlign":1}],"_prefab":{"__type__":"cc.PrefabInfo","root":{"__id__":1},"asset":{"__uuid__":"5eDjS79sdP/JMQ9OszN7IM"},"fileId":"d0E9yBHd9AxKB0Neb2t9ax"},"_color":{"__type__":"cc.Color","r":215,"g":1,"b":34},"_contentSize":{"__type__":"cc.Size","height":25.2},"_trs":{"__type__":"TypedArray","ctor":"Float64Array","array":[0,0,0,0,0,0,1,1,1,1]}},{"__type__":"cc.Node","_name":"failRes","_parent":{"__id__":49},"_components":[{"__type__":"cc.Label","node":{"__id__":50},"_materials":[{"__uuid__":"ecpdLyjvZBwrvm+cedCcQy"}],"_useOriginalSize":false,"_string":"闲","_N$string":"闲","_fontSize":16,"_lineHeight":20,"_N$horizontalAlign":1,"_N$verticalAlign":1}],"_prefab":{"__type__":"cc.PrefabInfo","root":{"__id__":1},"asset":{"__uuid__":"5eDjS79sdP/JMQ9OszN7IM"},"fileId":"abo0nhNZpL7L0+lXcbJi8u"},"_color":{"__type__":"cc.Color","r":1,"g":1,"b":254},"_contentSize":{"__type__":"cc.Size","width":16,"height":25.2},"_trs":{"__type__":"TypedArray","ctor":"Float64Array","array":[0,0,0,0,0,0,1,1,1,1]}},{"__type__":"cc.Node","_name":"winNode","_parent":{"__id__":48},"_children":[{"__id__":52},{"__id__":53}],"_prefab":{"__type__":"cc.PrefabInfo","root":{"__id__":1},"asset":{"__uuid__":"5eDjS79sdP/JMQ9OszN7IM"},"fileId":"f7AkZf6m5D9ZAAaRS73gR/"},"_contentSize":{"__type__":"cc.Size","width":30,"height":30},"_trs":{"__type__":"TypedArray","ctor":"Float64Array","array":[0,0,0,0,0,0,1,1,1,1]}},{"__type__":"cc.Node","_name":"winRes","_parent":{"__id__":51},"_components":[{"__type__":"cc.Label","node":{"__id__":52},"_materials":[{"__uuid__":"ecpdLyjvZBwrvm+cedCcQy"}],"_useOriginalSize":false,"_string":"闲","_N$string":"闲","_fontSize":16,"_lineHeight":20,"_N$horizontalAlign":1,"_N$verticalAlign":1}],"_prefab":{"__type__":"cc.PrefabInfo","root":{"__id__":1},"asset":{"__uuid__":"5eDjS79sdP/JMQ9OszN7IM"},"fileId":"2aABiF4t9EhpTHhLNMxYZY"},"_color":{"__type__":"cc.Color","r":1,"g":1,"b":254},"_contentSize":{"__type__":"cc.Size","width":16,"height":25.2},"_trs":{"__type__":"TypedArray","ctor":"Float64Array","array":[0,5.16,0,0,0,0,1,1,1,1]}},{"__type__":"cc.Node","_name":"winFrame","_parent":{"__id__":51},"_children":[{"__id__":54}],"_components":[{"__type__":"cc.Sprite","node":{"__id__":53},"_materials":[{"__uuid__":"ecpdLyjvZBwrvm+cedCcQy"}],"_spriteFrame":{"__uuid__":"19DpYfSKFO3qHjRUVJCMwA"},"_type":1,"_sizeMode":0},{"__type__":"cc.Widget","node":{"__id__":53},"_alignFlags":44,"_originalWidth":10}],"_prefab":{"__type__":"cc.PrefabInfo","root":{"__id__":1},"asset":{"__uuid__":"5eDjS79sdP/JMQ9OszN7IM"},"fileId":"94zBS79cJBh7vqoVxr82ox"},"_contentSize":{"__type__":"cc.Size","width":30,"height":10},"_trs":{"__type__":"TypedArray","ctor":"Float64Array","array":[0,-10,0,0,0,0,1,1,1,1]}},{"__type__":"cc.Node","_name":"winLab","_parent":{"__id__":53},"_components":[{"__type__":"cc.Label","node":{"__id__":54},"_materials":[{"__uuid__":"ecpdLyjvZBwrvm+cedCcQy"}],"_useOriginalSize":false,"_string":"WIN","_N$string":"WIN","_fontSize":10,"_lineHeight":10,"_N$horizontalAlign":1,"_N$verticalAlign":1}],"_prefab":{"__type__":"cc.PrefabInfo","root":{"__id__":1},"asset":{"__uuid__":"5eDjS79sdP/JMQ9OszN7IM"},"fileId":"dc8hQmF/tLGr1YPRxZ20PZ"},"_contentSize":{"__type__":"cc.Size","width":19.44,"height":12.6},"_trs":{"__type__":"TypedArray","ctor":"Float64Array","array":[0,0,0,0,0,0,1,1,1,1]}},{"__type__":"cc.Node","_name":"curStatus","_parent":{"__id__":15},"_components":[{"__id__":56}],"_prefab":{"__type__":"cc.PrefabInfo","root":{"__id__":1},"asset":{"__uuid__":"5eDjS79sdP/JMQ9OszN7IM"},"fileId":"440KECY6dFarPhkVR/OJ8M"},"_opacity":150,"_color":{"__type__":"cc.Color"},"_contentSize":{"__type__":"cc.Size","width":300,"height":151.2},"_trs":{"__type__":"TypedArray","ctor":"Float64Array","array":[-7.676,0,0,0,0,0,1,1,1,1]}},{"__type__":"cc.Label","node":{"__id__":55},"_materials":[{"__uuid__":"ecpdLyjvZBwrvm+cedCcQy"}],"_useOriginalSize":false,"_string":"开牌中","_N$string":"开牌中","_fontSize":100,"_lineHeight":120,"_N$file":{"__uuid__":"46+JuiEWZM24PqUuDl8jKX"},"_isSystemFontUsed":false,"_N$horizontalAlign":1,"_N$verticalAlign":1},{"__type__":"cc.Node","_name":"curResultLab","_parent":{"__id__":15},"_components":[{"__id__":58}],"_prefab":{"__type__":"cc.PrefabInfo","root":{"__id__":1},"asset":{"__uuid__":"5eDjS79sdP/JMQ9OszN7IM"},"fileId":"c879BuOTtJ/4P6DchTF73o"},"_color":{"__type__":"cc.Color","r":41,"g":171,"b":216},"_contentSize":{"__type__":"cc.Size","width":254,"height":151.2},"_trs":{"__type__":"TypedArray","ctor":"Float64Array","array":[-7.676,0,0,0,0,0,1,1,1,1]}},{"__type__":"cc.Label","node":{"__id__":57},"_materials":[{"__uuid__":"ecpdLyjvZBwrvm+cedCcQy"}],"_useOriginalSize":false,"_string":"sdfasd","_N$string":"sdfasd","_fontSize":100,"_lineHeight":120,"_N$file":{"__uuid__":"46+JuiEWZM24PqUuDl8jKX"},"_isSystemFontUsed":false,"_N$horizontalAlign":1,"_N$verticalAlign":1},{"__type__":"cc.Node","_name":"table_linebg","_parent":{"__id__":14},"_children":[{"__id__":60},{"__id__":62},{"__id__":64},{"__id__":66},{"__id__":68}],"_components":[{"__type__":"cc.Sprite","node":{"__id__":59},"_materials":[{"__uuid__":"ecpdLyjvZBwrvm+cedCcQy"}],"_spriteFrame":{"__uuid__":"eeBykL2AZPMKAzzWI5CZQJ"}},{"__type__":"cc.Layout","node":{"__id__":59},"_N$layoutType":1,"_N$paddingLeft":30,"_N$spacingX":20}],"_prefab":{"__type__":"cc.PrefabInfo","root":{"__id__":1},"asset":{"__uuid__":"5eDjS79sdP/JMQ9OszN7IM"},"fileId":"1fGokqHMpCS6wl558mt7Uy"},"_contentSize":{"__type__":"cc.Size","width":565,"height":38},"_trs":{"__type__":"TypedArray","ctor":"Float64Array","array":[0,-67.5,0,0,0,0,1,1,1,1]}},{"__type__":"cc.Node","_name":"boot_num","_parent":{"__id__":59},"_components":[{"__id__":61}],"_prefab":{"__type__":"cc.PrefabInfo","root":{"__id__":1},"asset":{"__uuid__":"5eDjS79sdP/JMQ9OszN7IM"},"fileId":"d8rroHm9FAYqcfPztjwA66"},"_color":{"__type__":"cc.Color","r":60,"g":226,"b":246},"_contentSize":{"__type__":"cc.Size","width":45.34,"height":25.2},"_trs":{"__type__":"TypedArray","ctor":"Float64Array","array":[-229.82999999999998,0,0,0,0,0,1,1,1,1]}},{"__type__":"cc.Label","node":{"__id__":60},"_materials":[{"__uuid__":"ecpdLyjvZBwrvm+cedCcQy"}],"_useOriginalSize":false,"_string":"靴次 0","_N$string":"靴次 0","_fontSize":16,"_lineHeight":20,"_N$horizontalAlign":1,"_N$verticalAlign":1},{"__type__":"cc.Node","_name":"pave_num","_parent":{"__id__":59},"_components":[{"__id__":63}],"_prefab":{"__type__":"cc.PrefabInfo","root":{"__id__":1},"asset":{"__uuid__":"5eDjS79sdP/JMQ9OszN7IM"},"fileId":"1dao1qhyFA0JmjzRLHVd5E"},"_color":{"__type__":"cc.Color","r":60,"g":226,"b":246},"_contentSize":{"__type__":"cc.Size","width":45.34,"height":25.2},"_trs":{"__type__":"TypedArray","ctor":"Float64Array","array":[-164.48999999999995,0,0,0,0,0,1,1,1,1]}},{"__type__":"cc.Label","node":{"__id__":62},"_materials":[{"__uuid__":"ecpdLyjvZBwrvm+cedCcQy"}],"_useOriginalSize":false,"_string":"靴次 0","_N$string":"靴次 0","_fontSize":16,"_lineHeight":20,"_N$horizontalAlign":1,"_N$verticalAlign":1},{"__type__":"cc.Node","_name":"xian_1","_parent":{"__id__":59},"_components":[{"__id__":65}],"_prefab":{"__type__":"cc.PrefabInfo","root":{"__id__":1},"asset":{"__uuid__":"5eDjS79sdP/JMQ9OszN7IM"},"fileId":"c0YiAdTUhGS6A1d0yHEmfU"},"_color":{"__type__":"cc.Color","r":197,"g":11,"b":13},"_contentSize":{"__type__":"cc.Size","width":29.34,"height":25.2},"_trs":{"__type__":"TypedArray","ctor":"Float64Array","array":[-107.14999999999993,0,0,0,0,0,1,1,1,1]}},{"__type__":"cc.Label","node":{"__id__":64},"_materials":[{"__uuid__":"ecpdLyjvZBwrvm+cedCcQy"}],"_useOriginalSize":false,"_string":"庄 0","_N$string":"庄 0","_fontSize":16,"_lineHeight":20,"_N$horizontalAlign":1,"_N$verticalAlign":1},{"__type__":"cc.Node","_name":"xian_2","_parent":{"__id__":59},"_components":[{"__id__":67}],"_prefab":{"__type__":"cc.PrefabInfo","root":{"__id__":1},"asset":{"__uuid__":"5eDjS79sdP/JMQ9OszN7IM"},"fileId":"86DUVSrBlKgYT6h28+Q/wS"},"_color":{"__type__":"cc.Color","r":60,"g":226,"b":246},"_contentSize":{"__type__":"cc.Size","width":29.34,"height":25.2},"_trs":{"__type__":"TypedArray","ctor":"Float64Array","array":[-57.80999999999993,0,0,0,0,0,1,1,1,1]}},{"__type__":"cc.Label","node":{"__id__":66},"_materials":[{"__uuid__":"ecpdLyjvZBwrvm+cedCcQy"}],"_useOriginalSize":false,"_string":"和 0","_N$string":"和 0","_fontSize":16,"_lineHeight":20,"_N$horizontalAlign":1,"_N$verticalAlign":1},{"__type__":"cc.Node","_name":"xian_3","_parent":{"__id__":59},"_components":[{"__id__":69}],"_prefab":{"__type__":"cc.PrefabInfo","root":{"__id__":1},"asset":{"__uuid__":"5eDjS79sdP/JMQ9OszN7IM"},"fileId":"3b50m89mxGxKW3zc6RZEeB"},"_color":{"__type__":"cc.Color","r":255,"g":255,"b":1},"_contentSize":{"__type__":"cc.Size","width":29.34,"height":25.2},"_trs":{"__type__":"TypedArray","ctor":"Float64Array","array":[-8.469999999999928,0,0,0,0,0,1,1,1,1]}},{"__type__":"cc.Label","node":{"__id__":68},"_materials":[{"__uuid__":"ecpdLyjvZBwrvm+cedCcQy"}],"_useOriginalSize":false,"_string":"和 0","_N$string":"和 0","_fontSize":16,"_lineHeight":20,"_N$horizontalAlign":1,"_N$verticalAlign":1}],{"__type__":"cc.SpriteFrame","content":{"name":"tabley","texture":"e1yQmXXQ9O3bS0pzleANtn","rect":[467,720,65,66],"offset":[0,0],"originalSize":[65,66],"rotated":1,"capInsets":[0,0,0,0]}},{"__type__":"cc.SpriteFrame","content":{"name":"nn","texture":"e1yQmXXQ9O3bS0pzleANtn","rect":[535,720,30,30],"offset":[0,0],"originalSize":[30,30],"capInsets":[0,0,0,0]}},{"__type__":"cc.SpriteFrame","content":{"name":"table_bg","texture":"e1yQmXXQ9O3bS0pzleANtn","rect":[115,1477,747,202],"offset":[0,0],"originalSize":[747,202],"capInsets":[0,0,0,0]}},{"__type__":"cc.SpriteFrame","content":{"name":"zhuang_hong","texture":"3dn4uZuXJLSqUYywI1ZTZy","rect":[1010,103,10,10],"offset":[0,0],"originalSize":[10,10],"capInsets":[4,4,4,4]}},{"__type__":"cc.SpriteFrame","content":{"name":"table","texture":"e1yQmXXQ9O3bS0pzleANtn","rect":[184,1764,24,24],"offset":[0,0],"originalSize":[24,24],"capInsets":[9,9,9,10]}},{"__type__":"cc.SpriteFrame","content":{"name":"table_linebg","texture":"e1yQmXXQ9O3bS0pzleANtn","rect":[212,1865,565,38],"offset":[0,0],"originalSize":[565,38],"capInsets":[0,0,0,0]}}]