[{"__type__":"cc.SpriteFrame","content":{"name":"normal_tip_bg","texture":"cfCpKgTV5PO4J+8KRBAv+M","rect":[2,2,78,527],"offset":[0,0],"originalSize":[78,527],"capInsets":[26,0,24,0]}},{"__type__":"cc.SpriteFrame","content":{"name":"close_btn","texture":"cfCpKgTV5PO4J+8KRBAv+M","rect":[578,812,81,78],"offset":[0,0],"originalSize":[81,78],"rotated":1,"capInsets":[0,0,0,0]}},{"__type__":"cc.SpriteFrame","content":{"name":"service_title","texture":"cfCpKgTV5PO4J+8KRBAv+M","rect":[159,2,351,75],"offset":[0,0],"originalSize":[351,75],"rotated":1,"capInsets":[0,0,0,0]}},[{"__type__":"cc.Prefab","_name":"LineServiceView","data":{"__id__":1}},{"__type__":"cc.Node","_name":"LineServiceView","_children":[{"__id__":2},{"__id__":3},{"__id__":4},{"__id__":5},{"__id__":6},{"__id__":7},{"__id__":8},{"__id__":9}],"_components":[{"__type__":"cc.Widget","node":{"__id__":1},"_alignFlags":45},{"__type__":"05846+MGFxFl7dxdOBkMoWd","node":{"__id__":1}}],"_prefab":{"__type__":"cc.PrefabInfo","root":{"__id__":1},"asset":{"__uuid__":"57pUGPSktMZZ/ZoQ8WXkuA"},"fileId":"a8ZO4xmdFKlop88OAn+Dnj"},"_contentSize":{"__type__":"cc.Size","width":1136,"height":640},"_trs":{"__type__":"TypedArray","ctor":"Float64Array","array":[568,320,0,0,0,0,1,1,1,1]}},{"__type__":"cc.Node","_name":"bg","_parent":{"__id__":1},"_components":[{"__type__":"cc.Sprite","node":{"__id__":2},"_materials":[{"__uuid__":"ecpdLyjvZBwrvm+cedCcQy"}],"_spriteFrame":{"__uuid__":"24yWtuBDVKdYg4jjClu6j7"},"_type":1,"_sizeMode":0},{"__type__":"cc.Button","node":{"__id__":2}}],"_prefab":{"__type__":"cc.PrefabInfo","root":{"__id__":1},"asset":{"__uuid__":"57pUGPSktMZZ/ZoQ8WXkuA"},"fileId":"b3AhcDf9JPTqvHiqL5bDp/"},"_contentSize":{"__type__":"cc.Size","width":596.5,"height":432},"_trs":{"__type__":"TypedArray","ctor":"Float64Array","array":[7.3,-5,0,0,0,0,1,1,1,1]}},{"__type__":"cc.Node","_name":"exitBtn","_parent":{"__id__":1},"_components":[{"__type__":"cc.Sprite","node":{"__id__":3},"_materials":[{"__uuid__":"ecpdLyjvZBwrvm+cedCcQy"}],"_spriteFrame":{"__uuid__":"30Hcj40p5IxKuqJSTx5a7F"}},{"__type__":"cc.Button","node":{"__id__":3},"clickEvents":[{"__type__":"cc.ClickEvent","target":{"__id__":1},"_componentId":"05846+MGFxFl7dxdOBkMoWd","handler":"closePanel"}],"_N$transition":3,"transition":3}],"_prefab":{"__type__":"cc.PrefabInfo","root":{"__id__":1},"asset":{"__uuid__":"57pUGPSktMZZ/ZoQ8WXkuA"},"fileId":"01ykXfS55LXb4Sz6GSTkP4"},"_contentSize":{"__type__":"cc.Size","width":81,"height":78},"_trs":{"__type__":"TypedArray","ctor":"Float64Array","array":[305.23,170.002,0,0,0,0,1,1,1,1]}},{"__type__":"cc.Node","_name":"serviceName","_parent":{"__id__":1},"_components":[{"__type__":"cc.Label","node":{"__id__":4},"_materials":[{"__uuid__":"ecpdLyjvZBwrvm+cedCcQy"}],"_useOriginalSize":false,"_string":"客      服 :  丽 丽","_N$string":"客      服 :  丽 丽","_fontSize":20,"_N$file":{"__uuid__":"6cdYiskGtJJYGqTveEBiCW"},"_isSystemFontUsed":false,"_N$horizontalAlign":1,"_N$verticalAlign":1}],"_prefab":{"__type__":"cc.PrefabInfo","root":{"__id__":1},"asset":{"__uuid__":"57pUGPSktMZZ/ZoQ8WXkuA"},"fileId":"calBWbXF1C3pSuclY6zG1O"},"_color":{"__type__":"cc.Color","r":251,"g":244,"b":207},"_contentSize":{"__type__":"cc.Size","width":134.81,"height":50.4},"_anchorPoint":{"__type__":"cc.Vec2","y":0.5},"_trs":{"__type__":"TypedArray","ctor":"Float64Array","array":[-233.915,87.42,0,0,0,0,1,1,1,1]}},{"__type__":"cc.Node","_name":"QQ","_parent":{"__id__":1},"_components":[{"__type__":"cc.Label","node":{"__id__":5},"_materials":[{"__uuid__":"ecpdLyjvZBwrvm+cedCcQy"}],"_useOriginalSize":false,"_string":"Q    Q :  123456789","_N$string":"Q    Q :  123456789","_fontSize":20,"_N$file":{"__uuid__":"6cdYiskGtJJYGqTveEBiCW"},"_isSystemFontUsed":false,"_N$horizontalAlign":1,"_N$verticalAlign":1}],"_prefab":{"__type__":"cc.PrefabInfo","root":{"__id__":1},"asset":{"__uuid__":"57pUGPSktMZZ/ZoQ8WXkuA"},"fileId":"91UEZCpd1D+rc68GEO8+1P"},"_color":{"__type__":"cc.Color","r":251,"g":244,"b":207},"_contentSize":{"__type__":"cc.Size","width":177.97,"height":50.4},"_anchorPoint":{"__type__":"cc.Vec2","y":0.5},"_trs":{"__type__":"TypedArray","ctor":"Float64Array","array":[-233.915,18.179,0,0,0,0,1,1,1,1]}},{"__type__":"cc.Node","_name":"phone","_parent":{"__id__":1},"_components":[{"__type__":"cc.Label","node":{"__id__":6},"_materials":[{"__uuid__":"ecpdLyjvZBwrvm+cedCcQy"}],"_useOriginalSize":false,"_string":"电     话  :  123456789","_N$string":"电     话  :  123456789","_fontSize":20,"_N$file":{"__uuid__":"6cdYiskGtJJYGqTveEBiCW"},"_isSystemFontUsed":false,"_N$horizontalAlign":1,"_N$verticalAlign":1}],"_prefab":{"__type__":"cc.PrefabInfo","root":{"__id__":1},"asset":{"__uuid__":"57pUGPSktMZZ/ZoQ8WXkuA"},"fileId":"4da3gA/otPTbx8QulwUp9P"},"_color":{"__type__":"cc.Color","r":251,"g":244,"b":207},"_contentSize":{"__type__":"cc.Size","width":195.37,"height":50.4},"_anchorPoint":{"__type__":"cc.Vec2","y":0.5},"_trs":{"__type__":"TypedArray","ctor":"Float64Array","array":[-233.915,-55.2,0,0,0,0,1,1,1,1]}},{"__type__":"cc.Node","_name":"weChat","_parent":{"__id__":1},"_components":[{"__type__":"cc.Label","node":{"__id__":7},"_materials":[{"__uuid__":"ecpdLyjvZBwrvm+cedCcQy"}],"_useOriginalSize":false,"_string":"微信号  :  123456789","_N$string":"微信号  :  123456789","_fontSize":20,"_N$file":{"__uuid__":"6cdYiskGtJJYGqTveEBiCW"},"_isSystemFontUsed":false,"_N$horizontalAlign":1,"_N$verticalAlign":1}],"_prefab":{"__type__":"cc.PrefabInfo","root":{"__id__":1},"asset":{"__uuid__":"57pUGPSktMZZ/ZoQ8WXkuA"},"fileId":"97zCHrT+ZEqqEf7oOVlFWf"},"_color":{"__type__":"cc.Color","r":251,"g":244,"b":207},"_contentSize":{"__type__":"cc.Size","width":190.37,"height":50.4},"_anchorPoint":{"__type__":"cc.Vec2","y":0.5},"_trs":{"__type__":"TypedArray","ctor":"Float64Array","array":[-232.617,-128.404,0,0,0,0,1,1,1,1]}},{"__type__":"cc.Node","_name":"myWechatTitle","_parent":{"__id__":1},"_components":[{"__type__":"cc.Label","node":{"__id__":8},"_materials":[{"__uuid__":"ecpdLyjvZBwrvm+cedCcQy"}],"_useOriginalSize":false,"_string":"微 信 我 二 维 码","_N$string":"微 信 我 二 维 码","_fontSize":20,"_N$file":{"__uuid__":"6cdYiskGtJJYGqTveEBiCW"},"_isSystemFontUsed":false,"_N$horizontalAlign":1,"_N$verticalAlign":1}],"_prefab":{"__type__":"cc.PrefabInfo","root":{"__id__":1},"asset":{"__uuid__":"57pUGPSktMZZ/ZoQ8WXkuA"},"fileId":"9315+jsONO4Y9jYNNmoeqE"},"_color":{"__type__":"cc.Color","r":251,"g":244,"b":207},"_contentSize":{"__type__":"cc.Size","width":145,"height":50.4},"_anchorPoint":{"__type__":"cc.Vec2","y":0.5},"_trs":{"__type__":"TypedArray","ctor":"Float64Array","array":[82.038,109.831,0,0,0,0,1,1,1,1]}},{"__type__":"cc.Node","_name":"New Sprite","_parent":{"__id__":1},"_components":[{"__type__":"cc.Sprite","node":{"__id__":9},"_materials":[{"__uuid__":"ecpdLyjvZBwrvm+cedCcQy"}],"_spriteFrame":{"__uuid__":"39WXbM62JKHKnxm59ahWCR"}}],"_prefab":{"__type__":"cc.PrefabInfo","root":{"__id__":1},"asset":{"__uuid__":"57pUGPSktMZZ/ZoQ8WXkuA"},"fileId":"6fXIGjHEVONoTpsDBsxdoZ"},"_contentSize":{"__type__":"cc.Size","width":351,"height":75},"_trs":{"__type__":"TypedArray","ctor":"Float64Array","array":[0,172.964,0,0,0,0,1,1,1,1]}}]]