[{"__type__":"cc.SpriteFrame","content":{"name":"login_tip_bg","texture":"ebmdEg3GZG5bu83hkMIeDJ","rect":[2,2,69,432],"offset":[0,0],"originalSize":[69,432],"capInsets":[20,0,20,0]}},{"__type__":"cc.SpriteFrame","content":{"name":"bank_cancel","texture":"e1yQmXXQ9O3bS0pzleANtn","rect":[570,621,163,54],"offset":[0,0],"originalSize":[163,54],"rotated":1,"capInsets":[0,0,0,0]}},{"__type__":"cc.SpriteFrame","content":{"name":"confirm_btn","texture":"cfCpKgTV5PO4J+8KRBAv+M","rect":[139,355,163,53],"offset":[0,0],"originalSize":[163,53],"rotated":1,"capInsets":[0,0,0,0]}},[{"__type__":"cc.Prefab","_name":"ModifyCard","data":{"__id__":1}},{"__type__":"cc.Node","_name":"ModifyCard","_children":[{"__id__":2}],"_components":[{"__type__":"cc.Widget","node":{"__id__":1},"_alignFlags":45},{"__type__":"b33cderL/9K3rsXunM5r/K+","node":{"__id__":1},"bankNameInput":{"__id__":14},"bankInfoInput":{"__id__":32},"accountInput":{"__id__":23}}],"_prefab":{"__type__":"cc.PrefabInfo","root":{"__id__":1},"asset":{"__uuid__":"bcsss21AtPAI9MtKPHEOkF"},"fileId":"c2RGSINnxBlLB5Fx+inCHS"},"_contentSize":{"__type__":"cc.Size","width":1136,"height":640},"_trs":{"__type__":"TypedArray","ctor":"Float64Array","array":[568,320,0,0,0,0,1,1,1,1]}},{"__type__":"cc.Node","_name":"bg","_parent":{"__id__":1},"_children":[{"__id__":3},{"__id__":4},{"__id__":5}],"_components":[{"__type__":"cc.Sprite","node":{"__id__":2},"_materials":[{"__uuid__":"ecpdLyjvZBwrvm+cedCcQy"}],"_spriteFrame":{"__uuid__":"20FVgdK5NKsIYJNTlRrc3L"},"_type":1,"_sizeMode":0},{"__type__":"cc.Button","node":{"__id__":2}}],"_prefab":{"__type__":"cc.PrefabInfo","root":{"__id__":1},"asset":{"__uuid__":"bcsss21AtPAI9MtKPHEOkF"},"fileId":"181vkpRzRHKJ9EVHHR+Zz9"},"_contentSize":{"__type__":"cc.Size","width":598.7,"height":400},"_trs":{"__type__":"TypedArray","ctor":"Float64Array","array":[2.4,-2.9,0,0,0,0,1,1,1,1]}},{"__type__":"cc.Node","_name":"title","_parent":{"__id__":2},"_components":[{"__type__":"cc.Sprite","node":{"__id__":3},"_materials":[{"__uuid__":"ecpdLyjvZBwrvm+cedCcQy"}],"_spriteFrame":{"__uuid__":"ccYsu1YDlJposB6hQpPgq3"}},{"__type__":"cc.Widget","node":{"__id__":3},"_target":{"__id__":2},"_alignFlags":1,"_top":-2.9000000000000057}],"_prefab":{"__type__":"cc.PrefabInfo","root":{"__id__":1},"asset":{"__uuid__":"bcsss21AtPAI9MtKPHEOkF"},"fileId":"808dbicchME5ObeSfRadTc"},"_contentSize":{"__type__":"cc.Size","width":351,"height":75},"_trs":{"__type__":"TypedArray","ctor":"Float64Array","array":[-1.064,165.4,0,0,0,0,1,1,1,1]}},{"__type__":"cc.Node","_name":"exitBtn","_parent":{"__id__":2},"_components":[{"__type__":"cc.Sprite","node":{"__id__":4},"_materials":[{"__uuid__":"ecpdLyjvZBwrvm+cedCcQy"}],"_spriteFrame":{"__uuid__":"c6D01mhoNBoZ0RPnMByWJX"},"_sizeMode":0},{"__type__":"cc.Button","node":{"__id__":4},"clickEvents":[{"__type__":"cc.ClickEvent","target":{"__id__":1},"_componentId":"b33cderL/9K3rsXunM5r/K+","handler":"closePanel"}]},{"__type__":"cc.Widget","node":{"__id__":4},"_target":{"__id__":2},"_alignFlags":1,"_top":-2.9000000000000057}],"_prefab":{"__type__":"cc.PrefabInfo","root":{"__id__":1},"asset":{"__uuid__":"bcsss21AtPAI9MtKPHEOkF"},"fileId":"26T8LJTL9M6beGGfAuBbzU"},"_contentSize":{"__type__":"cc.Size","width":100,"height":100},"_trs":{"__type__":"TypedArray","ctor":"Float64Array","array":[300.778,162.9,0,0,0,0,1,0.8,0.8,0.8]}},{"__type__":"cc.Node","_name":"Layout","_parent":{"__id__":2},"_children":[{"__id__":6},{"__id__":15},{"__id__":24},{"__id__":33}],"_components":[{"__type__":"cc.Layout","node":{"__id__":5},"_layoutSize":{"__type__":"cc.Size","width":550,"height":273.4},"_resize":1,"_N$layoutType":2,"_N$spacingY":20}],"_prefab":{"__type__":"cc.PrefabInfo","root":{"__id__":1},"asset":{"__uuid__":"bcsss21AtPAI9MtKPHEOkF"},"fileId":"fdr1vrE2FDvpu3LBR+ywdE"},"_contentSize":{"__type__":"cc.Size","width":550,"height":273.4},"_anchorPoint":{"__type__":"cc.Vec2","x":0.5,"y":1},"_trs":{"__type__":"TypedArray","ctor":"Float64Array","array":[-2.4,93.636,0,0,0,0,1,1,1,1]}},{"__type__":"cc.Node","_name":"bankName","_parent":{"__id__":5},"_children":[{"__id__":7}],"_components":[{"__type__":"cc.Label","node":{"__id__":6},"_materials":[{"__uuid__":"ecpdLyjvZBwrvm+cedCcQy"}],"_useOriginalSize":false,"_string":"银行","_N$string":"银行","_fontSize":20,"_lineHeight":30,"_N$horizontalAlign":1,"_N$verticalAlign":1},{"__type__":"cc.Widget","node":{"__id__":6},"_alignFlags":8}],"_prefab":{"__type__":"cc.PrefabInfo","root":{"__id__":1},"asset":{"__uuid__":"bcsss21AtPAI9MtKPHEOkF"},"fileId":"60gX6IOxhGHJ5IkdBqB5I5"},"_contentSize":{"__type__":"cc.Size","width":40,"height":37.8},"_anchorPoint":{"__type__":"cc.Vec2","y":0.5},"_trs":{"__type__":"TypedArray","ctor":"Float64Array","array":[-275,-18.9,0,0,0,0,1,1,1,1]}},{"__type__":"cc.Node","_name":"New EditBox","_parent":{"__id__":6},"_children":[{"__id__":8},{"__id__":10},{"__id__":12}],"_components":[{"__id__":14},{"__type__":"cc.Widget","node":{"__id__":7},"_target":{"__id__":5},"_alignFlags":40,"_left":140,"_originalWidth":160}],"_prefab":{"__type__":"cc.PrefabInfo","root":{"__id__":1},"asset":{"__uuid__":"bcsss21AtPAI9MtKPHEOkF"},"fileId":"78jQEGFJpFyrewvBdbzijM"},"_contentSize":{"__type__":"cc.Size","width":410,"height":40},"_anchorPoint":{"__type__":"cc.Vec2","y":0.5},"_trs":{"__type__":"TypedArray","ctor":"Float64Array","array":[140,0,0,0,0,0,1,1,1,1]}},{"__type__":"cc.Node","_name":"BACKGROUND_SPRITE","_parent":{"__id__":7},"_components":[{"__id__":9},{"__type__":"cc.Widget","node":{"__id__":8},"alignMode":0,"_alignFlags":45,"_originalWidth":160,"_originalHeight":40}],"_prefab":{"__type__":"cc.PrefabInfo","root":{"__id__":1},"asset":{"__uuid__":"bcsss21AtPAI9MtKPHEOkF"},"fileId":"fdYy0EWaVGZIJXOHEn4XUi"},"_contentSize":{"__type__":"cc.Size","width":410,"height":40},"_trs":{"__type__":"TypedArray","ctor":"Float64Array","array":[205,0,0,0,0,0,1,1,1,1]}},{"__type__":"cc.Sprite","node":{"__id__":8},"_materials":[{"__uuid__":"ecpdLyjvZBwrvm+cedCcQy"}],"_spriteFrame":{"__uuid__":"dfY1tw0elH6rzhl7xzNnRZ"},"_type":1,"_sizeMode":0},{"__type__":"cc.Node","_name":"TEXT_LABEL","_parent":{"__id__":7},"_active":false,"_components":[{"__id__":11},{"__type__":"cc.Widget","node":{"__id__":10},"alignMode":0,"_alignFlags":45,"_left":2,"_originalWidth":158,"_originalHeight":40}],"_prefab":{"__type__":"cc.PrefabInfo","root":{"__id__":1},"asset":{"__uuid__":"bcsss21AtPAI9MtKPHEOkF"},"fileId":"4cfg/Y5q5JbrAgIBA6mXDM"},"_contentSize":{"__type__":"cc.Size","width":158,"height":40},"_anchorPoint":{"__type__":"cc.Vec2","y":1},"_trs":{"__type__":"TypedArray","ctor":"Float64Array","array":[-78,20,0,0,0,0,1,1,1,1]}},{"__type__":"cc.Label","node":{"__id__":10},"_fontSize":20,"_lineHeight":25,"_enableWrapText":false,"_N$verticalAlign":1,"_N$overflow":1},{"__type__":"cc.Node","_name":"PLACEHOLDER_LABEL","_parent":{"__id__":7},"_components":[{"__id__":13},{"__type__":"cc.Widget","node":{"__id__":12},"alignMode":0,"_alignFlags":45,"_left":2,"_originalWidth":158,"_originalHeight":40}],"_prefab":{"__type__":"cc.PrefabInfo","root":{"__id__":1},"asset":{"__uuid__":"bcsss21AtPAI9MtKPHEOkF"},"fileId":"1dnJ21nm9KSLOrslQFc/fj"},"_color":{"__type__":"cc.Color","r":187,"g":187,"b":187},"_contentSize":{"__type__":"cc.Size","width":408,"height":40},"_anchorPoint":{"__type__":"cc.Vec2","y":1},"_trs":{"__type__":"TypedArray","ctor":"Float64Array","array":[2,20,0,0,0,0,1,1,1,1]}},{"__type__":"cc.Label","node":{"__id__":12},"_materials":[{"__uuid__":"ecpdLyjvZBwrvm+cedCcQy"}],"_string":"请输入开户银行","_N$string":"请输入开户银行","_fontSize":20,"_lineHeight":25,"_enableWrapText":false,"_N$verticalAlign":1,"_N$overflow":1},{"__type__":"cc.EditBox","node":{"__id__":7},"_useOriginalSize":false,"maxLength":-1,"_N$textLabel":{"__id__":11},"_N$placeholderLabel":{"__id__":13},"_N$background":{"__id__":9},"_N$inputMode":6},{"__type__":"cc.Node","_name":"bankNum","_parent":{"__id__":5},"_children":[{"__id__":16}],"_components":[{"__type__":"cc.Label","node":{"__id__":15},"_materials":[{"__uuid__":"ecpdLyjvZBwrvm+cedCcQy"}],"_useOriginalSize":false,"_string":"银行卡号","_N$string":"银行卡号","_fontSize":20,"_lineHeight":30,"_N$horizontalAlign":1,"_N$verticalAlign":1},{"__type__":"cc.Widget","node":{"__id__":15},"_alignFlags":8}],"_prefab":{"__type__":"cc.PrefabInfo","root":{"__id__":1},"asset":{"__uuid__":"bcsss21AtPAI9MtKPHEOkF"},"fileId":"d3EgrV/LJGYpI3pA3PHaF+"},"_contentSize":{"__type__":"cc.Size","width":80,"height":37.8},"_anchorPoint":{"__type__":"cc.Vec2","y":0.5},"_trs":{"__type__":"TypedArray","ctor":"Float64Array","array":[-275,-76.69999999999999,0,0,0,0,1,1,1,1]}},{"__type__":"cc.Node","_name":"New EditBox","_parent":{"__id__":15},"_children":[{"__id__":17},{"__id__":19},{"__id__":21}],"_components":[{"__id__":23},{"__type__":"cc.Widget","node":{"__id__":16},"_target":{"__id__":5},"_alignFlags":40,"_left":140,"_originalWidth":160}],"_prefab":{"__type__":"cc.PrefabInfo","root":{"__id__":1},"asset":{"__uuid__":"bcsss21AtPAI9MtKPHEOkF"},"fileId":"33HmxRJO5FGpx/odv8pAEV"},"_contentSize":{"__type__":"cc.Size","width":410,"height":40},"_anchorPoint":{"__type__":"cc.Vec2","y":0.5},"_trs":{"__type__":"TypedArray","ctor":"Float64Array","array":[140,0,0,0,0,0,1,1,1,1]}},{"__type__":"cc.Node","_name":"BACKGROUND_SPRITE","_parent":{"__id__":16},"_components":[{"__id__":18},{"__type__":"cc.Widget","node":{"__id__":17},"alignMode":0,"_alignFlags":45,"_originalWidth":160,"_originalHeight":40}],"_prefab":{"__type__":"cc.PrefabInfo","root":{"__id__":1},"asset":{"__uuid__":"bcsss21AtPAI9MtKPHEOkF"},"fileId":"477MounB9LCJKzLY/U/UuW"},"_contentSize":{"__type__":"cc.Size","width":410,"height":40},"_trs":{"__type__":"TypedArray","ctor":"Float64Array","array":[205,0,0,0,0,0,1,1,1,1]}},{"__type__":"cc.Sprite","node":{"__id__":17},"_materials":[{"__uuid__":"ecpdLyjvZBwrvm+cedCcQy"}],"_spriteFrame":{"__uuid__":"dfY1tw0elH6rzhl7xzNnRZ"},"_type":1,"_sizeMode":0},{"__type__":"cc.Node","_name":"TEXT_LABEL","_parent":{"__id__":16},"_active":false,"_components":[{"__id__":20},{"__type__":"cc.Widget","node":{"__id__":19},"alignMode":0,"_alignFlags":45,"_left":2,"_originalWidth":158,"_originalHeight":40}],"_prefab":{"__type__":"cc.PrefabInfo","root":{"__id__":1},"asset":{"__uuid__":"bcsss21AtPAI9MtKPHEOkF"},"fileId":"f7g3wbd7hLS4BMN3M1qoDX"},"_contentSize":{"__type__":"cc.Size","width":158,"height":40},"_anchorPoint":{"__type__":"cc.Vec2","y":1},"_trs":{"__type__":"TypedArray","ctor":"Float64Array","array":[-78,20,0,0,0,0,1,1,1,1]}},{"__type__":"cc.Label","node":{"__id__":19},"_fontSize":20,"_lineHeight":25,"_enableWrapText":false,"_N$verticalAlign":1,"_N$overflow":1},{"__type__":"cc.Node","_name":"PLACEHOLDER_LABEL","_parent":{"__id__":16},"_components":[{"__id__":22},{"__type__":"cc.Widget","node":{"__id__":21},"alignMode":0,"_alignFlags":45,"_left":2,"_originalWidth":158,"_originalHeight":40}],"_prefab":{"__type__":"cc.PrefabInfo","root":{"__id__":1},"asset":{"__uuid__":"bcsss21AtPAI9MtKPHEOkF"},"fileId":"4aGdFU+M9HLKzIBGS01D1T"},"_color":{"__type__":"cc.Color","r":187,"g":187,"b":187},"_contentSize":{"__type__":"cc.Size","width":408,"height":40},"_anchorPoint":{"__type__":"cc.Vec2","y":1},"_trs":{"__type__":"TypedArray","ctor":"Float64Array","array":[2,20,0,0,0,0,1,1,1,1]}},{"__type__":"cc.Label","node":{"__id__":21},"_materials":[{"__uuid__":"ecpdLyjvZBwrvm+cedCcQy"}],"_string":"请输入银行卡号","_N$string":"请输入银行卡号","_fontSize":20,"_lineHeight":25,"_enableWrapText":false,"_N$verticalAlign":1,"_N$overflow":1},{"__type__":"cc.EditBox","node":{"__id__":16},"_useOriginalSize":false,"maxLength":-1,"_N$textLabel":{"__id__":20},"_N$placeholderLabel":{"__id__":22},"_N$background":{"__id__":18},"_N$inputMode":6},{"__type__":"cc.Node","_name":"bankInfo","_parent":{"__id__":5},"_children":[{"__id__":25}],"_components":[{"__type__":"cc.Label","node":{"__id__":24},"_materials":[{"__uuid__":"ecpdLyjvZBwrvm+cedCcQy"}],"_useOriginalSize":false,"_string":"开户行名称","_N$string":"开户行名称","_fontSize":20,"_lineHeight":30,"_N$horizontalAlign":1,"_N$verticalAlign":1},{"__type__":"cc.Widget","node":{"__id__":24},"_alignFlags":8}],"_prefab":{"__type__":"cc.PrefabInfo","root":{"__id__":1},"asset":{"__uuid__":"bcsss21AtPAI9MtKPHEOkF"},"fileId":"84sYXoB2tDT4tgOpCu6sE0"},"_contentSize":{"__type__":"cc.Size","width":100,"height":37.8},"_anchorPoint":{"__type__":"cc.Vec2","y":0.5},"_trs":{"__type__":"TypedArray","ctor":"Float64Array","array":[-275,-134.5,0,0,0,0,1,1,1,1]}},{"__type__":"cc.Node","_name":"New EditBox","_parent":{"__id__":24},"_children":[{"__id__":26},{"__id__":28},{"__id__":30}],"_components":[{"__id__":32},{"__type__":"cc.Widget","node":{"__id__":25},"_target":{"__id__":5},"_alignFlags":40,"_left":140,"_originalWidth":160}],"_prefab":{"__type__":"cc.PrefabInfo","root":{"__id__":1},"asset":{"__uuid__":"bcsss21AtPAI9MtKPHEOkF"},"fileId":"bamB6sMOVF+663BHQuzgqq"},"_contentSize":{"__type__":"cc.Size","width":410,"height":40},"_anchorPoint":{"__type__":"cc.Vec2","y":0.5},"_trs":{"__type__":"TypedArray","ctor":"Float64Array","array":[140,0,0,0,0,0,1,1,1,1]}},{"__type__":"cc.Node","_name":"BACKGROUND_SPRITE","_parent":{"__id__":25},"_components":[{"__id__":27},{"__type__":"cc.Widget","node":{"__id__":26},"alignMode":0,"_alignFlags":45,"_originalWidth":160,"_originalHeight":40}],"_prefab":{"__type__":"cc.PrefabInfo","root":{"__id__":1},"asset":{"__uuid__":"bcsss21AtPAI9MtKPHEOkF"},"fileId":"657E6EsNJD9Z+cViq0hhus"},"_contentSize":{"__type__":"cc.Size","width":410,"height":40},"_trs":{"__type__":"TypedArray","ctor":"Float64Array","array":[205,0,0,0,0,0,1,1,1,1]}},{"__type__":"cc.Sprite","node":{"__id__":26},"_materials":[{"__uuid__":"ecpdLyjvZBwrvm+cedCcQy"}],"_spriteFrame":{"__uuid__":"dfY1tw0elH6rzhl7xzNnRZ"},"_type":1,"_sizeMode":0},{"__type__":"cc.Node","_name":"TEXT_LABEL","_parent":{"__id__":25},"_active":false,"_components":[{"__id__":29},{"__type__":"cc.Widget","node":{"__id__":28},"alignMode":0,"_alignFlags":45,"_left":2,"_originalWidth":158,"_originalHeight":40}],"_prefab":{"__type__":"cc.PrefabInfo","root":{"__id__":1},"asset":{"__uuid__":"bcsss21AtPAI9MtKPHEOkF"},"fileId":"79rzyH4jhEOZGTraQcuM5m"},"_contentSize":{"__type__":"cc.Size","width":158,"height":40},"_anchorPoint":{"__type__":"cc.Vec2","y":1},"_trs":{"__type__":"TypedArray","ctor":"Float64Array","array":[-78,20,0,0,0,0,1,1,1,1]}},{"__type__":"cc.Label","node":{"__id__":28},"_fontSize":20,"_lineHeight":25,"_enableWrapText":false,"_N$verticalAlign":1,"_N$overflow":1},{"__type__":"cc.Node","_name":"PLACEHOLDER_LABEL","_parent":{"__id__":25},"_components":[{"__id__":31},{"__type__":"cc.Widget","node":{"__id__":30},"alignMode":0,"_alignFlags":45,"_left":2,"_originalWidth":158,"_originalHeight":40}],"_prefab":{"__type__":"cc.PrefabInfo","root":{"__id__":1},"asset":{"__uuid__":"bcsss21AtPAI9MtKPHEOkF"},"fileId":"21gsdlEGNOlIKEvLBA6oFf"},"_color":{"__type__":"cc.Color","r":187,"g":187,"b":187},"_contentSize":{"__type__":"cc.Size","width":408,"height":40},"_anchorPoint":{"__type__":"cc.Vec2","y":1},"_trs":{"__type__":"TypedArray","ctor":"Float64Array","array":[2,20,0,0,0,0,1,1,1,1]}},{"__type__":"cc.Label","node":{"__id__":30},"_materials":[{"__uuid__":"ecpdLyjvZBwrvm+cedCcQy"}],"_string":"请输入开户行名称","_N$string":"请输入开户行名称","_fontSize":20,"_lineHeight":25,"_enableWrapText":false,"_N$verticalAlign":1,"_N$overflow":1},{"__type__":"cc.EditBox","node":{"__id__":25},"_useOriginalSize":false,"maxLength":-1,"_N$textLabel":{"__id__":29},"_N$placeholderLabel":{"__id__":31},"_N$background":{"__id__":27},"_N$inputMode":6},{"__type__":"cc.Node","_name":"New Layout","_parent":{"__id__":5},"_children":[{"__id__":34},{"__id__":35}],"_components":[{"__type__":"cc.Layout","node":{"__id__":33},"_layoutSize":{"__type__":"cc.Size","width":406,"height":100},"_resize":1,"_N$layoutType":1,"_N$spacingX":80}],"_prefab":{"__type__":"cc.PrefabInfo","root":{"__id__":1},"asset":{"__uuid__":"bcsss21AtPAI9MtKPHEOkF"},"fileId":"4dxYCBRXhIHJYu5EeTs75l"},"_contentSize":{"__type__":"cc.Size","width":406,"height":100},"_trs":{"__type__":"TypedArray","ctor":"Float64Array","array":[0,-223.4,0,0,0,0,1,1,1,1]}},{"__type__":"cc.Node","_name":"confirm_btn","_parent":{"__id__":33},"_components":[{"__type__":"cc.Sprite","node":{"__id__":34},"_materials":[{"__uuid__":"ecpdLyjvZBwrvm+cedCcQy"}],"_spriteFrame":{"__uuid__":"8ahGpUh1xHnK2iqSg9FFXn"}},{"__type__":"cc.Button","node":{"__id__":34},"clickEvents":[{"__type__":"cc.ClickEvent","target":{"__id__":1},"_componentId":"b33cderL/9K3rsXunM5r/K+","handler":"confirmInfo"}]}],"_prefab":{"__type__":"cc.PrefabInfo","root":{"__id__":1},"asset":{"__uuid__":"bcsss21AtPAI9MtKPHEOkF"},"fileId":"12ervygjBK1ZZ/84OPwctY"},"_contentSize":{"__type__":"cc.Size","width":163,"height":53},"_trs":{"__type__":"TypedArray","ctor":"Float64Array","array":[-121.5,0,0,0,0,0,1,1,1,1]}},{"__type__":"cc.Node","_name":"bank_cancel","_parent":{"__id__":33},"_components":[{"__type__":"cc.Sprite","node":{"__id__":35},"_materials":[{"__uuid__":"ecpdLyjvZBwrvm+cedCcQy"}],"_spriteFrame":{"__uuid__":"200vRUI0lBxIdCdqFCPH5m"}},{"__type__":"cc.Button","node":{"__id__":35},"clickEvents":[{"__type__":"cc.ClickEvent","target":{"__id__":1},"_componentId":"b33cderL/9K3rsXunM5r/K+","handler":"closePanel"}]}],"_prefab":{"__type__":"cc.PrefabInfo","root":{"__id__":1},"asset":{"__uuid__":"bcsss21AtPAI9MtKPHEOkF"},"fileId":"a6JoSIRm9I0qKvp6tPBkAi"},"_contentSize":{"__type__":"cc.Size","width":163,"height":54},"_trs":{"__type__":"TypedArray","ctor":"Float64Array","array":[121.5,0,0,0,0,0,1,1,1,1]}}],{"__type__":"cc.SpriteFrame","content":{"name":"close_btn","texture":"ebmdEg3GZG5bu83hkMIeDJ","rect":[306,217,81,78],"offset":[0,0],"originalSize":[81,78],"capInsets":[0,0,0,0]}},{"__type__":"cc.SpriteFrame","content":{"name":"bank_modify_tit","texture":"e1yQmXXQ9O3bS0pzleANtn","rect":[582,931,351,75],"offset":[0,0],"originalSize":[351,75],"rotated":1,"capInsets":[0,0,0,0]}},{"__type__":"cc.SpriteFrame","content":{"name":"game_limit_bg","texture":"3dn4uZuXJLSqUYywI1ZTZy","rect":[914,486,22,24],"offset":[0,0],"originalSize":[22,24],"capInsets":[8,7,8,8]}}]