[{"__type__":"cc.SpriteFrame","content":{"name":"nn_gray_frame_2","texture":"3dn4uZuXJLSqUYywI1ZTZy","rect":[1010,139,10,10],"offset":[0,0],"originalSize":[10,10],"capInsets":[4,4,4,4]}},{"__type__":"cc.SpriteFrame","content":{"name":"select_info_bg","texture":"3dn4uZuXJLSqUYywI1ZTZy","rect":[861,2,154,67],"offset":[0,0],"originalSize":[154,67],"capInsets":[0,0,0,0]}},{"__type__":"cc.SpriteFrame","content":{"name":"heidi_jing","texture":"cfCpKgTV5PO4J+8KRBAv+M","rect":[280,496,19,20],"offset":[0,0],"originalSize":[19,20],"capInsets":[5,5,4,4]}},{"__type__":"cc.SpriteFrame","content":{"name":"start_game","texture":"3dn4uZuXJLSqUYywI1ZTZy","rect":[538,138,165,53],"offset":[0,0],"originalSize":[165,53],"capInsets":[0,0,0,0]}},{"__type__":"cc.SpriteFrame","content":{"name":"xian_lan","texture":"3dn4uZuXJLSqUYywI1ZTZy","rect":[1010,127,10,10],"offset":[0,0],"originalSize":[10,10],"capInsets":[4,4,4,4]}},{"__type__":"cc.SpriteFrame","content":{"name":"nn_gray_frame_1","texture":"3dn4uZuXJLSqUYywI1ZTZy","rect":[814,289,10,10],"offset":[0,0],"originalSize":[10,10],"capInsets":[4,4,4,4]}},{"__type__":"cc.SpriteFrame","content":{"name":"statusBg","texture":"3dn4uZuXJLSqUYywI1ZTZy","rect":[2,309,139,43],"offset":[0,0],"originalSize":[139,43],"capInsets":[28,13,38,13]}},{"__type__":"cc.SpriteFrame","content":{"name":"zhuang_hong","texture":"3dn4uZuXJLSqUYywI1ZTZy","rect":[1010,103,10,10],"offset":[0,0],"originalSize":[10,10],"capInsets":[4,4,4,4]}},[{"__type__":"cc.Prefab","_name":"NNItem","data":{"__id__":1}},{"__type__":"cc.Node","_name":"NNItem","_children":[{"__id__":2},{"__id__":3},{"__id__":5},{"__id__":7},{"__id__":9},{"__id__":11},{"__id__":13},{"__id__":15},{"__id__":21},{"__id__":38},{"__id__":78},{"__id__":79},{"__id__":80},{"__id__":82}],"_components":[{"__type__":"02a84sHOz5J84W5JrFvIrHk","node":{"__id__":1},"gameTitleLab":{"__id__":4},"normalLimit":{"__id__":6},"doubleLimit":{"__id__":8},"deskMoney":{"__id__":29},"totalMemberNum":{"__id__":25},"bootNumLab":{"__id__":33},"paveNumLab":{"__id__":37},"xian_1_lab":{"__id__":10},"xian_2_lab":{"__id__":12},"xian_3_lab":{"__id__":14},"recordItem":{"__id__":49},"recordLayout":{"__id__":48},"statusArray":[{"__id__":17},{"__id__":18},{"__id__":19},{"__id__":20}],"curStatusLab":{"__id__":81},"resultLab":{"__id__":83}}],"_prefab":{"__type__":"cc.PrefabInfo","root":{"__id__":1},"asset":{"__uuid__":"8b5rVdALdPb4te8atsjMPw"},"fileId":"58iQjI2MJKqpjspXkoz7GZ"},"_contentSize":{"__type__":"cc.Size","width":1126,"height":395},"_trs":{"__type__":"TypedArray","ctor":"Float64Array","array":[-21,-199,0,0,0,0,1,1,1,1]}},{"__type__":"cc.Node","_name":"bg","_parent":{"__id__":1},"_components":[{"__type__":"cc.Sprite","node":{"__id__":2},"_materials":[{"__uuid__":"ecpdLyjvZBwrvm+cedCcQy"}],"_spriteFrame":{"__uuid__":"16tX7abV5HFq3XNrbZ4bIQ"},"_type":1,"_sizeMode":0},{"__type__":"cc.Widget","node":{"__id__":2},"_alignFlags":45,"_left":0.500000000000039,"_right":8.499999999999961,"_originalWidth":100,"_originalHeight":100}],"_prefab":{"__type__":"cc.PrefabInfo","root":{"__id__":1},"asset":{"__uuid__":"8b5rVdALdPb4te8atsjMPw"},"fileId":"d0Z9Ec4wZOhZL+LUvy3WlV"},"_contentSize":{"__type__":"cc.Size","width":1117,"height":395},"_trs":{"__type__":"TypedArray","ctor":"Float64Array","array":[-4,0,0,0,0,0,1,1,1,1]}},{"__type__":"cc.Node","_name":"gameTitleLab","_parent":{"__id__":1},"_components":[{"__id__":4},{"__type__":"cc.LabelOutline","node":{"__id__":3},"_color":{"__type__":"cc.Color","r":84,"g":140,"b":212},"_width":2}],"_prefab":{"__type__":"cc.PrefabInfo","root":{"__id__":1},"asset":{"__uuid__":"8b5rVdALdPb4te8atsjMPw"},"fileId":"e7dT0wx41I9pRLPFEEAbMb"},"_contentSize":{"__type__":"cc.Size","width":132,"height":50},"_anchorPoint":{"__type__":"cc.Vec2","y":0.5},"_trs":{"__type__":"TypedArray","ctor":"Float64Array","array":[-559.625,167.183,0,0,0,0,1,1,1,1]}},{"__type__":"cc.Label","node":{"__id__":3},"_materials":[{"__uuid__":"ecpdLyjvZBwrvm+cedCcQy"}],"_useOriginalSize":false,"_string":"牛牛86","_N$string":"牛牛86","_fontSize":31,"_N$file":{"__uuid__":"a6GFdfihpIQY/CU35PyGmw"},"_isSystemFontUsed":false,"_N$horizontalAlign":1,"_N$verticalAlign":1,"_N$overflow":2},{"__type__":"cc.Node","_name":"normalimit","_parent":{"__id__":1},"_components":[{"__id__":6}],"_prefab":{"__type__":"cc.PrefabInfo","root":{"__id__":1},"asset":{"__uuid__":"8b5rVdALdPb4te8atsjMPw"},"fileId":"7d/EBMZBBKW4RZnQB7YIJo"},"_contentSize":{"__type__":"cc.Size","width":301,"height":50},"_anchorPoint":{"__type__":"cc.Vec2","y":0.5},"_trs":{"__type__":"TypedArray","ctor":"Float64Array","array":[-212,167.558,0,0,0,0,1,1,1,1]}},{"__type__":"cc.Label","node":{"__id__":5},"_materials":[{"__uuid__":"ecpdLyjvZBwrvm+cedCcQy"}],"_useOriginalSize":false,"_string":"限红20~30000","_N$string":"限红20~30000","_fontSize":23,"_N$file":{"__uuid__":"a6GFdfihpIQY/CU35PyGmw"},"_isSystemFontUsed":false,"_N$verticalAlign":1,"_N$overflow":2},{"__type__":"cc.Node","_name":"doubleLimit","_parent":{"__id__":1},"_components":[{"__id__":8}],"_prefab":{"__type__":"cc.PrefabInfo","root":{"__id__":1},"asset":{"__uuid__":"8b5rVdALdPb4te8atsjMPw"},"fileId":"78GND0RWZBhpMi6lJQSVTc"},"_contentSize":{"__type__":"cc.Size","width":328,"height":50},"_anchorPoint":{"__type__":"cc.Vec2","y":0.5},"_trs":{"__type__":"TypedArray","ctor":"Float64Array","array":[108.405,167.558,0,0,0,0,1,1,1,1]}},{"__type__":"cc.Label","node":{"__id__":7},"_materials":[{"__uuid__":"ecpdLyjvZBwrvm+cedCcQy"}],"_useOriginalSize":false,"_string":"限红20~30000","_N$string":"限红20~30000","_fontSize":23,"_N$file":{"__uuid__":"a6GFdfihpIQY/CU35PyGmw"},"_isSystemFontUsed":false,"_N$verticalAlign":1,"_N$overflow":2},{"__type__":"cc.Node","_name":"xian_1","_parent":{"__id__":1},"_components":[{"__id__":10}],"_prefab":{"__type__":"cc.PrefabInfo","root":{"__id__":1},"asset":{"__uuid__":"8b5rVdALdPb4te8atsjMPw"},"fileId":"24RRH6lLZFUYAPe8yhW5lL"},"_contentSize":{"__type__":"cc.Size","width":87.69,"height":50.4},"_anchorPoint":{"__type__":"cc.Vec2","y":0.5},"_trs":{"__type__":"TypedArray","ctor":"Float64Array","array":[-527.994,-171.964,0,0,0,0,1,1,1,1]}},{"__type__":"cc.Label","node":{"__id__":9},"_materials":[{"__uuid__":"ecpdLyjvZBwrvm+cedCcQy"}],"_useOriginalSize":false,"_string":"闲1：42","_N$string":"闲1：42","_fontSize":23,"_N$file":{"__uuid__":"a6GFdfihpIQY/CU35PyGmw"},"_isSystemFontUsed":false,"_N$horizontalAlign":1,"_N$verticalAlign":1},{"__type__":"cc.Node","_name":"xian_2","_parent":{"__id__":1},"_components":[{"__id__":12}],"_prefab":{"__type__":"cc.PrefabInfo","root":{"__id__":1},"asset":{"__uuid__":"8b5rVdALdPb4te8atsjMPw"},"fileId":"d3BY/pi2hDyoLjV/ZZgF+I"},"_contentSize":{"__type__":"cc.Size","width":87.51,"height":50.4},"_anchorPoint":{"__type__":"cc.Vec2","y":0.5},"_trs":{"__type__":"TypedArray","ctor":"Float64Array","array":[-205.72,-170.666,0,0,0,0,1,1,1,1]}},{"__type__":"cc.Label","node":{"__id__":11},"_materials":[{"__uuid__":"ecpdLyjvZBwrvm+cedCcQy"}],"_useOriginalSize":false,"_string":"闲2：34","_N$string":"闲2：34","_fontSize":23,"_N$file":{"__uuid__":"a6GFdfihpIQY/CU35PyGmw"},"_isSystemFontUsed":false,"_N$horizontalAlign":1,"_N$verticalAlign":1},{"__type__":"cc.Node","_name":"xian_3","_parent":{"__id__":1},"_components":[{"__id__":14}],"_prefab":{"__type__":"cc.PrefabInfo","root":{"__id__":1},"asset":{"__uuid__":"8b5rVdALdPb4te8atsjMPw"},"fileId":"5cobG8fD5FIa/G1/73BqGI"},"_contentSize":{"__type__":"cc.Size","width":73.85,"height":50.4},"_anchorPoint":{"__type__":"cc.Vec2","y":0.5},"_trs":{"__type__":"TypedArray","ctor":"Float64Array","array":[92.295,-171.52,0,0,0,0,1,1,1,1]}},{"__type__":"cc.Label","node":{"__id__":13},"_materials":[{"__uuid__":"ecpdLyjvZBwrvm+cedCcQy"}],"_useOriginalSize":false,"_string":"闲3：1","_N$string":"闲3：1","_fontSize":23,"_N$file":{"__uuid__":"a6GFdfihpIQY/CU35PyGmw"},"_isSystemFontUsed":false,"_N$horizontalAlign":1,"_N$verticalAlign":1},{"__type__":"cc.Node","_name":"statusBg","_parent":{"__id__":1},"_children":[{"__id__":16},{"__id__":17},{"__id__":18},{"__id__":19},{"__id__":20}],"_components":[{"__type__":"cc.Sprite","node":{"__id__":15},"_materials":[{"__uuid__":"ecpdLyjvZBwrvm+cedCcQy"}],"_spriteFrame":{"__uuid__":"4fuQsDfXFMqKzg9cfRYpDY"}}],"_prefab":{"__type__":"cc.PrefabInfo","root":{"__id__":1},"asset":{"__uuid__":"8b5rVdALdPb4te8atsjMPw"},"fileId":"d7AG+2soZCCLqU60+VPicG"},"_contentSize":{"__type__":"cc.Size","width":139,"height":43},"_trs":{"__type__":"TypedArray","ctor":"Float64Array","array":[-325.751,167.634,0,0,0,0,1,1,1,1]}},{"__type__":"cc.Node","_name":"remainTimeLab","_parent":{"__id__":15},"_active":false,"_components":[{"__type__":"cc.Label","node":{"__id__":16},"_materials":[{"__uuid__":"ecpdLyjvZBwrvm+cedCcQy"}],"_useOriginalSize":false,"_string":"24","_N$string":"24","_fontSize":23,"_lineHeight":30,"_N$file":{"__uuid__":"a6GFdfihpIQY/CU35PyGmw"},"_isSystemFontUsed":false,"_N$horizontalAlign":1,"_N$verticalAlign":1}],"_prefab":{"__type__":"cc.PrefabInfo","root":{"__id__":1},"asset":{"__uuid__":"8b5rVdALdPb4te8atsjMPw"},"fileId":"4b9S62JLBMAIJR9RXyg5WR"},"_contentSize":{"__type__":"cc.Size","width":27.67,"height":37.8},"_anchorPoint":{"__type__":"cc.Vec2","y":0.5},"_trs":{"__type__":"TypedArray","ctor":"Float64Array","array":[6.276,-0.251,0,0,0,0,1,1,1,1]}},{"__type__":"cc.Node","_name":"statusLab_1","_parent":{"__id__":15},"_components":[{"__type__":"cc.Label","node":{"__id__":17},"_materials":[{"__uuid__":"ecpdLyjvZBwrvm+cedCcQy"}],"_useOriginalSize":false,"_string":"待 开 牌","_N$string":"待 开 牌","_fontSize":23,"_lineHeight":25,"_N$file":{"__uuid__":"a6GFdfihpIQY/CU35PyGmw"},"_isSystemFontUsed":false,"_N$horizontalAlign":1,"_N$verticalAlign":1}],"_prefab":{"__type__":"cc.PrefabInfo","root":{"__id__":1},"asset":{"__uuid__":"8b5rVdALdPb4te8atsjMPw"},"fileId":"34IBZwOXlKZp97q0iOrbPH"},"_color":{"__type__":"cc.Color","r":107,"g":199,"b":90},"_contentSize":{"__type__":"cc.Size","width":81.76,"height":31.5},"_anchorPoint":{"__type__":"cc.Vec2","x":0.6,"y":0.5},"_trs":{"__type__":"TypedArray","ctor":"Float64Array","array":[5.707,0,0,0,0,0,1,1,1,1]}},{"__type__":"cc.Node","_name":"statusLab_2","_parent":{"__id__":15},"_components":[{"__type__":"cc.Label","node":{"__id__":18},"_materials":[{"__uuid__":"ecpdLyjvZBwrvm+cedCcQy"}],"_useOriginalSize":false,"_string":"已 完 结","_N$string":"已 完 结","_fontSize":23,"_lineHeight":25,"_N$file":{"__uuid__":"a6GFdfihpIQY/CU35PyGmw"},"_isSystemFontUsed":false,"_N$horizontalAlign":1,"_N$verticalAlign":1}],"_prefab":{"__type__":"cc.PrefabInfo","root":{"__id__":1},"asset":{"__uuid__":"8b5rVdALdPb4te8atsjMPw"},"fileId":"dfuoZTXkBPd47yVs1r+uJq"},"_color":{"__type__":"cc.Color","r":255,"g":158,"b":20},"_contentSize":{"__type__":"cc.Size","width":81.76,"height":31.5},"_anchorPoint":{"__type__":"cc.Vec2","x":0.6,"y":0.5},"_trs":{"__type__":"TypedArray","ctor":"Float64Array","array":[5.707,0,0,0,0,0,1,1,1,1]}},{"__type__":"cc.Node","_name":"statusLab_3","_parent":{"__id__":15},"_components":[{"__type__":"cc.Label","node":{"__id__":19},"_materials":[{"__uuid__":"ecpdLyjvZBwrvm+cedCcQy"}],"_useOriginalSize":false,"_string":"洗 牌 中","_N$string":"洗 牌 中","_fontSize":23,"_lineHeight":25,"_N$file":{"__uuid__":"a6GFdfihpIQY/CU35PyGmw"},"_isSystemFontUsed":false,"_N$horizontalAlign":1,"_N$verticalAlign":1}],"_prefab":{"__type__":"cc.PrefabInfo","root":{"__id__":1},"asset":{"__uuid__":"8b5rVdALdPb4te8atsjMPw"},"fileId":"4fxL+N7NhDcaEs1rXoVboQ"},"_contentSize":{"__type__":"cc.Size","width":81.76,"height":31.5},"_anchorPoint":{"__type__":"cc.Vec2","x":0.6,"y":0.5},"_trs":{"__type__":"TypedArray","ctor":"Float64Array","array":[5.707,0,0,0,0,0,1,1,1,1]}},{"__type__":"cc.Node","_name":"statusLab_4","_parent":{"__id__":15},"_components":[{"__type__":"cc.Label","node":{"__id__":20},"_materials":[{"__uuid__":"ecpdLyjvZBwrvm+cedCcQy"}],"_useOriginalSize":false,"_string":"请 下 注","_N$string":"请 下 注","_fontSize":23,"_lineHeight":25,"_N$file":{"__uuid__":"a6GFdfihpIQY/CU35PyGmw"},"_isSystemFontUsed":false,"_N$horizontalAlign":1,"_N$verticalAlign":1}],"_prefab":{"__type__":"cc.PrefabInfo","root":{"__id__":1},"asset":{"__uuid__":"8b5rVdALdPb4te8atsjMPw"},"fileId":"00kh29lOdOYLaL4qZLLALw"},"_color":{"__type__":"cc.Color","r":255,"b":3},"_contentSize":{"__type__":"cc.Size","width":81.76,"height":31.5},"_anchorPoint":{"__type__":"cc.Vec2","x":0.6,"y":0.5},"_trs":{"__type__":"TypedArray","ctor":"Float64Array","array":[5.707,0,0,0,0,0,1,1,1,1]}},{"__type__":"cc.Node","_name":"Layout","_parent":{"__id__":1},"_children":[{"__id__":22},{"__id__":26},{"__id__":30},{"__id__":34}],"_components":[{"__type__":"cc.Layout","node":{"__id__":21},"_layoutSize":{"__type__":"cc.Size","width":161.7,"height":273.9},"_N$layoutType":2,"_N$spacingY":2}],"_prefab":{"__type__":"cc.PrefabInfo","root":{"__id__":1},"asset":{"__uuid__":"8b5rVdALdPb4te8atsjMPw"},"fileId":"31Lekp7p5Lw6VveR9FR1A/"},"_contentSize":{"__type__":"cc.Size","width":161.7,"height":273.9},"_trs":{"__type__":"TypedArray","ctor":"Float64Array","array":[-474.417,0.655,0,0,0,0,1,1,1,1]}},{"__type__":"cc.Node","_name":"totlePeopleNode","_parent":{"__id__":21},"_children":[{"__id__":23},{"__id__":24}],"_components":[{"__type__":"cc.Sprite","node":{"__id__":22},"_materials":[{"__uuid__":"ecpdLyjvZBwrvm+cedCcQy"}],"_spriteFrame":{"__uuid__":"0eQjtdiHhCHrgBeJQEE6dK"}}],"_prefab":{"__type__":"cc.PrefabInfo","root":{"__id__":1},"asset":{"__uuid__":"8b5rVdALdPb4te8atsjMPw"},"fileId":"69AJJerMFIN5enwk2Lx2Co"},"_contentSize":{"__type__":"cc.Size","width":154,"height":67},"_trs":{"__type__":"TypedArray","ctor":"Float64Array","array":[0.025,103.44999999999999,0,0,0,0,1,1,1,1]}},{"__type__":"cc.Node","_name":"totalNumTitle","_parent":{"__id__":22},"_components":[{"__type__":"cc.Label","node":{"__id__":23},"_materials":[{"__uuid__":"ecpdLyjvZBwrvm+cedCcQy"}],"_useOriginalSize":false,"_string":"总人数","_N$string":"总人数","_fontSize":16,"_lineHeight":25,"_N$file":{"__uuid__":"a6GFdfihpIQY/CU35PyGmw"},"_isSystemFontUsed":false,"_N$horizontalAlign":1,"_N$verticalAlign":1}],"_prefab":{"__type__":"cc.PrefabInfo","root":{"__id__":1},"asset":{"__uuid__":"8b5rVdALdPb4te8atsjMPw"},"fileId":"f4CsUdiD9Dk7nSzA+KS05p"},"_color":{"__type__":"cc.Color","r":137,"g":115,"b":99},"_contentSize":{"__type__":"cc.Size","width":48,"height":31.5},"_trs":{"__type__":"TypedArray","ctor":"Float64Array","array":[0,15.384,0,0,0,0,1,1,1,1]}},{"__type__":"cc.Node","_name":"totalNum","_parent":{"__id__":22},"_components":[{"__id__":25}],"_prefab":{"__type__":"cc.PrefabInfo","root":{"__id__":1},"asset":{"__uuid__":"8b5rVdALdPb4te8atsjMPw"},"fileId":"82uzCWkv1Nfb+F9UXBmIJM"},"_color":{"__type__":"cc.Color","r":52,"g":20,"b":6},"_contentSize":{"__type__":"cc.Size","width":37.5,"height":31.5},"_trs":{"__type__":"TypedArray","ctor":"Float64Array","array":[2.246,-8.763,0,0,0,0,1,1,1,1]}},{"__type__":"cc.Label","node":{"__id__":24},"_materials":[{"__uuid__":"ecpdLyjvZBwrvm+cedCcQy"}],"_useOriginalSize":false,"_string":"251","_N$string":"251","_fontSize":20,"_lineHeight":25,"_N$file":{"__uuid__":"3c/Hw06lFKr5Az+7B7U5hM"},"_isSystemFontUsed":false,"_N$horizontalAlign":1,"_N$verticalAlign":1},{"__type__":"cc.Node","_name":"deskMoneyNode","_parent":{"__id__":21},"_children":[{"__id__":27},{"__id__":28}],"_components":[{"__type__":"cc.Sprite","node":{"__id__":26},"_materials":[{"__uuid__":"ecpdLyjvZBwrvm+cedCcQy"}],"_spriteFrame":{"__uuid__":"0eQjtdiHhCHrgBeJQEE6dK"}}],"_prefab":{"__type__":"cc.PrefabInfo","root":{"__id__":1},"asset":{"__uuid__":"8b5rVdALdPb4te8atsjMPw"},"fileId":"95ugideZNPQZSD0InsJVed"},"_contentSize":{"__type__":"cc.Size","width":154,"height":67},"_trs":{"__type__":"TypedArray","ctor":"Float64Array","array":[0.025,34.44999999999999,0,0,0,0,1,1,1,1]}},{"__type__":"cc.Node","_name":"deskMoneyTitle","_parent":{"__id__":26},"_components":[{"__type__":"cc.Label","node":{"__id__":27},"_materials":[{"__uuid__":"ecpdLyjvZBwrvm+cedCcQy"}],"_useOriginalSize":false,"_string":"桌上筹码","_N$string":"桌上筹码","_fontSize":16,"_lineHeight":25,"_N$file":{"__uuid__":"a6GFdfihpIQY/CU35PyGmw"},"_isSystemFontUsed":false,"_N$horizontalAlign":1,"_N$verticalAlign":1}],"_prefab":{"__type__":"cc.PrefabInfo","root":{"__id__":1},"asset":{"__uuid__":"8b5rVdALdPb4te8atsjMPw"},"fileId":"46YWkdvHhJpbGBEBPfmafq"},"_color":{"__type__":"cc.Color","r":137,"g":115,"b":99},"_contentSize":{"__type__":"cc.Size","width":64,"height":31.5},"_trs":{"__type__":"TypedArray","ctor":"Float64Array","array":[0,15.384,0,0,0,0,1,1,1,1]}},{"__type__":"cc.Node","_name":"deskMoney","_parent":{"__id__":26},"_components":[{"__id__":29}],"_prefab":{"__type__":"cc.PrefabInfo","root":{"__id__":1},"asset":{"__uuid__":"8b5rVdALdPb4te8atsjMPw"},"fileId":"4cd11jnIRCNZk7Se4Uoe5v"},"_color":{"__type__":"cc.Color","r":52,"g":20,"b":6},"_contentSize":{"__type__":"cc.Size","width":37.5,"height":31.5},"_trs":{"__type__":"TypedArray","ctor":"Float64Array","array":[2.246,-8.763,0,0,0,0,1,1,1,1]}},{"__type__":"cc.Label","node":{"__id__":28},"_materials":[{"__uuid__":"ecpdLyjvZBwrvm+cedCcQy"}],"_useOriginalSize":false,"_string":"251","_N$string":"251","_fontSize":20,"_lineHeight":25,"_N$file":{"__uuid__":"3c/Hw06lFKr5Az+7B7U5hM"},"_isSystemFontUsed":false,"_N$horizontalAlign":1,"_N$verticalAlign":1},{"__type__":"cc.Node","_name":"bootNode","_parent":{"__id__":21},"_children":[{"__id__":31},{"__id__":32}],"_components":[{"__type__":"cc.Sprite","node":{"__id__":30},"_materials":[{"__uuid__":"ecpdLyjvZBwrvm+cedCcQy"}],"_spriteFrame":{"__uuid__":"0eQjtdiHhCHrgBeJQEE6dK"}}],"_prefab":{"__type__":"cc.PrefabInfo","root":{"__id__":1},"asset":{"__uuid__":"8b5rVdALdPb4te8atsjMPw"},"fileId":"e5dHmrY/tADL+43lKcamXn"},"_contentSize":{"__type__":"cc.Size","width":154,"height":67},"_trs":{"__type__":"TypedArray","ctor":"Float64Array","array":[0.025,-34.55000000000001,0,0,0,0,1,1,1,1]}},{"__type__":"cc.Node","_name":"bootTitle","_parent":{"__id__":30},"_components":[{"__type__":"cc.Label","node":{"__id__":31},"_materials":[{"__uuid__":"ecpdLyjvZBwrvm+cedCcQy"}],"_useOriginalSize":false,"_string":"靴次","_N$string":"靴次","_fontSize":16,"_lineHeight":25,"_N$file":{"__uuid__":"a6GFdfihpIQY/CU35PyGmw"},"_isSystemFontUsed":false,"_N$horizontalAlign":1,"_N$verticalAlign":1}],"_prefab":{"__type__":"cc.PrefabInfo","root":{"__id__":1},"asset":{"__uuid__":"8b5rVdALdPb4te8atsjMPw"},"fileId":"94JhhHpAtFQZi94hkn2Y9I"},"_color":{"__type__":"cc.Color","r":137,"g":115,"b":99},"_contentSize":{"__type__":"cc.Size","width":32,"height":31.5},"_trs":{"__type__":"TypedArray","ctor":"Float64Array","array":[0,15.384,0,0,0,0,1,1,1,1]}},{"__type__":"cc.Node","_name":"bootNum","_parent":{"__id__":30},"_components":[{"__id__":33}],"_prefab":{"__type__":"cc.PrefabInfo","root":{"__id__":1},"asset":{"__uuid__":"8b5rVdALdPb4te8atsjMPw"},"fileId":"9alGtBrTFNEaSOAEAkZAH9"},"_color":{"__type__":"cc.Color","r":52,"g":20,"b":6},"_contentSize":{"__type__":"cc.Size","width":37.5,"height":31.5},"_trs":{"__type__":"TypedArray","ctor":"Float64Array","array":[2.246,-8.763,0,0,0,0,1,1,1,1]}},{"__type__":"cc.Label","node":{"__id__":32},"_materials":[{"__uuid__":"ecpdLyjvZBwrvm+cedCcQy"}],"_useOriginalSize":false,"_string":"251","_N$string":"251","_fontSize":20,"_lineHeight":25,"_N$file":{"__uuid__":"3c/Hw06lFKr5Az+7B7U5hM"},"_isSystemFontUsed":false,"_N$horizontalAlign":1,"_N$verticalAlign":1},{"__type__":"cc.Node","_name":"paveNode","_parent":{"__id__":21},"_children":[{"__id__":35},{"__id__":36}],"_components":[{"__type__":"cc.Sprite","node":{"__id__":34},"_materials":[{"__uuid__":"ecpdLyjvZBwrvm+cedCcQy"}],"_spriteFrame":{"__uuid__":"0eQjtdiHhCHrgBeJQEE6dK"}}],"_prefab":{"__type__":"cc.PrefabInfo","root":{"__id__":1},"asset":{"__uuid__":"8b5rVdALdPb4te8atsjMPw"},"fileId":"9bvfQ3Pl1DMKWAT9LGPxgx"},"_contentSize":{"__type__":"cc.Size","width":154,"height":67},"_trs":{"__type__":"TypedArray","ctor":"Float64Array","array":[0.025,-103.55000000000001,0,0,0,0,1,1,1,1]}},{"__type__":"cc.Node","_name":"paveTitle","_parent":{"__id__":34},"_components":[{"__type__":"cc.Label","node":{"__id__":35},"_materials":[{"__uuid__":"ecpdLyjvZBwrvm+cedCcQy"}],"_useOriginalSize":false,"_string":"铺次","_N$string":"铺次","_fontSize":16,"_lineHeight":25,"_N$file":{"__uuid__":"a6GFdfihpIQY/CU35PyGmw"},"_isSystemFontUsed":false,"_N$horizontalAlign":1,"_N$verticalAlign":1}],"_prefab":{"__type__":"cc.PrefabInfo","root":{"__id__":1},"asset":{"__uuid__":"8b5rVdALdPb4te8atsjMPw"},"fileId":"ado1JobnpIG6Wi3SYRCcvh"},"_color":{"__type__":"cc.Color","r":137,"g":115,"b":99},"_contentSize":{"__type__":"cc.Size","width":32,"height":31.5},"_trs":{"__type__":"TypedArray","ctor":"Float64Array","array":[0,15.384,0,0,0,0,1,1,1,1]}},{"__type__":"cc.Node","_name":"paveNum","_parent":{"__id__":34},"_components":[{"__id__":37}],"_prefab":{"__type__":"cc.PrefabInfo","root":{"__id__":1},"asset":{"__uuid__":"8b5rVdALdPb4te8atsjMPw"},"fileId":"65nKKiCL5Gmo0OhZI+IyZd"},"_color":{"__type__":"cc.Color","r":52,"g":20,"b":6},"_contentSize":{"__type__":"cc.Size","width":37.5,"height":31.5},"_trs":{"__type__":"TypedArray","ctor":"Float64Array","array":[2.246,-8.763,0,0,0,0,1,1,1,1]}},{"__type__":"cc.Label","node":{"__id__":36},"_materials":[{"__uuid__":"ecpdLyjvZBwrvm+cedCcQy"}],"_useOriginalSize":false,"_string":"251","_N$string":"251","_fontSize":20,"_lineHeight":25,"_N$file":{"__uuid__":"3c/Hw06lFKr5Az+7B7U5hM"},"_isSystemFontUsed":false,"_N$horizontalAlign":1,"_N$verticalAlign":1},{"__type__":"cc.Node","_name":"frame","_parent":{"__id__":1},"_children":[{"__id__":39},{"__id__":48}],"_prefab":{"__type__":"cc.PrefabInfo","root":{"__id__":1},"asset":{"__uuid__":"8b5rVdALdPb4te8atsjMPw"},"fileId":"8bwH+MTjRM9qhRwUjKNwJg"},"_contentSize":{"__type__":"cc.Size","width":1071,"height":320},"_trs":{"__type__":"TypedArray","ctor":"Float64Array","array":[71,-1.911,0,0,0,0,1,0.88,0.88,1]}},{"__type__":"cc.Node","_name":"titleLayout","_parent":{"__id__":38},"_children":[{"__id__":40},{"__id__":42},{"__id__":44},{"__id__":46}],"_components":[{"__type__":"cc.Layout","node":{"__id__":39},"_layoutSize":{"__type__":"cc.Size","width":115.8,"height":309.40000000000003},"_resize":1,"_N$layoutType":2,"_N$paddingTop":2,"_N$paddingBottom":2,"_N$spacingY":1},{"__type__":"cc.Sprite","node":{"__id__":39},"_materials":[{"__uuid__":"ecpdLyjvZBwrvm+cedCcQy"}],"_spriteFrame":{"__uuid__":"a2MjXRFdtLlYQ5ouAFv/+R"},"_sizeMode":0}],"_prefab":{"__type__":"cc.PrefabInfo","root":{"__id__":1},"asset":{"__uuid__":"8b5rVdALdPb4te8atsjMPw"},"fileId":"ebmyNDj0FIybZjUbIxWvNy"},"_contentSize":{"__type__":"cc.Size","width":115.8,"height":309.40000000000003},"_trs":{"__type__":"TypedArray","ctor":"Float64Array","array":[-470.75,3.1,0,0,0,0,1,1,1,1]}},{"__type__":"cc.Node","_name":"zFrame","_parent":{"__id__":39},"_children":[{"__id__":41}],"_components":[{"__type__":"cc.Sprite","node":{"__id__":40},"_materials":[{"__uuid__":"ecpdLyjvZBwrvm+cedCcQy"}],"_spriteFrame":{"__uuid__":"88yxyZfv1Lr6fzKdI5zVsA"},"_type":1,"_sizeMode":0}],"_prefab":{"__type__":"cc.PrefabInfo","root":{"__id__":1},"asset":{"__uuid__":"8b5rVdALdPb4te8atsjMPw"},"fileId":"833sD4AFtOmJsz5XLXZ5Nk"},"_contentSize":{"__type__":"cc.Size","width":115.8,"height":73.5},"_trs":{"__type__":"TypedArray","ctor":"Float64Array","array":[0.1,115.95000000000002,0,0,0,0,1,1,1,1]}},{"__type__":"cc.Node","_name":"roleName","_parent":{"__id__":40},"_components":[{"__type__":"cc.Label","node":{"__id__":41},"_materials":[{"__uuid__":"ecpdLyjvZBwrvm+cedCcQy"}],"_useOriginalSize":false,"_string":"庄","_N$string":"庄","_lineHeight":45,"_N$file":{"__uuid__":"a6GFdfihpIQY/CU35PyGmw"},"_isSystemFontUsed":false,"_N$horizontalAlign":1,"_N$verticalAlign":1}],"_prefab":{"__type__":"cc.PrefabInfo","root":{"__id__":1},"asset":{"__uuid__":"8b5rVdALdPb4te8atsjMPw"},"fileId":"ebht6tr3hFP7uQYfQP/w+g"},"_contentSize":{"__type__":"cc.Size","width":40,"height":56.7},"_trs":{"__type__":"TypedArray","ctor":"Float64Array","array":[0,0,0,0,0,0,1,1,1,1]}},{"__type__":"cc.Node","_name":"xian_1_frame","_parent":{"__id__":39},"_children":[{"__id__":43}],"_components":[{"__type__":"cc.Sprite","node":{"__id__":42},"_materials":[{"__uuid__":"ecpdLyjvZBwrvm+cedCcQy"}],"_spriteFrame":{"__uuid__":"19DpYfSKFO3qHjRUVJCMwA"},"_type":1,"_sizeMode":0}],"_prefab":{"__type__":"cc.PrefabInfo","root":{"__id__":1},"asset":{"__uuid__":"8b5rVdALdPb4te8atsjMPw"},"fileId":"c6e1Xii+VFnoSx4WLmsm6N"},"_contentSize":{"__type__":"cc.Size","width":115.8,"height":76.3},"_trs":{"__type__":"TypedArray","ctor":"Float64Array","array":[0.1,40.05000000000002,0,0,0,0,1,1,1,1]}},{"__type__":"cc.Node","_name":"roleName","_parent":{"__id__":42},"_components":[{"__type__":"cc.Label","node":{"__id__":43},"_materials":[{"__uuid__":"ecpdLyjvZBwrvm+cedCcQy"}],"_useOriginalSize":false,"_string":"闲1","_N$string":"闲1","_lineHeight":45,"_N$file":{"__uuid__":"a6GFdfihpIQY/CU35PyGmw"},"_isSystemFontUsed":false,"_N$horizontalAlign":1,"_N$verticalAlign":1}],"_prefab":{"__type__":"cc.PrefabInfo","root":{"__id__":1},"asset":{"__uuid__":"8b5rVdALdPb4te8atsjMPw"},"fileId":"73yEuEMs1Nx5ZLnGX9GqIL"},"_contentSize":{"__type__":"cc.Size","width":64.38,"height":56.7},"_trs":{"__type__":"TypedArray","ctor":"Float64Array","array":[0,0,0,0,0,0,1,1,1,1]}},{"__type__":"cc.Node","_name":"xian_2_frame","_parent":{"__id__":39},"_children":[{"__id__":45}],"_components":[{"__type__":"cc.Sprite","node":{"__id__":44},"_materials":[{"__uuid__":"ecpdLyjvZBwrvm+cedCcQy"}],"_spriteFrame":{"__uuid__":"19DpYfSKFO3qHjRUVJCMwA"},"_type":1,"_sizeMode":0}],"_prefab":{"__type__":"cc.PrefabInfo","root":{"__id__":1},"asset":{"__uuid__":"8b5rVdALdPb4te8atsjMPw"},"fileId":"09Dy8TEUNE0bpSXlbKFus+"},"_contentSize":{"__type__":"cc.Size","width":115.8,"height":76.3},"_trs":{"__type__":"TypedArray","ctor":"Float64Array","array":[0.1,-37.24999999999998,0,0,0,0,1,1,1,1]}},{"__type__":"cc.Node","_name":"roleName","_parent":{"__id__":44},"_components":[{"__type__":"cc.Label","node":{"__id__":45},"_materials":[{"__uuid__":"ecpdLyjvZBwrvm+cedCcQy"}],"_useOriginalSize":false,"_string":"闲2","_N$string":"闲2","_lineHeight":45,"_N$file":{"__uuid__":"a6GFdfihpIQY/CU35PyGmw"},"_isSystemFontUsed":false,"_N$horizontalAlign":1,"_N$verticalAlign":1}],"_prefab":{"__type__":"cc.PrefabInfo","root":{"__id__":1},"asset":{"__uuid__":"8b5rVdALdPb4te8atsjMPw"},"fileId":"19iWfijstKFbN2rATRy1/X"},"_contentSize":{"__type__":"cc.Size","width":63.75,"height":56.7},"_trs":{"__type__":"TypedArray","ctor":"Float64Array","array":[0,0,0,0,0,0,1,1,1,1]}},{"__type__":"cc.Node","_name":"xian_3_frame","_parent":{"__id__":39},"_children":[{"__id__":47}],"_components":[{"__type__":"cc.Sprite","node":{"__id__":46},"_materials":[{"__uuid__":"ecpdLyjvZBwrvm+cedCcQy"}],"_spriteFrame":{"__uuid__":"19DpYfSKFO3qHjRUVJCMwA"},"_type":1,"_sizeMode":0}],"_prefab":{"__type__":"cc.PrefabInfo","root":{"__id__":1},"asset":{"__uuid__":"8b5rVdALdPb4te8atsjMPw"},"fileId":"1b7ScmUPBB57nKPdBeuiQg"},"_contentSize":{"__type__":"cc.Size","width":115.8,"height":76.3},"_trs":{"__type__":"TypedArray","ctor":"Float64Array","array":[0.1,-114.54999999999998,0,0,0,0,1,1,1,1]}},{"__type__":"cc.Node","_name":"roleName","_parent":{"__id__":46},"_components":[{"__type__":"cc.Label","node":{"__id__":47},"_materials":[{"__uuid__":"ecpdLyjvZBwrvm+cedCcQy"}],"_useOriginalSize":false,"_string":"闲3","_N$string":"闲3","_lineHeight":45,"_N$file":{"__uuid__":"a6GFdfihpIQY/CU35PyGmw"},"_isSystemFontUsed":false,"_N$horizontalAlign":1,"_N$verticalAlign":1}],"_prefab":{"__type__":"cc.PrefabInfo","root":{"__id__":1},"asset":{"__uuid__":"8b5rVdALdPb4te8atsjMPw"},"fileId":"d1mOUcBPZFTZ/S++SMRDfn"},"_contentSize":{"__type__":"cc.Size","width":64.06,"height":56.7},"_trs":{"__type__":"TypedArray","ctor":"Float64Array","array":[0,0,0,0,0,0,1,1,1,1]}},{"__type__":"cc.Node","_name":"recordLayout","_parent":{"__id__":38},"_children":[{"__id__":49}],"_components":[{"__type__":"cc.Layout","node":{"__id__":48},"_layoutSize":{"__type__":"cc.Size","width":-2,"height":309.4},"_resize":1,"_N$layoutType":1,"_N$spacingX":2}],"_prefab":{"__type__":"cc.PrefabInfo","root":{"__id__":1},"asset":{"__uuid__":"8b5rVdALdPb4te8atsjMPw"},"fileId":"cbR1iAQgFKl6juZ+RHc3H1"},"_contentSize":{"__type__":"cc.Size","width":-2,"height":309.4},"_anchorPoint":{"__type__":"cc.Vec2","y":0.5},"_trs":{"__type__":"TypedArray","ctor":"Float64Array","array":[-412.091,3.1,0,0,0,0,1,1,1,1]}},{"__type__":"cc.Node","_name":"recordItem","_parent":{"__id__":48},"_children":[{"__id__":50},{"__id__":57},{"__id__":64},{"__id__":71}],"_active":false,"_components":[{"__type__":"cc.Layout","node":{"__id__":49},"_layoutSize":{"__type__":"cc.Size","width":103,"height":309.40000000000003},"_resize":1,"_N$layoutType":2,"_N$paddingTop":2,"_N$paddingBottom":2,"_N$spacingY":1},{"__type__":"cc.Sprite","node":{"__id__":49},"_materials":[{"__uuid__":"ecpdLyjvZBwrvm+cedCcQy"}],"_spriteFrame":{"__uuid__":"a2MjXRFdtLlYQ5ouAFv/+R"},"_sizeMode":0},{"__type__":"969f4F6C7lBQLcluL7S+zQP","node":{"__id__":49},"bankNode":{"__id__":50},"xianFrameArray":[{"__id__":57},{"__id__":64},{"__id__":71}]}],"_prefab":{"__type__":"cc.PrefabInfo","root":{"__id__":1},"asset":{"__uuid__":"8b5rVdALdPb4te8atsjMPw"},"fileId":"0aPLceAJdLHL4EKqfgATQC"},"_contentSize":{"__type__":"cc.Size","width":103,"height":309.40000000000003},"_trs":{"__type__":"TypedArray","ctor":"Float64Array","array":[51.5,0,0,0,0,0,1,1,1,1]}},{"__type__":"cc.Node","_name":"zRes","_parent":{"__id__":49},"_children":[{"__id__":51},{"__id__":55}],"_components":[{"__type__":"cc.Sprite","node":{"__id__":50},"_materials":[{"__uuid__":"ecpdLyjvZBwrvm+cedCcQy"}],"_spriteFrame":{"__uuid__":"01wGxT/IJMkoKUiMiu9k3N"},"_type":1,"_sizeMode":0},{"__type__":"cc.Widget","node":{"__id__":50},"_alignFlags":40,"_top":2,"_originalWidth":88}],"_prefab":{"__type__":"cc.PrefabInfo","root":{"__id__":1},"asset":{"__uuid__":"8b5rVdALdPb4te8atsjMPw"},"fileId":"64NoB0+q5OPaPMcO72vy+P"},"_contentSize":{"__type__":"cc.Size","width":103,"height":73.5},"_trs":{"__type__":"TypedArray","ctor":"Float64Array","array":[0,115.95000000000002,0,0,0,0,1,1,1,1]}},{"__type__":"cc.Node","_name":"winNode","_parent":{"__id__":50},"_children":[{"__id__":52},{"__id__":53}],"_prefab":{"__type__":"cc.PrefabInfo","root":{"__id__":1},"asset":{"__uuid__":"8b5rVdALdPb4te8atsjMPw"},"fileId":"3fLWY7Xf1EvodNQgc15pHw"},"_trs":{"__type__":"TypedArray","ctor":"Float64Array","array":[0,0.9,0,0,0,0,1,1,1,1]}},{"__type__":"cc.Node","_name":"winRes","_parent":{"__id__":51},"_components":[{"__type__":"cc.Label","node":{"__id__":52},"_materials":[{"__uuid__":"ecpdLyjvZBwrvm+cedCcQy"}],"_useOriginalSize":false,"_string":"闲3","_N$string":"闲3","_fontSize":30,"_N$file":{"__uuid__":"a6GFdfihpIQY/CU35PyGmw"},"_isSystemFontUsed":false,"_N$horizontalAlign":1,"_N$verticalAlign":1}],"_prefab":{"__type__":"cc.PrefabInfo","root":{"__id__":1},"asset":{"__uuid__":"8b5rVdALdPb4te8atsjMPw"},"fileId":"c5Oe83ZQJPuKqUz1/1dw7E"},"_color":{"__type__":"cc.Color","r":215,"b":33},"_contentSize":{"__type__":"cc.Size","width":48.05,"height":50.4},"_trs":{"__type__":"TypedArray","ctor":"Float64Array","array":[0,16.482,0,0,0,0,1,1,1,1]}},{"__type__":"cc.Node","_name":"winFrame","_parent":{"__id__":51},"_children":[{"__id__":54}],"_components":[{"__type__":"cc.Sprite","node":{"__id__":53},"_materials":[{"__uuid__":"ecpdLyjvZBwrvm+cedCcQy"}],"_spriteFrame":{"__uuid__":"88yxyZfv1Lr6fzKdI5zVsA"},"_type":1,"_sizeMode":0}],"_prefab":{"__type__":"cc.PrefabInfo","root":{"__id__":1},"asset":{"__uuid__":"8b5rVdALdPb4te8atsjMPw"},"fileId":"66HPuiDHxLfKV2T48tyKId"},"_contentSize":{"__type__":"cc.Size","width":100,"height":35.7},"_trs":{"__type__":"TypedArray","ctor":"Float64Array","array":[0,-19.7,0,0,0,0,1,1,1,1]}},{"__type__":"cc.Node","_name":"winLab","_parent":{"__id__":53},"_components":[{"__type__":"cc.Label","node":{"__id__":54},"_materials":[{"__uuid__":"ecpdLyjvZBwrvm+cedCcQy"}],"_useOriginalSize":false,"_string":"WIN","_N$string":"WIN","_fontSize":20,"_N$file":{"__uuid__":"a6GFdfihpIQY/CU35PyGmw"},"_isSystemFontUsed":false,"_N$horizontalAlign":1,"_N$verticalAlign":1}],"_prefab":{"__type__":"cc.PrefabInfo","root":{"__id__":1},"asset":{"__uuid__":"8b5rVdALdPb4te8atsjMPw"},"fileId":"b8Zpvyi1FB14r38262ySwr"},"_contentSize":{"__type__":"cc.Size","width":42.11,"height":50.4},"_trs":{"__type__":"TypedArray","ctor":"Float64Array","array":[0,3.601,0,0,0,0,1,1,1,1]}},{"__type__":"cc.Node","_name":"failNode","_parent":{"__id__":50},"_children":[{"__id__":56}],"_prefab":{"__type__":"cc.PrefabInfo","root":{"__id__":1},"asset":{"__uuid__":"8b5rVdALdPb4te8atsjMPw"},"fileId":"b1UU8zcwxFUbIBTdwHZZac"},"_trs":{"__type__":"TypedArray","ctor":"Float64Array","array":[0,0.9,0,0,0,0,1,0.64,1,0.64]}},{"__type__":"cc.Node","_name":"failRes","_parent":{"__id__":55},"_components":[{"__type__":"cc.Label","node":{"__id__":56},"_materials":[{"__uuid__":"ecpdLyjvZBwrvm+cedCcQy"}],"_useOriginalSize":false,"_string":"闲3","_N$string":"闲3","_fontSize":27,"_N$file":{"__uuid__":"a6GFdfihpIQY/CU35PyGmw"},"_isSystemFontUsed":false,"_N$horizontalAlign":1,"_N$verticalAlign":1}],"_prefab":{"__type__":"cc.PrefabInfo","root":{"__id__":1},"asset":{"__uuid__":"8b5rVdALdPb4te8atsjMPw"},"fileId":"bfjJ8mjuRHPIyoSR2aEz1w"},"_color":{"__type__":"cc.Color","r":215,"b":33},"_contentSize":{"__type__":"cc.Size","width":43.24,"height":50.4},"_trs":{"__type__":"TypedArray","ctor":"Float64Array","array":[0,0,0,0,0,0,1,1.77557,1.13636,1.77557]}},{"__type__":"cc.Node","_name":"xian_1_res","_parent":{"__id__":49},"_children":[{"__id__":58},{"__id__":62}],"_components":[{"__type__":"cc.Sprite","node":{"__id__":57},"_materials":[{"__uuid__":"ecpdLyjvZBwrvm+cedCcQy"}],"_spriteFrame":{"__uuid__":"28HAvOkgdDEa3rJiR1Hold"},"_type":1,"_sizeMode":0},{"__type__":"cc.Widget","node":{"__id__":57},"_alignFlags":40,"_originalWidth":88}],"_prefab":{"__type__":"cc.PrefabInfo","root":{"__id__":1},"asset":{"__uuid__":"8b5rVdALdPb4te8atsjMPw"},"fileId":"8eimBXyz9K75U8gKOAXN75"},"_contentSize":{"__type__":"cc.Size","width":103,"height":76.3},"_trs":{"__type__":"TypedArray","ctor":"Float64Array","array":[0,40.05000000000002,0,0,0,0,1,1,1,1]}},{"__type__":"cc.Node","_name":"winNode","_parent":{"__id__":57},"_children":[{"__id__":59},{"__id__":60}],"_prefab":{"__type__":"cc.PrefabInfo","root":{"__id__":1},"asset":{"__uuid__":"8b5rVdALdPb4te8atsjMPw"},"fileId":"2aR0hKlYFCopEJCiwW0j2Y"},"_trs":{"__type__":"TypedArray","ctor":"Float64Array","array":[0,0,0,0,0,0,1,1,1,1]}},{"__type__":"cc.Node","_name":"winRes","_parent":{"__id__":58},"_components":[{"__type__":"cc.Label","node":{"__id__":59},"_materials":[{"__uuid__":"ecpdLyjvZBwrvm+cedCcQy"}],"_useOriginalSize":false,"_string":"闲3","_N$string":"闲3","_fontSize":30,"_N$file":{"__uuid__":"a6GFdfihpIQY/CU35PyGmw"},"_isSystemFontUsed":false,"_N$horizontalAlign":1,"_N$verticalAlign":1}],"_prefab":{"__type__":"cc.PrefabInfo","root":{"__id__":1},"asset":{"__uuid__":"8b5rVdALdPb4te8atsjMPw"},"fileId":"b62YtsQeVIBJ4sU/8FyD4J"},"_color":{"__type__":"cc.Color","b":254},"_contentSize":{"__type__":"cc.Size","width":48.05,"height":50.4},"_trs":{"__type__":"TypedArray","ctor":"Float64Array","array":[0,16.482,0,0,0,0,1,1,1,1]}},{"__type__":"cc.Node","_name":"winFrame","_parent":{"__id__":58},"_children":[{"__id__":61}],"_components":[{"__type__":"cc.Sprite","node":{"__id__":60},"_materials":[{"__uuid__":"ecpdLyjvZBwrvm+cedCcQy"}],"_spriteFrame":{"__uuid__":"19DpYfSKFO3qHjRUVJCMwA"},"_type":1,"_sizeMode":0}],"_prefab":{"__type__":"cc.PrefabInfo","root":{"__id__":1},"asset":{"__uuid__":"8b5rVdALdPb4te8atsjMPw"},"fileId":"a2fxXp9npHwba84WVfSM1N"},"_contentSize":{"__type__":"cc.Size","width":100,"height":35.7},"_trs":{"__type__":"TypedArray","ctor":"Float64Array","array":[0,-19.7,0,0,0,0,1,1,1,1]}},{"__type__":"cc.Node","_name":"winLab","_parent":{"__id__":60},"_components":[{"__type__":"cc.Label","node":{"__id__":61},"_materials":[{"__uuid__":"ecpdLyjvZBwrvm+cedCcQy"}],"_useOriginalSize":false,"_string":"WIN","_N$string":"WIN","_fontSize":20,"_N$file":{"__uuid__":"a6GFdfihpIQY/CU35PyGmw"},"_isSystemFontUsed":false,"_N$horizontalAlign":1,"_N$verticalAlign":1}],"_prefab":{"__type__":"cc.PrefabInfo","root":{"__id__":1},"asset":{"__uuid__":"8b5rVdALdPb4te8atsjMPw"},"fileId":"133Lv9PWhDc5+b+FZEVhiM"},"_contentSize":{"__type__":"cc.Size","width":42.11,"height":50.4},"_trs":{"__type__":"TypedArray","ctor":"Float64Array","array":[0,3.601,0,0,0,0,1,1,1,1]}},{"__type__":"cc.Node","_name":"failNode","_parent":{"__id__":57},"_children":[{"__id__":63}],"_prefab":{"__type__":"cc.PrefabInfo","root":{"__id__":1},"asset":{"__uuid__":"8b5rVdALdPb4te8atsjMPw"},"fileId":"78EVdo8KVMir6PJW4fGNTE"},"_trs":{"__type__":"TypedArray","ctor":"Float64Array","array":[0,0,0,0,0,0,1,0.64,1,1]}},{"__type__":"cc.Node","_name":"failRes","_parent":{"__id__":62},"_components":[{"__type__":"cc.Label","node":{"__id__":63},"_materials":[{"__uuid__":"ecpdLyjvZBwrvm+cedCcQy"}],"_useOriginalSize":false,"_string":"闲3","_N$string":"闲3","_fontSize":27,"_N$file":{"__uuid__":"a6GFdfihpIQY/CU35PyGmw"},"_isSystemFontUsed":false,"_N$horizontalAlign":1,"_N$verticalAlign":1}],"_prefab":{"__type__":"cc.PrefabInfo","root":{"__id__":1},"asset":{"__uuid__":"8b5rVdALdPb4te8atsjMPw"},"fileId":"1egzJUG5FJ/qGs2wIwi94j"},"_color":{"__type__":"cc.Color","b":254},"_contentSize":{"__type__":"cc.Size","width":43.24,"height":50.4},"_trs":{"__type__":"TypedArray","ctor":"Float64Array","array":[0,0,0,0,0,0,1,1.77557,1.13636,1.77557]}},{"__type__":"cc.Node","_name":"xian_2_res","_parent":{"__id__":49},"_children":[{"__id__":65},{"__id__":69}],"_components":[{"__type__":"cc.Sprite","node":{"__id__":64},"_materials":[{"__uuid__":"ecpdLyjvZBwrvm+cedCcQy"}],"_spriteFrame":{"__uuid__":"01wGxT/IJMkoKUiMiu9k3N"},"_type":1,"_sizeMode":0},{"__type__":"cc.Widget","node":{"__id__":64},"_alignFlags":40,"_originalWidth":88}],"_prefab":{"__type__":"cc.PrefabInfo","root":{"__id__":1},"asset":{"__uuid__":"8b5rVdALdPb4te8atsjMPw"},"fileId":"6atzKrXABJPaTeF7bBeC3r"},"_contentSize":{"__type__":"cc.Size","width":103,"height":76.3},"_trs":{"__type__":"TypedArray","ctor":"Float64Array","array":[0,-37.24999999999998,0,0,0,0,1,1,1,1]}},{"__type__":"cc.Node","_name":"winNode","_parent":{"__id__":64},"_children":[{"__id__":66},{"__id__":67}],"_prefab":{"__type__":"cc.PrefabInfo","root":{"__id__":1},"asset":{"__uuid__":"8b5rVdALdPb4te8atsjMPw"},"fileId":"9dfpv+jmpEy41FZqmORm28"},"_trs":{"__type__":"TypedArray","ctor":"Float64Array","array":[0,0,0,0,0,0,1,1,1,1]}},{"__type__":"cc.Node","_name":"winRes","_parent":{"__id__":65},"_components":[{"__type__":"cc.Label","node":{"__id__":66},"_materials":[{"__uuid__":"ecpdLyjvZBwrvm+cedCcQy"}],"_useOriginalSize":false,"_string":"闲3","_N$string":"闲3","_fontSize":30,"_N$file":{"__uuid__":"a6GFdfihpIQY/CU35PyGmw"},"_isSystemFontUsed":false,"_N$horizontalAlign":1,"_N$verticalAlign":1}],"_prefab":{"__type__":"cc.PrefabInfo","root":{"__id__":1},"asset":{"__uuid__":"8b5rVdALdPb4te8atsjMPw"},"fileId":"394PGCBBRO6JJS1hah73bS"},"_color":{"__type__":"cc.Color","b":254},"_contentSize":{"__type__":"cc.Size","width":48.05,"height":50.4},"_trs":{"__type__":"TypedArray","ctor":"Float64Array","array":[0,16.482,0,0,0,0,1,1,1,1]}},{"__type__":"cc.Node","_name":"winFrame","_parent":{"__id__":65},"_children":[{"__id__":68}],"_components":[{"__type__":"cc.Sprite","node":{"__id__":67},"_materials":[{"__uuid__":"ecpdLyjvZBwrvm+cedCcQy"}],"_spriteFrame":{"__uuid__":"19DpYfSKFO3qHjRUVJCMwA"},"_type":1,"_sizeMode":0}],"_prefab":{"__type__":"cc.PrefabInfo","root":{"__id__":1},"asset":{"__uuid__":"8b5rVdALdPb4te8atsjMPw"},"fileId":"abWwjoaV1MerW1gmhEZOyk"},"_contentSize":{"__type__":"cc.Size","width":100,"height":35.7},"_trs":{"__type__":"TypedArray","ctor":"Float64Array","array":[0,-19.7,0,0,0,0,1,1,1,1]}},{"__type__":"cc.Node","_name":"winLab","_parent":{"__id__":67},"_components":[{"__type__":"cc.Label","node":{"__id__":68},"_materials":[{"__uuid__":"ecpdLyjvZBwrvm+cedCcQy"}],"_useOriginalSize":false,"_string":"WIN","_N$string":"WIN","_fontSize":20,"_N$file":{"__uuid__":"a6GFdfihpIQY/CU35PyGmw"},"_isSystemFontUsed":false,"_N$horizontalAlign":1,"_N$verticalAlign":1}],"_prefab":{"__type__":"cc.PrefabInfo","root":{"__id__":1},"asset":{"__uuid__":"8b5rVdALdPb4te8atsjMPw"},"fileId":"edUD+YroRKEKKvKvvHzMJU"},"_contentSize":{"__type__":"cc.Size","width":42.11,"height":50.4},"_trs":{"__type__":"TypedArray","ctor":"Float64Array","array":[0,3.601,0,0,0,0,1,1,1,1]}},{"__type__":"cc.Node","_name":"failNode","_parent":{"__id__":64},"_children":[{"__id__":70}],"_prefab":{"__type__":"cc.PrefabInfo","root":{"__id__":1},"asset":{"__uuid__":"8b5rVdALdPb4te8atsjMPw"},"fileId":"7b7w5CBPlHrqMpF8RPbzaG"},"_trs":{"__type__":"TypedArray","ctor":"Float64Array","array":[0,0,0,0,0,0,1,0.64,1,1]}},{"__type__":"cc.Node","_name":"failRes","_parent":{"__id__":69},"_components":[{"__type__":"cc.Label","node":{"__id__":70},"_materials":[{"__uuid__":"ecpdLyjvZBwrvm+cedCcQy"}],"_useOriginalSize":false,"_string":"闲3","_N$string":"闲3","_fontSize":27,"_N$file":{"__uuid__":"a6GFdfihpIQY/CU35PyGmw"},"_isSystemFontUsed":false,"_N$horizontalAlign":1,"_N$verticalAlign":1}],"_prefab":{"__type__":"cc.PrefabInfo","root":{"__id__":1},"asset":{"__uuid__":"8b5rVdALdPb4te8atsjMPw"},"fileId":"39cL/rVypECa2kXNa37R/G"},"_color":{"__type__":"cc.Color","b":254},"_contentSize":{"__type__":"cc.Size","width":43.24,"height":50.4},"_trs":{"__type__":"TypedArray","ctor":"Float64Array","array":[0,0,0,0,0,0,1,1.77557,1.13636,1.77557]}},{"__type__":"cc.Node","_name":"xian_3_res","_parent":{"__id__":49},"_children":[{"__id__":72},{"__id__":76}],"_components":[{"__type__":"cc.Sprite","node":{"__id__":71},"_materials":[{"__uuid__":"ecpdLyjvZBwrvm+cedCcQy"}],"_spriteFrame":{"__uuid__":"28HAvOkgdDEa3rJiR1Hold"},"_type":1,"_sizeMode":0},{"__type__":"cc.Widget","node":{"__id__":71},"_alignFlags":40,"_originalWidth":88}],"_prefab":{"__type__":"cc.PrefabInfo","root":{"__id__":1},"asset":{"__uuid__":"8b5rVdALdPb4te8atsjMPw"},"fileId":"c2uIjekVJDarmZeRRpOGIR"},"_contentSize":{"__type__":"cc.Size","width":103,"height":76.3},"_trs":{"__type__":"TypedArray","ctor":"Float64Array","array":[0,-114.54999999999998,0,0,0,0,1,1,1,1]}},{"__type__":"cc.Node","_name":"winNode","_parent":{"__id__":71},"_children":[{"__id__":73},{"__id__":74}],"_prefab":{"__type__":"cc.PrefabInfo","root":{"__id__":1},"asset":{"__uuid__":"8b5rVdALdPb4te8atsjMPw"},"fileId":"67IyF6JLRHNrO6LwiDfW6q"},"_trs":{"__type__":"TypedArray","ctor":"Float64Array","array":[0,0,0,0,0,0,1,1,1,1]}},{"__type__":"cc.Node","_name":"winRes","_parent":{"__id__":72},"_components":[{"__type__":"cc.Label","node":{"__id__":73},"_materials":[{"__uuid__":"ecpdLyjvZBwrvm+cedCcQy"}],"_useOriginalSize":false,"_string":"闲3","_N$string":"闲3","_fontSize":30,"_N$file":{"__uuid__":"a6GFdfihpIQY/CU35PyGmw"},"_isSystemFontUsed":false,"_N$horizontalAlign":1,"_N$verticalAlign":1}],"_prefab":{"__type__":"cc.PrefabInfo","root":{"__id__":1},"asset":{"__uuid__":"8b5rVdALdPb4te8atsjMPw"},"fileId":"9e+9zYn5FJJIi7a5FN/135"},"_color":{"__type__":"cc.Color","b":254},"_contentSize":{"__type__":"cc.Size","width":48.05,"height":50.4},"_trs":{"__type__":"TypedArray","ctor":"Float64Array","array":[0,16.482,0,0,0,0,1,1,1,1]}},{"__type__":"cc.Node","_name":"winFrame","_parent":{"__id__":72},"_children":[{"__id__":75}],"_components":[{"__type__":"cc.Sprite","node":{"__id__":74},"_materials":[{"__uuid__":"ecpdLyjvZBwrvm+cedCcQy"}],"_spriteFrame":{"__uuid__":"19DpYfSKFO3qHjRUVJCMwA"},"_type":1,"_sizeMode":0}],"_prefab":{"__type__":"cc.PrefabInfo","root":{"__id__":1},"asset":{"__uuid__":"8b5rVdALdPb4te8atsjMPw"},"fileId":"08+RwG7nJKXINybF6ZlK3v"},"_contentSize":{"__type__":"cc.Size","width":100,"height":35.7},"_trs":{"__type__":"TypedArray","ctor":"Float64Array","array":[-0.6,-19.7,0,0,0,0,1,1,1,1]}},{"__type__":"cc.Node","_name":"winLab","_parent":{"__id__":74},"_components":[{"__type__":"cc.Label","node":{"__id__":75},"_materials":[{"__uuid__":"ecpdLyjvZBwrvm+cedCcQy"}],"_useOriginalSize":false,"_string":"WIN","_N$string":"WIN","_fontSize":20,"_N$file":{"__uuid__":"a6GFdfihpIQY/CU35PyGmw"},"_isSystemFontUsed":false,"_N$horizontalAlign":1,"_N$verticalAlign":1}],"_prefab":{"__type__":"cc.PrefabInfo","root":{"__id__":1},"asset":{"__uuid__":"8b5rVdALdPb4te8atsjMPw"},"fileId":"e8Tr0FNKVA0rhql4DDHRla"},"_contentSize":{"__type__":"cc.Size","width":42.11,"height":50.4},"_trs":{"__type__":"TypedArray","ctor":"Float64Array","array":[0,3.601,0,0,0,0,1,1,1,1]}},{"__type__":"cc.Node","_name":"failNode","_parent":{"__id__":71},"_children":[{"__id__":77}],"_prefab":{"__type__":"cc.PrefabInfo","root":{"__id__":1},"asset":{"__uuid__":"8b5rVdALdPb4te8atsjMPw"},"fileId":"abx5Bow3NGmY7KTCzM4paM"},"_trs":{"__type__":"TypedArray","ctor":"Float64Array","array":[0,0,0,0,0,0,1,0.64,1,1]}},{"__type__":"cc.Node","_name":"failRes","_parent":{"__id__":76},"_components":[{"__type__":"cc.Label","node":{"__id__":77},"_materials":[{"__uuid__":"ecpdLyjvZBwrvm+cedCcQy"}],"_useOriginalSize":false,"_string":"闲3","_N$string":"闲3","_fontSize":27,"_N$file":{"__uuid__":"a6GFdfihpIQY/CU35PyGmw"},"_isSystemFontUsed":false,"_N$horizontalAlign":1,"_N$verticalAlign":1}],"_prefab":{"__type__":"cc.PrefabInfo","root":{"__id__":1},"asset":{"__uuid__":"8b5rVdALdPb4te8atsjMPw"},"fileId":"8f2lFbVk1DWrx9PR+Eb02c"},"_color":{"__type__":"cc.Color","b":254},"_contentSize":{"__type__":"cc.Size","width":43.24,"height":50.4},"_trs":{"__type__":"TypedArray","ctor":"Float64Array","array":[0,0,0,0,0,0,1,1.77557,1.13636,1.77557]}},{"__type__":"cc.Node","_name":"startGameBtn","_parent":{"__id__":1},"_components":[{"__type__":"cc.Sprite","node":{"__id__":78},"_materials":[{"__uuid__":"ecpdLyjvZBwrvm+cedCcQy"}],"_spriteFrame":{"__uuid__":"17cj52QpRJaKjFjPeI5+ZA"}},{"__type__":"cc.Button","node":{"__id__":78},"clickEvents":[{"__type__":"cc.ClickEvent","target":{"__id__":1},"_componentId":"02a84sHOz5J84W5JrFvIrHk","handler":"startGame"}]}],"_prefab":{"__type__":"cc.PrefabInfo","root":{"__id__":1},"asset":{"__uuid__":"8b5rVdALdPb4te8atsjMPw"},"fileId":"faLlH6QUBCj7pQhiSJZYbL"},"_contentSize":{"__type__":"cc.Size","width":165,"height":53},"_trs":{"__type__":"TypedArray","ctor":"Float64Array","array":[461.83,-165.482,0,0,0,0,1,1,1,1]}},{"__type__":"cc.Node","_name":"centerStartGame","_parent":{"__id__":1},"_components":[{"__type__":"cc.Sprite","node":{"__id__":79},"_materials":[{"__uuid__":"ecpdLyjvZBwrvm+cedCcQy"}],"_spriteFrame":{"__uuid__":"a2MjXRFdtLlYQ5ouAFv/+R"},"_sizeMode":0},{"__type__":"cc.Button","node":{"__id__":79},"clickEvents":[{"__type__":"cc.ClickEvent","target":{"__id__":1},"_componentId":"02a84sHOz5J84W5JrFvIrHk","handler":"startGame"}]}],"_prefab":{"__type__":"cc.PrefabInfo","root":{"__id__":1},"asset":{"__uuid__":"8b5rVdALdPb4te8atsjMPw"},"fileId":"c29purAlNPSLMo7cHpGX04"},"_opacity":0,"_contentSize":{"__type__":"cc.Size","width":957,"height":272},"_trs":{"__type__":"TypedArray","ctor":"Float64Array","array":[80,3,0,0,0,0,1,1,1,1]}},{"__type__":"cc.Node","_name":"curStatus","_parent":{"__id__":1},"_components":[{"__id__":81}],"_prefab":{"__type__":"cc.PrefabInfo","root":{"__id__":1},"asset":{"__uuid__":"8b5rVdALdPb4te8atsjMPw"},"fileId":"f55gW5QUdF5a5rK5nifRfI"},"_opacity":150,"_color":{"__type__":"cc.Color"},"_contentSize":{"__type__":"cc.Size","width":300,"height":151.2},"_trs":{"__type__":"TypedArray","ctor":"Float64Array","array":[115.067,10.966,0,0,0,0,1,1,1,1]}},{"__type__":"cc.Label","node":{"__id__":80},"_materials":[{"__uuid__":"ecpdLyjvZBwrvm+cedCcQy"}],"_useOriginalSize":false,"_string":"开牌中","_N$string":"开牌中","_fontSize":100,"_lineHeight":120,"_N$file":{"__uuid__":"46+JuiEWZM24PqUuDl8jKX"},"_isSystemFontUsed":false,"_N$horizontalAlign":1,"_N$verticalAlign":1},{"__type__":"cc.Node","_name":"curResultLab","_parent":{"__id__":1},"_components":[{"__id__":83}],"_prefab":{"__type__":"cc.PrefabInfo","root":{"__id__":1},"asset":{"__uuid__":"8b5rVdALdPb4te8atsjMPw"},"fileId":"05TDgDqwhCz49FDPl3j4lM"},"_color":{"__type__":"cc.Color","r":41,"g":171,"b":216},"_contentSize":{"__type__":"cc.Size","height":151.2},"_trs":{"__type__":"TypedArray","ctor":"Float64Array","array":[115.067,10.966,0,0,0,0,1,1,1,1]}},{"__type__":"cc.Label","node":{"__id__":82},"_materials":[{"__uuid__":"ecpdLyjvZBwrvm+cedCcQy"}],"_useOriginalSize":false,"_fontSize":100,"_lineHeight":120,"_N$file":{"__uuid__":"46+JuiEWZM24PqUuDl8jKX"},"_isSystemFontUsed":false,"_N$horizontalAlign":1,"_N$verticalAlign":1}],{"__type__":"cc.SpriteFrame","content":{"name":"default_sprite_splash","texture":"02delMVqdBD70a/HSD99FK","rect":[0,0,2,2],"offset":[0,0],"originalSize":[2,2],"capInsets":[0,0,0,0]}}]