[{"__type__":"cc.SpriteFrame","content":{"name":"xian_lan","texture":"3dn4uZuXJLSqUYywI1ZTZy","rect":[1010,127,10,10],"offset":[0,0],"originalSize":[10,10],"capInsets":[4,4,4,4]}},{"__type__":"cc.SpriteFrame","content":{"name":"zhuang_hong","texture":"cfCpKgTV5PO4J+8KRBAv+M","rect":[96,1012,10,10],"offset":[0,0],"originalSize":[10,10],"capInsets":[0,0,0,0]}},{"__type__":"cc.SpriteFrame","content":{"name":"tabley","texture":"e1yQmXXQ9O3bS0pzleANtn","rect":[467,720,65,66],"offset":[0,0],"originalSize":[65,66],"rotated":1,"capInsets":[0,0,0,0]}},{"__type__":"cc.SpriteFrame","content":{"name":"nn","texture":"e1yQmXXQ9O3bS0pzleANtn","rect":[535,720,30,30],"offset":[0,0],"originalSize":[30,30],"capInsets":[0,0,0,0]}},{"__type__":"cc.SpriteFrame","content":{"name":"table_bg","texture":"e1yQmXXQ9O3bS0pzleANtn","rect":[115,1477,747,202],"offset":[0,0],"originalSize":[747,202],"capInsets":[0,0,0,0]}},{"__type__":"cc.SpriteFrame","content":{"name":"zhuang_hong","texture":"3dn4uZuXJLSqUYywI1ZTZy","rect":[1010,103,10,10],"offset":[0,0],"originalSize":[10,10],"capInsets":[4,4,4,4]}},[{"__type__":"cc.Prefab","_name":"SGItemPC","data":{"__id__":1}},{"__type__":"cc.Node","_name":"SGItemPC","_children":[{"__id__":2},{"__id__":14}],"_components":[{"__type__":"cc.Sprite","node":{"__id__":1},"_materials":[{"__uuid__":"ecpdLyjvZBwrvm+cedCcQy"}],"_spriteFrame":{"__uuid__":"6fsMFAC8xC4I1nL62oZmF6"},"_sizeMode":0},{"__type__":"a3702ZbpPdFPolpfkURQ0j4","node":{"__id__":1},"gameTitlePic":{"__id__":6},"gameTitleLab":{"__id__":8},"normalLimit":{"__id__":10},"doubleLimit":{"__id__":12},"bootNumLab":{"__id__":88},"paveNumLab":{"__id__":90},"xian_1_lab":{"__id__":92},"xian_2_lab":{"__id__":94},"xian_3_lab":{"__id__":96},"xian_4_lab":{"__id__":98},"xian_5_lab":{"__id__":100},"xian_6_lab":{"__id__":102},"recordItem":{"__id__":32},"recordLayout":{"__id__":31},"curStatusLab":{"__id__":83},"resultLab":{"__id__":85}},{"__type__":"cc.Button","node":{"__id__":1},"clickEvents":[{"__type__":"cc.ClickEvent","target":{"__id__":1},"_componentId":"a3702ZbpPdFPolpfkURQ0j4","handler":"startGame"}]}],"_prefab":{"__type__":"cc.PrefabInfo","root":{"__id__":1},"asset":{"__uuid__":"89TwVzRsxCVLXxavhb25wF"},"fileId":"4cj52lN/JNt5uTvBJjoX3W"},"_contentSize":{"__type__":"cc.Size","width":747,"height":270},"_trs":{"__type__":"TypedArray","ctor":"Float64Array","array":[0,-101,0,0,0,0,1,1,1,1]}},{"__type__":"cc.Node","_name":"left","_parent":{"__id__":1},"_children":[{"__id__":3},{"__id__":9},{"__id__":11},{"__id__":13}],"_components":[{"__type__":"cc.Layout","node":{"__id__":2},"_layoutSize":{"__type__":"cc.Size","width":150,"height":187.04000000000002},"_resize":1,"_N$layoutType":2,"_N$paddingTop":40,"_N$spacingY":3},{"__type__":"cc.Widget","node":{"__id__":2},"_alignFlags":9,"_left":10,"_top":5}],"_prefab":{"__type__":"cc.PrefabInfo","root":{"__id__":1},"asset":{"__uuid__":"89TwVzRsxCVLXxavhb25wF"},"fileId":"30gnWy6LlMiqpZ5zFKHnHH"},"_contentSize":{"__type__":"cc.Size","width":150,"height":187.04000000000002},"_trs":{"__type__":"TypedArray","ctor":"Float64Array","array":[-288.5,36.47999999999999,0,0,0,0,1,1,1,1]}},{"__type__":"cc.Node","_name":"table","_parent":{"__id__":2},"_children":[{"__id__":4},{"__id__":7}],"_components":[{"__type__":"cc.Sprite","node":{"__id__":3},"_materials":[{"__uuid__":"ecpdLyjvZBwrvm+cedCcQy"}],"_spriteFrame":{"__uuid__":"b2eCb6MLVHlpR8YnjSH60A"},"_type":1,"_sizeMode":0}],"_prefab":{"__type__":"cc.PrefabInfo","root":{"__id__":1},"asset":{"__uuid__":"89TwVzRsxCVLXxavhb25wF"},"fileId":"8ahTQtksxNuq5J+eADy+b2"},"_contentSize":{"__type__":"cc.Size","width":130,"height":70},"_trs":{"__type__":"TypedArray","ctor":"Float64Array","array":[0,18.52000000000001,0,0,0,0,1,1,1,1]}},{"__type__":"cc.Node","_name":"tabley","_parent":{"__id__":3},"_children":[{"__id__":5}],"_components":[{"__type__":"cc.Sprite","node":{"__id__":4},"_materials":[{"__uuid__":"ecpdLyjvZBwrvm+cedCcQy"}],"_spriteFrame":{"__uuid__":"65DGt51t5OYZgODK5dr3wQ"}}],"_prefab":{"__type__":"cc.PrefabInfo","root":{"__id__":1},"asset":{"__uuid__":"89TwVzRsxCVLXxavhb25wF"},"fileId":"c1ZTa0RfJMCbBaLXhTSoyJ"},"_contentSize":{"__type__":"cc.Size","width":65,"height":66},"_trs":{"__type__":"TypedArray","ctor":"Float64Array","array":[0,39.409,0,0,0,0,1,1,1,1]}},{"__type__":"cc.Node","_name":"text_bjl","_parent":{"__id__":4},"_components":[{"__id__":6}],"_prefab":{"__type__":"cc.PrefabInfo","root":{"__id__":1},"asset":{"__uuid__":"89TwVzRsxCVLXxavhb25wF"},"fileId":"45kNSDfydHS7fjhJUM7FjF"},"_contentSize":{"__type__":"cc.Size","width":31,"height":32},"_trs":{"__type__":"TypedArray","ctor":"Float64Array","array":[0,0,0,0,0,0,1,1,1,1]}},{"__type__":"cc.Sprite","node":{"__id__":5},"_materials":[{"__uuid__":"ecpdLyjvZBwrvm+cedCcQy"}]},{"__type__":"cc.Node","_name":"number","_parent":{"__id__":3},"_components":[{"__id__":8}],"_prefab":{"__type__":"cc.PrefabInfo","root":{"__id__":1},"asset":{"__uuid__":"89TwVzRsxCVLXxavhb25wF"},"fileId":"42Um1jJb5HKKeeiyW8JTEy"},"_color":{"__type__":"cc.Color","r":249,"g":213,"b":133},"_contentSize":{"__type__":"cc.Size","width":66.69,"height":37.8},"_trs":{"__type__":"TypedArray","ctor":"Float64Array","array":[0,-12.9,0,0,0,0,1,1,1,1]}},{"__type__":"cc.Label","node":{"__id__":7},"_materials":[{"__uuid__":"ecpdLyjvZBwrvm+cedCcQy"}],"_useOriginalSize":false,"_string":"A2号","_N$string":"A2号","_fontSize":30,"_lineHeight":30,"_N$horizontalAlign":1,"_N$verticalAlign":1},{"__type__":"cc.Node","_name":"text1","_parent":{"__id__":2},"_components":[{"__id__":10}],"_prefab":{"__type__":"cc.PrefabInfo","root":{"__id__":1},"asset":{"__uuid__":"89TwVzRsxCVLXxavhb25wF"},"fileId":"33LOYLzeZN15dJ0yKE+OG/"},"_contentSize":{"__type__":"cc.Size","width":120.06,"height":22.68},"_trs":{"__type__":"TypedArray","ctor":"Float64Array","array":[0,-30.81999999999999,0,0,0,0,1,1,1,1]}},{"__type__":"cc.Label","node":{"__id__":9},"_materials":[{"__uuid__":"ecpdLyjvZBwrvm+cedCcQy"}],"_useOriginalSize":false,"_string":"闲家：20-5000","_N$string":"闲家：20-5000","_fontSize":18,"_lineHeight":18,"_N$horizontalAlign":1,"_N$verticalAlign":1},{"__type__":"cc.Node","_name":"text2","_parent":{"__id__":2},"_components":[{"__id__":12}],"_prefab":{"__type__":"cc.PrefabInfo","root":{"__id__":1},"asset":{"__uuid__":"89TwVzRsxCVLXxavhb25wF"},"fileId":"28NN2e+tBMuY7+37fju6aP"},"_contentSize":{"__type__":"cc.Size","width":120.06,"height":22.68},"_trs":{"__type__":"TypedArray","ctor":"Float64Array","array":[0,-56.499999999999986,0,0,0,0,1,1,1,1]}},{"__type__":"cc.Label","node":{"__id__":11},"_materials":[{"__uuid__":"ecpdLyjvZBwrvm+cedCcQy"}],"_useOriginalSize":false,"_string":"对子：20-5000","_N$string":"对子：20-5000","_fontSize":18,"_lineHeight":18,"_N$horizontalAlign":1,"_N$verticalAlign":1},{"__type__":"cc.Node","_name":"text3","_parent":{"__id__":2},"_components":[{"__type__":"cc.Label","node":{"__id__":13},"_materials":[{"__uuid__":"ecpdLyjvZBwrvm+cedCcQy"}],"_useOriginalSize":false,"_fontSize":18,"_lineHeight":18,"_N$horizontalAlign":1,"_N$verticalAlign":1}],"_prefab":{"__type__":"cc.PrefabInfo","root":{"__id__":1},"asset":{"__uuid__":"89TwVzRsxCVLXxavhb25wF"},"fileId":"8bAuFdJ4dKW5Z0NXs5PCPC"},"_contentSize":{"__type__":"cc.Size","height":22.68},"_trs":{"__type__":"TypedArray","ctor":"Float64Array","array":[0,-82.17999999999999,0,0,0,0,1,1,1,1]}},{"__type__":"cc.Node","_name":"right","_parent":{"__id__":1},"_children":[{"__id__":15},{"__id__":86}],"_components":[{"__type__":"cc.Layout","node":{"__id__":14},"_layoutSize":{"__type__":"cc.Size","width":570,"height":253},"_resize":1,"_N$layoutType":2,"_N$spacingY":5},{"__type__":"cc.Widget","node":{"__id__":14},"_alignFlags":33,"_left":30,"_right":10,"_top":10,"_bottom":4.75,"_originalHeight":188}],"_prefab":{"__type__":"cc.PrefabInfo","root":{"__id__":1},"asset":{"__uuid__":"89TwVzRsxCVLXxavhb25wF"},"fileId":"53GJ0Ob8RGKqhw1AIU0MB2"},"_contentSize":{"__type__":"cc.Size","width":570,"height":253},"_trs":{"__type__":"TypedArray","ctor":"Float64Array","array":[78.5,-1.5,0,0,0,0,1,1,1,1]}},{"__type__":"cc.Node","_name":"record","_parent":{"__id__":14},"_children":[{"__id__":16},{"__id__":31},{"__id__":82},{"__id__":84}],"_components":[{"__type__":"cc.Widget","node":{"__id__":15},"_alignFlags":40,"_right":2.5}],"_prefab":{"__type__":"cc.PrefabInfo","root":{"__id__":1},"asset":{"__uuid__":"89TwVzRsxCVLXxavhb25wF"},"fileId":"5cLyoYOjpO2r8lHChFbQr2"},"_contentSize":{"__type__":"cc.Size","width":567.5,"height":210},"_trs":{"__type__":"TypedArray","ctor":"Float64Array","array":[-1.25,21.5,0,0,0,0,1,1,1,1]}},{"__type__":"cc.Node","_name":"titleFrame","_parent":{"__id__":15},"_children":[{"__id__":17},{"__id__":19},{"__id__":21},{"__id__":23},{"__id__":25},{"__id__":27},{"__id__":29}],"_components":[{"__type__":"cc.Layout","node":{"__id__":16},"_layoutSize":{"__type__":"cc.Size","width":30,"height":210},"_resize":1,"_N$layoutType":2,"_N$cellSize":{"__type__":"cc.Size","width":22,"height":22},"_N$spacingX":2},{"__type__":"cc.Widget","node":{"__id__":16},"_alignFlags":8}],"_prefab":{"__type__":"cc.PrefabInfo","root":{"__id__":1},"asset":{"__uuid__":"89TwVzRsxCVLXxavhb25wF"},"fileId":"ddJ4uEch9M0a94XJbl1rCD"},"_contentSize":{"__type__":"cc.Size","width":30,"height":210},"_trs":{"__type__":"TypedArray","ctor":"Float64Array","array":[-268.75,0,0,0,0,0,1,1,1,1]}},{"__type__":"cc.Node","_name":"zhuang","_parent":{"__id__":16},"_children":[{"__id__":18}],"_components":[{"__type__":"cc.Sprite","node":{"__id__":17},"_materials":[{"__uuid__":"ecpdLyjvZBwrvm+cedCcQy"}],"_spriteFrame":{"__uuid__":"88yxyZfv1Lr6fzKdI5zVsA"},"_sizeMode":0}],"_prefab":{"__type__":"cc.PrefabInfo","root":{"__id__":1},"asset":{"__uuid__":"89TwVzRsxCVLXxavhb25wF"},"fileId":"90x206JFZGtZfTy3p1Onci"},"_contentSize":{"__type__":"cc.Size","width":30,"height":30},"_trs":{"__type__":"TypedArray","ctor":"Float64Array","array":[0,90,0,0,0,0,1,1,1,1]}},{"__type__":"cc.Node","_name":"label","_parent":{"__id__":17},"_components":[{"__type__":"cc.Label","node":{"__id__":18},"_materials":[{"__uuid__":"ecpdLyjvZBwrvm+cedCcQy"}],"_useOriginalSize":false,"_string":"庄","_N$string":"庄","_fontSize":16,"_lineHeight":20,"_N$horizontalAlign":1,"_N$verticalAlign":1}],"_prefab":{"__type__":"cc.PrefabInfo","root":{"__id__":1},"asset":{"__uuid__":"89TwVzRsxCVLXxavhb25wF"},"fileId":"47HuCUK6hPAoCnI0UY7em4"},"_contentSize":{"__type__":"cc.Size","width":16,"height":25.2},"_trs":{"__type__":"TypedArray","ctor":"Float64Array","array":[0,0,0,0,0,0,1,1,1,1]}},{"__type__":"cc.Node","_name":"xian1","_parent":{"__id__":16},"_children":[{"__id__":20}],"_components":[{"__type__":"cc.Sprite","node":{"__id__":19},"_materials":[{"__uuid__":"ecpdLyjvZBwrvm+cedCcQy"}],"_spriteFrame":{"__uuid__":"19DpYfSKFO3qHjRUVJCMwA"},"_sizeMode":0}],"_prefab":{"__type__":"cc.PrefabInfo","root":{"__id__":1},"asset":{"__uuid__":"89TwVzRsxCVLXxavhb25wF"},"fileId":"f1958NgvpFw5dhDEpCD9p5"},"_contentSize":{"__type__":"cc.Size","width":30,"height":30},"_trs":{"__type__":"TypedArray","ctor":"Float64Array","array":[0,60,0,0,0,0,1,1,1,1]}},{"__type__":"cc.Node","_name":"label","_parent":{"__id__":19},"_components":[{"__type__":"cc.Label","node":{"__id__":20},"_materials":[{"__uuid__":"ecpdLyjvZBwrvm+cedCcQy"}],"_useOriginalSize":false,"_string":"闲1","_N$string":"闲1","_fontSize":16,"_lineHeight":20,"_N$horizontalAlign":1,"_N$verticalAlign":1}],"_prefab":{"__type__":"cc.PrefabInfo","root":{"__id__":1},"asset":{"__uuid__":"89TwVzRsxCVLXxavhb25wF"},"fileId":"be3l+PMdNNo69mzKhtomQ6"},"_contentSize":{"__type__":"cc.Size","width":24.9,"height":25.2},"_trs":{"__type__":"TypedArray","ctor":"Float64Array","array":[0,0,0,0,0,0,1,1,1,1]}},{"__type__":"cc.Node","_name":"xian2","_parent":{"__id__":16},"_children":[{"__id__":22}],"_components":[{"__type__":"cc.Sprite","node":{"__id__":21},"_materials":[{"__uuid__":"ecpdLyjvZBwrvm+cedCcQy"}],"_spriteFrame":{"__uuid__":"19DpYfSKFO3qHjRUVJCMwA"},"_sizeMode":0}],"_prefab":{"__type__":"cc.PrefabInfo","root":{"__id__":1},"asset":{"__uuid__":"89TwVzRsxCVLXxavhb25wF"},"fileId":"0dt3JuDYJNmqBmnb2LYNFb"},"_contentSize":{"__type__":"cc.Size","width":30,"height":30},"_trs":{"__type__":"TypedArray","ctor":"Float64Array","array":[0,30,0,0,0,0,1,1,1,1]}},{"__type__":"cc.Node","_name":"label","_parent":{"__id__":21},"_components":[{"__type__":"cc.Label","node":{"__id__":22},"_materials":[{"__uuid__":"ecpdLyjvZBwrvm+cedCcQy"}],"_useOriginalSize":false,"_string":"闲2","_N$string":"闲2","_fontSize":16,"_lineHeight":20,"_N$horizontalAlign":1,"_N$verticalAlign":1}],"_prefab":{"__type__":"cc.PrefabInfo","root":{"__id__":1},"asset":{"__uuid__":"89TwVzRsxCVLXxavhb25wF"},"fileId":"c8gG1XyxBOFpxea4BNsZk8"},"_contentSize":{"__type__":"cc.Size","width":24.9,"height":25.2},"_trs":{"__type__":"TypedArray","ctor":"Float64Array","array":[0,0,0,0,0,0,1,1,1,1]}},{"__type__":"cc.Node","_name":"xian3","_parent":{"__id__":16},"_children":[{"__id__":24}],"_components":[{"__type__":"cc.Sprite","node":{"__id__":23},"_materials":[{"__uuid__":"ecpdLyjvZBwrvm+cedCcQy"}],"_spriteFrame":{"__uuid__":"19DpYfSKFO3qHjRUVJCMwA"},"_sizeMode":0}],"_prefab":{"__type__":"cc.PrefabInfo","root":{"__id__":1},"asset":{"__uuid__":"89TwVzRsxCVLXxavhb25wF"},"fileId":"39EfgpswREvokguBlFERDy"},"_contentSize":{"__type__":"cc.Size","width":30,"height":30},"_trs":{"__type__":"TypedArray","ctor":"Float64Array","array":[0,0,0,0,0,0,1,1,1,1]}},{"__type__":"cc.Node","_name":"label","_parent":{"__id__":23},"_components":[{"__type__":"cc.Label","node":{"__id__":24},"_materials":[{"__uuid__":"ecpdLyjvZBwrvm+cedCcQy"}],"_useOriginalSize":false,"_string":"闲3","_N$string":"闲3","_fontSize":16,"_lineHeight":20,"_N$horizontalAlign":1,"_N$verticalAlign":1}],"_prefab":{"__type__":"cc.PrefabInfo","root":{"__id__":1},"asset":{"__uuid__":"89TwVzRsxCVLXxavhb25wF"},"fileId":"2bLGakR2VHibbRjj1fqsLl"},"_contentSize":{"__type__":"cc.Size","width":24.9,"height":25.2},"_trs":{"__type__":"TypedArray","ctor":"Float64Array","array":[0,0,0,0,0,0,1,1,1,1]}},{"__type__":"cc.Node","_name":"xian4","_parent":{"__id__":16},"_children":[{"__id__":26}],"_components":[{"__type__":"cc.Sprite","node":{"__id__":25},"_materials":[{"__uuid__":"ecpdLyjvZBwrvm+cedCcQy"}],"_spriteFrame":{"__uuid__":"19DpYfSKFO3qHjRUVJCMwA"},"_sizeMode":0}],"_prefab":{"__type__":"cc.PrefabInfo","root":{"__id__":1},"asset":{"__uuid__":"89TwVzRsxCVLXxavhb25wF"},"fileId":"36H+UuYgBBU4m36JWW0QhH"},"_contentSize":{"__type__":"cc.Size","width":30,"height":30},"_trs":{"__type__":"TypedArray","ctor":"Float64Array","array":[0,-30,0,0,0,0,1,1,1,1]}},{"__type__":"cc.Node","_name":"label","_parent":{"__id__":25},"_components":[{"__type__":"cc.Label","node":{"__id__":26},"_materials":[{"__uuid__":"ecpdLyjvZBwrvm+cedCcQy"}],"_useOriginalSize":false,"_string":"闲4","_N$string":"闲4","_fontSize":16,"_lineHeight":20,"_N$horizontalAlign":1,"_N$verticalAlign":1}],"_prefab":{"__type__":"cc.PrefabInfo","root":{"__id__":1},"asset":{"__uuid__":"89TwVzRsxCVLXxavhb25wF"},"fileId":"11Go5z5iRKNZpvjH5EGFRr"},"_contentSize":{"__type__":"cc.Size","width":24.9,"height":25.2},"_trs":{"__type__":"TypedArray","ctor":"Float64Array","array":[0,0,0,0,0,0,1,1,1,1]}},{"__type__":"cc.Node","_name":"xian5","_parent":{"__id__":16},"_children":[{"__id__":28}],"_components":[{"__type__":"cc.Sprite","node":{"__id__":27},"_materials":[{"__uuid__":"ecpdLyjvZBwrvm+cedCcQy"}],"_spriteFrame":{"__uuid__":"19DpYfSKFO3qHjRUVJCMwA"},"_sizeMode":0}],"_prefab":{"__type__":"cc.PrefabInfo","root":{"__id__":1},"asset":{"__uuid__":"89TwVzRsxCVLXxavhb25wF"},"fileId":"7bdHotUaZOM76GOmqQ48z/"},"_contentSize":{"__type__":"cc.Size","width":30,"height":30},"_trs":{"__type__":"TypedArray","ctor":"Float64Array","array":[0,-60,0,0,0,0,1,1,1,1]}},{"__type__":"cc.Node","_name":"label","_parent":{"__id__":27},"_components":[{"__type__":"cc.Label","node":{"__id__":28},"_materials":[{"__uuid__":"ecpdLyjvZBwrvm+cedCcQy"}],"_useOriginalSize":false,"_string":"闲5","_N$string":"闲5","_fontSize":16,"_lineHeight":20,"_N$horizontalAlign":1,"_N$verticalAlign":1}],"_prefab":{"__type__":"cc.PrefabInfo","root":{"__id__":1},"asset":{"__uuid__":"89TwVzRsxCVLXxavhb25wF"},"fileId":"59OM8mrtxNer5i3UijBUC6"},"_contentSize":{"__type__":"cc.Size","width":24.9,"height":25.2},"_trs":{"__type__":"TypedArray","ctor":"Float64Array","array":[0,0,0,0,0,0,1,1,1,1]}},{"__type__":"cc.Node","_name":"xian6","_parent":{"__id__":16},"_children":[{"__id__":30}],"_components":[{"__type__":"cc.Sprite","node":{"__id__":29},"_materials":[{"__uuid__":"ecpdLyjvZBwrvm+cedCcQy"}],"_spriteFrame":{"__uuid__":"19DpYfSKFO3qHjRUVJCMwA"},"_sizeMode":0}],"_prefab":{"__type__":"cc.PrefabInfo","root":{"__id__":1},"asset":{"__uuid__":"89TwVzRsxCVLXxavhb25wF"},"fileId":"d6128/dxZGtbvUt45nW9qq"},"_contentSize":{"__type__":"cc.Size","width":30,"height":30},"_trs":{"__type__":"TypedArray","ctor":"Float64Array","array":[0,-90,0,0,0,0,1,1,1,1]}},{"__type__":"cc.Node","_name":"label","_parent":{"__id__":29},"_components":[{"__type__":"cc.Label","node":{"__id__":30},"_materials":[{"__uuid__":"ecpdLyjvZBwrvm+cedCcQy"}],"_useOriginalSize":false,"_string":"闲6","_N$string":"闲6","_fontSize":16,"_lineHeight":20,"_N$horizontalAlign":1,"_N$verticalAlign":1}],"_prefab":{"__type__":"cc.PrefabInfo","root":{"__id__":1},"asset":{"__uuid__":"89TwVzRsxCVLXxavhb25wF"},"fileId":"13I5JZhzxKALnXPvIczj69"},"_contentSize":{"__type__":"cc.Size","width":24.9,"height":25.2},"_trs":{"__type__":"TypedArray","ctor":"Float64Array","array":[0,0,0,0,0,0,1,1,1,1]}},{"__type__":"cc.Node","_name":"recordFrame","_parent":{"__id__":15},"_children":[{"__id__":32}],"_components":[{"__type__":"cc.Sprite","node":{"__id__":31},"_materials":[{"__uuid__":"ecpdLyjvZBwrvm+cedCcQy"}],"_spriteFrame":{"__uuid__":"6cWRuUbPdGkJ2AipUf5WGy"},"_type":2,"_sizeMode":0},{"__type__":"cc.Layout","node":{"__id__":31},"_layoutSize":{"__type__":"cc.Size","width":537.5,"height":210},"_N$layoutType":1,"_N$cellSize":{"__type__":"cc.Size","width":30,"height":40}},{"__type__":"cc.Widget","node":{"__id__":31},"_alignFlags":40,"_left":30,"_originalWidth":300}],"_prefab":{"__type__":"cc.PrefabInfo","root":{"__id__":1},"asset":{"__uuid__":"89TwVzRsxCVLXxavhb25wF"},"fileId":"b1FVQdJXlMLaT6lJlHX5DY"},"_contentSize":{"__type__":"cc.Size","width":537.5,"height":210},"_anchorPoint":{"__type__":"cc.Vec2","y":0.5},"_trs":{"__type__":"TypedArray","ctor":"Float64Array","array":[-253.75,0,0,0,0,0,1,1,1,1]}},{"__type__":"cc.Node","_name":"recordItem","_parent":{"__id__":31},"_children":[{"__id__":33},{"__id__":40},{"__id__":47},{"__id__":54},{"__id__":61},{"__id__":68},{"__id__":75}],"_active":false,"_components":[{"__type__":"cc.Layout","node":{"__id__":32},"_layoutSize":{"__type__":"cc.Size","width":30,"height":120},"_N$layoutType":2},null],"_prefab":{"__type__":"cc.PrefabInfo","root":{"__id__":1},"asset":{"__uuid__":"89TwVzRsxCVLXxavhb25wF"},"fileId":"e7wUvoiDBD0qXXoiMxHmJN"},"_contentSize":{"__type__":"cc.Size","width":30,"height":210},"_trs":{"__type__":"TypedArray","ctor":"Float64Array","array":[15,0,0,0,0,0,1,1,1,1]}},{"__type__":"cc.Node","_name":"zRes","_parent":{"__id__":32},"_children":[{"__id__":34},{"__id__":36}],"_prefab":{"__type__":"cc.PrefabInfo","root":{"__id__":1},"asset":{"__uuid__":"89TwVzRsxCVLXxavhb25wF"},"fileId":"36tq8Qa7ZKIrnnrj3Hq+zm"},"_contentSize":{"__type__":"cc.Size","width":30,"height":30},"_trs":{"__type__":"TypedArray","ctor":"Float64Array","array":[0,45,0,0,0,0,1,1,1,1]}},{"__type__":"cc.Node","_name":"failNode","_parent":{"__id__":33},"_children":[{"__id__":35}],"_components":[{"__type__":"cc.Label","node":{"__id__":34},"_materials":[{"__uuid__":"ecpdLyjvZBwrvm+cedCcQy"}],"_useOriginalSize":false,"_fontSize":16,"_lineHeight":20,"_N$horizontalAlign":1,"_N$verticalAlign":1}],"_prefab":{"__type__":"cc.PrefabInfo","root":{"__id__":1},"asset":{"__uuid__":"89TwVzRsxCVLXxavhb25wF"},"fileId":"dbAW3I6+BOqrkOz2mKOEn8"},"_color":{"__type__":"cc.Color","r":215,"g":1,"b":34},"_contentSize":{"__type__":"cc.Size","height":25.2},"_trs":{"__type__":"TypedArray","ctor":"Float64Array","array":[0,0,0,0,0,0,1,1,1,1]}},{"__type__":"cc.Node","_name":"failRes","_parent":{"__id__":34},"_components":[{"__type__":"cc.Label","node":{"__id__":35},"_materials":[{"__uuid__":"ecpdLyjvZBwrvm+cedCcQy"}],"_useOriginalSize":false,"_string":"闲","_N$string":"闲","_fontSize":16,"_lineHeight":20,"_N$horizontalAlign":1,"_N$verticalAlign":1}],"_prefab":{"__type__":"cc.PrefabInfo","root":{"__id__":1},"asset":{"__uuid__":"89TwVzRsxCVLXxavhb25wF"},"fileId":"3fxqwu8QlAobgZdEZOkQT5"},"_color":{"__type__":"cc.Color","r":215,"g":1,"b":34},"_contentSize":{"__type__":"cc.Size","width":16,"height":25.2},"_trs":{"__type__":"TypedArray","ctor":"Float64Array","array":[0,0,0,0,0,0,1,1,1,1]}},{"__type__":"cc.Node","_name":"winNode","_parent":{"__id__":33},"_children":[{"__id__":37},{"__id__":38}],"_prefab":{"__type__":"cc.PrefabInfo","root":{"__id__":1},"asset":{"__uuid__":"89TwVzRsxCVLXxavhb25wF"},"fileId":"e0SeexOy9Jt7NuH+97flZR"},"_contentSize":{"__type__":"cc.Size","width":30,"height":30},"_trs":{"__type__":"TypedArray","ctor":"Float64Array","array":[0,0,0,0,0,0,1,1,1,1]}},{"__type__":"cc.Node","_name":"winRes","_parent":{"__id__":36},"_components":[{"__type__":"cc.Label","node":{"__id__":37},"_materials":[{"__uuid__":"ecpdLyjvZBwrvm+cedCcQy"}],"_useOriginalSize":false,"_string":"闲","_N$string":"闲","_fontSize":16,"_lineHeight":20,"_N$horizontalAlign":1,"_N$verticalAlign":1}],"_prefab":{"__type__":"cc.PrefabInfo","root":{"__id__":1},"asset":{"__uuid__":"89TwVzRsxCVLXxavhb25wF"},"fileId":"1bSmzP/FdAJLL4Rz9dazK8"},"_color":{"__type__":"cc.Color","r":215,"g":1,"b":34},"_contentSize":{"__type__":"cc.Size","width":16,"height":25.2},"_trs":{"__type__":"TypedArray","ctor":"Float64Array","array":[0,5.16,0,0,0,0,1,1,1,1]}},{"__type__":"cc.Node","_name":"winFrame","_parent":{"__id__":36},"_children":[{"__id__":39}],"_components":[{"__type__":"cc.Sprite","node":{"__id__":38},"_materials":[{"__uuid__":"ecpdLyjvZBwrvm+cedCcQy"}],"_spriteFrame":{"__uuid__":"52d12fn3xJ6bAgDGXY0nOu"},"_type":1,"_sizeMode":0},{"__type__":"cc.Widget","node":{"__id__":38},"_alignFlags":44,"_originalWidth":10}],"_prefab":{"__type__":"cc.PrefabInfo","root":{"__id__":1},"asset":{"__uuid__":"89TwVzRsxCVLXxavhb25wF"},"fileId":"74chlh2tVGZIVAYf8CU3yJ"},"_contentSize":{"__type__":"cc.Size","width":30,"height":10},"_trs":{"__type__":"TypedArray","ctor":"Float64Array","array":[0,-10,0,0,0,0,1,1,1,1]}},{"__type__":"cc.Node","_name":"winLab","_parent":{"__id__":38},"_components":[{"__type__":"cc.Label","node":{"__id__":39},"_materials":[{"__uuid__":"ecpdLyjvZBwrvm+cedCcQy"}],"_useOriginalSize":false,"_string":"WIN","_N$string":"WIN","_fontSize":10,"_lineHeight":10,"_N$horizontalAlign":1,"_N$verticalAlign":1}],"_prefab":{"__type__":"cc.PrefabInfo","root":{"__id__":1},"asset":{"__uuid__":"89TwVzRsxCVLXxavhb25wF"},"fileId":"41uPAwyLZEYptAPSFvnYos"},"_contentSize":{"__type__":"cc.Size","width":19.44,"height":12.6},"_trs":{"__type__":"TypedArray","ctor":"Float64Array","array":[0,0,0,0,0,0,1,1,1,1]}},{"__type__":"cc.Node","_name":"x1Res","_parent":{"__id__":32},"_children":[{"__id__":41},{"__id__":43}],"_prefab":{"__type__":"cc.PrefabInfo","root":{"__id__":1},"asset":{"__uuid__":"89TwVzRsxCVLXxavhb25wF"},"fileId":"b1hlyPydFOz78q8ibDVmPL"},"_contentSize":{"__type__":"cc.Size","width":30,"height":30},"_trs":{"__type__":"TypedArray","ctor":"Float64Array","array":[0,15,0,0,0,0,1,1,1,1]}},{"__type__":"cc.Node","_name":"failNode","_parent":{"__id__":40},"_children":[{"__id__":42}],"_components":[{"__type__":"cc.Label","node":{"__id__":41},"_materials":[{"__uuid__":"ecpdLyjvZBwrvm+cedCcQy"}],"_useOriginalSize":false,"_fontSize":16,"_lineHeight":20,"_N$horizontalAlign":1,"_N$verticalAlign":1}],"_prefab":{"__type__":"cc.PrefabInfo","root":{"__id__":1},"asset":{"__uuid__":"89TwVzRsxCVLXxavhb25wF"},"fileId":"e3kVGaAcRGZ7ySW/tC/aw+"},"_color":{"__type__":"cc.Color","r":215,"g":1,"b":34},"_contentSize":{"__type__":"cc.Size","height":25.2},"_trs":{"__type__":"TypedArray","ctor":"Float64Array","array":[0,0,0,0,0,0,1,1,1,1]}},{"__type__":"cc.Node","_name":"failRes","_parent":{"__id__":41},"_components":[{"__type__":"cc.Label","node":{"__id__":42},"_materials":[{"__uuid__":"ecpdLyjvZBwrvm+cedCcQy"}],"_useOriginalSize":false,"_string":"闲","_N$string":"闲","_fontSize":16,"_lineHeight":20,"_N$horizontalAlign":1,"_N$verticalAlign":1}],"_prefab":{"__type__":"cc.PrefabInfo","root":{"__id__":1},"asset":{"__uuid__":"89TwVzRsxCVLXxavhb25wF"},"fileId":"a3RyVeGs1JBawl/c1Bu9mZ"},"_color":{"__type__":"cc.Color","r":1,"g":1,"b":254},"_contentSize":{"__type__":"cc.Size","width":16,"height":25.2},"_trs":{"__type__":"TypedArray","ctor":"Float64Array","array":[0,0,0,0,0,0,1,1,1,1]}},{"__type__":"cc.Node","_name":"winNode","_parent":{"__id__":40},"_children":[{"__id__":44},{"__id__":45}],"_prefab":{"__type__":"cc.PrefabInfo","root":{"__id__":1},"asset":{"__uuid__":"89TwVzRsxCVLXxavhb25wF"},"fileId":"11+JdAVpZDppWjWNWyeeR9"},"_contentSize":{"__type__":"cc.Size","width":30,"height":30},"_trs":{"__type__":"TypedArray","ctor":"Float64Array","array":[0,0,0,0,0,0,1,1,1,1]}},{"__type__":"cc.Node","_name":"winRes","_parent":{"__id__":43},"_components":[{"__type__":"cc.Label","node":{"__id__":44},"_materials":[{"__uuid__":"ecpdLyjvZBwrvm+cedCcQy"}],"_useOriginalSize":false,"_string":"闲","_N$string":"闲","_fontSize":16,"_lineHeight":20,"_N$horizontalAlign":1,"_N$verticalAlign":1}],"_prefab":{"__type__":"cc.PrefabInfo","root":{"__id__":1},"asset":{"__uuid__":"89TwVzRsxCVLXxavhb25wF"},"fileId":"87Lfcn2b5MnbJh2HYor4xB"},"_color":{"__type__":"cc.Color","r":1,"g":1,"b":254},"_contentSize":{"__type__":"cc.Size","width":16,"height":25.2},"_trs":{"__type__":"TypedArray","ctor":"Float64Array","array":[0,5.16,0,0,0,0,1,1,1,1]}},{"__type__":"cc.Node","_name":"winFrame","_parent":{"__id__":43},"_children":[{"__id__":46}],"_components":[{"__type__":"cc.Sprite","node":{"__id__":45},"_materials":[{"__uuid__":"ecpdLyjvZBwrvm+cedCcQy"}],"_spriteFrame":{"__uuid__":"19DpYfSKFO3qHjRUVJCMwA"},"_type":1,"_sizeMode":0},{"__type__":"cc.Widget","node":{"__id__":45},"_alignFlags":44,"_originalWidth":10}],"_prefab":{"__type__":"cc.PrefabInfo","root":{"__id__":1},"asset":{"__uuid__":"89TwVzRsxCVLXxavhb25wF"},"fileId":"dbQuLAvV5OfLaMudeRrcf2"},"_contentSize":{"__type__":"cc.Size","width":30,"height":10},"_trs":{"__type__":"TypedArray","ctor":"Float64Array","array":[0,-10,0,0,0,0,1,1,1,1]}},{"__type__":"cc.Node","_name":"winLab","_parent":{"__id__":45},"_components":[{"__type__":"cc.Label","node":{"__id__":46},"_materials":[{"__uuid__":"ecpdLyjvZBwrvm+cedCcQy"}],"_useOriginalSize":false,"_string":"WIN","_N$string":"WIN","_fontSize":10,"_lineHeight":10,"_N$horizontalAlign":1,"_N$verticalAlign":1}],"_prefab":{"__type__":"cc.PrefabInfo","root":{"__id__":1},"asset":{"__uuid__":"89TwVzRsxCVLXxavhb25wF"},"fileId":"daBMLW4+BDt68WIwbjh+JD"},"_contentSize":{"__type__":"cc.Size","width":19.44,"height":12.6},"_trs":{"__type__":"TypedArray","ctor":"Float64Array","array":[0,0,0,0,0,0,1,1,1,1]}},{"__type__":"cc.Node","_name":"x2Res","_parent":{"__id__":32},"_children":[{"__id__":48},{"__id__":50}],"_prefab":{"__type__":"cc.PrefabInfo","root":{"__id__":1},"asset":{"__uuid__":"89TwVzRsxCVLXxavhb25wF"},"fileId":"74kpMnk8RP1Ll51PoYUyFS"},"_contentSize":{"__type__":"cc.Size","width":30,"height":30},"_trs":{"__type__":"TypedArray","ctor":"Float64Array","array":[0,-15,0,0,0,0,1,1,1,1]}},{"__type__":"cc.Node","_name":"failNode","_parent":{"__id__":47},"_children":[{"__id__":49}],"_components":[{"__type__":"cc.Label","node":{"__id__":48},"_materials":[{"__uuid__":"ecpdLyjvZBwrvm+cedCcQy"}],"_useOriginalSize":false,"_fontSize":16,"_lineHeight":20,"_N$horizontalAlign":1,"_N$verticalAlign":1}],"_prefab":{"__type__":"cc.PrefabInfo","root":{"__id__":1},"asset":{"__uuid__":"89TwVzRsxCVLXxavhb25wF"},"fileId":"bcPXPVAKFD3rtfH9OhIU7V"},"_color":{"__type__":"cc.Color","r":215,"g":1,"b":34},"_contentSize":{"__type__":"cc.Size","height":25.2},"_trs":{"__type__":"TypedArray","ctor":"Float64Array","array":[0,0,0,0,0,0,1,1,1,1]}},{"__type__":"cc.Node","_name":"failRes","_parent":{"__id__":48},"_components":[{"__type__":"cc.Label","node":{"__id__":49},"_materials":[{"__uuid__":"ecpdLyjvZBwrvm+cedCcQy"}],"_useOriginalSize":false,"_string":"闲","_N$string":"闲","_fontSize":16,"_lineHeight":20,"_N$horizontalAlign":1,"_N$verticalAlign":1}],"_prefab":{"__type__":"cc.PrefabInfo","root":{"__id__":1},"asset":{"__uuid__":"89TwVzRsxCVLXxavhb25wF"},"fileId":"78JNASiOJBl5H5ytVtjgIq"},"_color":{"__type__":"cc.Color","r":1,"g":1,"b":254},"_contentSize":{"__type__":"cc.Size","width":16,"height":25.2},"_trs":{"__type__":"TypedArray","ctor":"Float64Array","array":[0,0,0,0,0,0,1,1,1,1]}},{"__type__":"cc.Node","_name":"winNode","_parent":{"__id__":47},"_children":[{"__id__":51},{"__id__":52}],"_prefab":{"__type__":"cc.PrefabInfo","root":{"__id__":1},"asset":{"__uuid__":"89TwVzRsxCVLXxavhb25wF"},"fileId":"43Fz+ihCNGi733TQwHmWP4"},"_contentSize":{"__type__":"cc.Size","width":30,"height":30},"_trs":{"__type__":"TypedArray","ctor":"Float64Array","array":[0,0,0,0,0,0,1,1,1,1]}},{"__type__":"cc.Node","_name":"winRes","_parent":{"__id__":50},"_components":[{"__type__":"cc.Label","node":{"__id__":51},"_materials":[{"__uuid__":"ecpdLyjvZBwrvm+cedCcQy"}],"_useOriginalSize":false,"_string":"闲","_N$string":"闲","_fontSize":16,"_lineHeight":20,"_N$horizontalAlign":1,"_N$verticalAlign":1}],"_prefab":{"__type__":"cc.PrefabInfo","root":{"__id__":1},"asset":{"__uuid__":"89TwVzRsxCVLXxavhb25wF"},"fileId":"9aMbCngTFFfa/sFc6dsvjj"},"_color":{"__type__":"cc.Color","r":1,"g":1,"b":254},"_contentSize":{"__type__":"cc.Size","width":16,"height":25.2},"_trs":{"__type__":"TypedArray","ctor":"Float64Array","array":[0,5.16,0,0,0,0,1,1,1,1]}},{"__type__":"cc.Node","_name":"winFrame","_parent":{"__id__":50},"_children":[{"__id__":53}],"_components":[{"__type__":"cc.Sprite","node":{"__id__":52},"_materials":[{"__uuid__":"ecpdLyjvZBwrvm+cedCcQy"}],"_spriteFrame":{"__uuid__":"19DpYfSKFO3qHjRUVJCMwA"},"_type":1,"_sizeMode":0},{"__type__":"cc.Widget","node":{"__id__":52},"_alignFlags":44,"_originalWidth":10}],"_prefab":{"__type__":"cc.PrefabInfo","root":{"__id__":1},"asset":{"__uuid__":"89TwVzRsxCVLXxavhb25wF"},"fileId":"dck1mqW0lMxIbkqOhzbEni"},"_contentSize":{"__type__":"cc.Size","width":30,"height":10},"_trs":{"__type__":"TypedArray","ctor":"Float64Array","array":[0,-10,0,0,0,0,1,1,1,1]}},{"__type__":"cc.Node","_name":"winLab","_parent":{"__id__":52},"_components":[{"__type__":"cc.Label","node":{"__id__":53},"_materials":[{"__uuid__":"ecpdLyjvZBwrvm+cedCcQy"}],"_useOriginalSize":false,"_string":"WIN","_N$string":"WIN","_fontSize":10,"_lineHeight":10,"_N$horizontalAlign":1,"_N$verticalAlign":1}],"_prefab":{"__type__":"cc.PrefabInfo","root":{"__id__":1},"asset":{"__uuid__":"89TwVzRsxCVLXxavhb25wF"},"fileId":"8fZ1cu4/RNcYsV2Mq+dOR8"},"_contentSize":{"__type__":"cc.Size","width":19.44,"height":12.6},"_trs":{"__type__":"TypedArray","ctor":"Float64Array","array":[0,0,0,0,0,0,1,1,1,1]}},{"__type__":"cc.Node","_name":"x3Res","_parent":{"__id__":32},"_children":[{"__id__":55},{"__id__":57}],"_prefab":{"__type__":"cc.PrefabInfo","root":{"__id__":1},"asset":{"__uuid__":"89TwVzRsxCVLXxavhb25wF"},"fileId":"69x8pVj7pFaKJvL5+4Jh8C"},"_contentSize":{"__type__":"cc.Size","width":30,"height":30},"_trs":{"__type__":"TypedArray","ctor":"Float64Array","array":[0,-45,0,0,0,0,1,1,1,1]}},{"__type__":"cc.Node","_name":"failNode","_parent":{"__id__":54},"_children":[{"__id__":56}],"_components":[{"__type__":"cc.Label","node":{"__id__":55},"_materials":[{"__uuid__":"ecpdLyjvZBwrvm+cedCcQy"}],"_useOriginalSize":false,"_fontSize":16,"_lineHeight":20,"_N$horizontalAlign":1,"_N$verticalAlign":1}],"_prefab":{"__type__":"cc.PrefabInfo","root":{"__id__":1},"asset":{"__uuid__":"89TwVzRsxCVLXxavhb25wF"},"fileId":"d0E9yBHd9AxKB0Neb2t9ax"},"_color":{"__type__":"cc.Color","r":215,"g":1,"b":34},"_contentSize":{"__type__":"cc.Size","height":25.2},"_trs":{"__type__":"TypedArray","ctor":"Float64Array","array":[0,0,0,0,0,0,1,1,1,1]}},{"__type__":"cc.Node","_name":"failRes","_parent":{"__id__":55},"_components":[{"__type__":"cc.Label","node":{"__id__":56},"_materials":[{"__uuid__":"ecpdLyjvZBwrvm+cedCcQy"}],"_useOriginalSize":false,"_string":"闲","_N$string":"闲","_fontSize":16,"_lineHeight":20,"_N$horizontalAlign":1,"_N$verticalAlign":1}],"_prefab":{"__type__":"cc.PrefabInfo","root":{"__id__":1},"asset":{"__uuid__":"89TwVzRsxCVLXxavhb25wF"},"fileId":"abo0nhNZpL7L0+lXcbJi8u"},"_color":{"__type__":"cc.Color","r":1,"g":1,"b":254},"_contentSize":{"__type__":"cc.Size","width":16,"height":25.2},"_trs":{"__type__":"TypedArray","ctor":"Float64Array","array":[0,0,0,0,0,0,1,1,1,1]}},{"__type__":"cc.Node","_name":"winNode","_parent":{"__id__":54},"_children":[{"__id__":58},{"__id__":59}],"_prefab":{"__type__":"cc.PrefabInfo","root":{"__id__":1},"asset":{"__uuid__":"89TwVzRsxCVLXxavhb25wF"},"fileId":"f7AkZf6m5D9ZAAaRS73gR/"},"_contentSize":{"__type__":"cc.Size","width":30,"height":30},"_trs":{"__type__":"TypedArray","ctor":"Float64Array","array":[0,0,0,0,0,0,1,1,1,1]}},{"__type__":"cc.Node","_name":"winRes","_parent":{"__id__":57},"_components":[{"__type__":"cc.Label","node":{"__id__":58},"_materials":[{"__uuid__":"ecpdLyjvZBwrvm+cedCcQy"}],"_useOriginalSize":false,"_string":"闲","_N$string":"闲","_fontSize":16,"_lineHeight":20,"_N$horizontalAlign":1,"_N$verticalAlign":1}],"_prefab":{"__type__":"cc.PrefabInfo","root":{"__id__":1},"asset":{"__uuid__":"89TwVzRsxCVLXxavhb25wF"},"fileId":"2aABiF4t9EhpTHhLNMxYZY"},"_color":{"__type__":"cc.Color","r":1,"g":1,"b":254},"_contentSize":{"__type__":"cc.Size","width":16,"height":25.2},"_trs":{"__type__":"TypedArray","ctor":"Float64Array","array":[0,5.16,0,0,0,0,1,1,1,1]}},{"__type__":"cc.Node","_name":"winFrame","_parent":{"__id__":57},"_children":[{"__id__":60}],"_components":[{"__type__":"cc.Sprite","node":{"__id__":59},"_materials":[{"__uuid__":"ecpdLyjvZBwrvm+cedCcQy"}],"_spriteFrame":{"__uuid__":"19DpYfSKFO3qHjRUVJCMwA"},"_type":1,"_sizeMode":0},{"__type__":"cc.Widget","node":{"__id__":59},"_alignFlags":44,"_originalWidth":10}],"_prefab":{"__type__":"cc.PrefabInfo","root":{"__id__":1},"asset":{"__uuid__":"89TwVzRsxCVLXxavhb25wF"},"fileId":"94zBS79cJBh7vqoVxr82ox"},"_contentSize":{"__type__":"cc.Size","width":30,"height":10},"_trs":{"__type__":"TypedArray","ctor":"Float64Array","array":[0,-10,0,0,0,0,1,1,1,1]}},{"__type__":"cc.Node","_name":"winLab","_parent":{"__id__":59},"_components":[{"__type__":"cc.Label","node":{"__id__":60},"_materials":[{"__uuid__":"ecpdLyjvZBwrvm+cedCcQy"}],"_useOriginalSize":false,"_string":"WIN","_N$string":"WIN","_fontSize":10,"_lineHeight":10,"_N$horizontalAlign":1,"_N$verticalAlign":1}],"_prefab":{"__type__":"cc.PrefabInfo","root":{"__id__":1},"asset":{"__uuid__":"89TwVzRsxCVLXxavhb25wF"},"fileId":"dc8hQmF/tLGr1YPRxZ20PZ"},"_contentSize":{"__type__":"cc.Size","width":19.44,"height":12.6},"_trs":{"__type__":"TypedArray","ctor":"Float64Array","array":[0,0,0,0,0,0,1,1,1,1]}},{"__type__":"cc.Node","_name":"x4Res","_parent":{"__id__":32},"_children":[{"__id__":62},{"__id__":64}],"_prefab":{"__type__":"cc.PrefabInfo","root":{"__id__":1},"asset":{"__uuid__":"89TwVzRsxCVLXxavhb25wF"},"fileId":"7cykIildNHnqMXm3g6qP+n"},"_contentSize":{"__type__":"cc.Size","width":30,"height":30},"_trs":{"__type__":"TypedArray","ctor":"Float64Array","array":[0,-45,0,0,0,0,1,1,1,1]}},{"__type__":"cc.Node","_name":"failNode","_parent":{"__id__":61},"_children":[{"__id__":63}],"_components":[{"__type__":"cc.Label","node":{"__id__":62},"_materials":[{"__uuid__":"ecpdLyjvZBwrvm+cedCcQy"}],"_useOriginalSize":false,"_fontSize":16,"_lineHeight":20,"_N$horizontalAlign":1,"_N$verticalAlign":1}],"_prefab":{"__type__":"cc.PrefabInfo","root":{"__id__":1},"asset":{"__uuid__":"89TwVzRsxCVLXxavhb25wF"},"fileId":"b6Uva6oDFG4pBb5A/+2+dm"},"_color":{"__type__":"cc.Color","r":215,"g":1,"b":34},"_contentSize":{"__type__":"cc.Size","height":25.2},"_trs":{"__type__":"TypedArray","ctor":"Float64Array","array":[0,0,0,0,0,0,1,1,1,1]}},{"__type__":"cc.Node","_name":"failRes","_parent":{"__id__":62},"_components":[{"__type__":"cc.Label","node":{"__id__":63},"_materials":[{"__uuid__":"ecpdLyjvZBwrvm+cedCcQy"}],"_useOriginalSize":false,"_string":"闲","_N$string":"闲","_fontSize":16,"_lineHeight":20,"_N$horizontalAlign":1,"_N$verticalAlign":1}],"_prefab":{"__type__":"cc.PrefabInfo","root":{"__id__":1},"asset":{"__uuid__":"89TwVzRsxCVLXxavhb25wF"},"fileId":"e9M2Xav3JFEo8SqTF459VN"},"_color":{"__type__":"cc.Color","r":1,"g":1,"b":254},"_contentSize":{"__type__":"cc.Size","width":16,"height":25.2},"_trs":{"__type__":"TypedArray","ctor":"Float64Array","array":[0,0,0,0,0,0,1,1,1,1]}},{"__type__":"cc.Node","_name":"winNode","_parent":{"__id__":61},"_children":[{"__id__":65},{"__id__":66}],"_prefab":{"__type__":"cc.PrefabInfo","root":{"__id__":1},"asset":{"__uuid__":"89TwVzRsxCVLXxavhb25wF"},"fileId":"59BupkdwtBZ5hwiwLJCChp"},"_contentSize":{"__type__":"cc.Size","width":30,"height":30},"_trs":{"__type__":"TypedArray","ctor":"Float64Array","array":[0,0,0,0,0,0,1,1,1,1]}},{"__type__":"cc.Node","_name":"winRes","_parent":{"__id__":64},"_components":[{"__type__":"cc.Label","node":{"__id__":65},"_materials":[{"__uuid__":"ecpdLyjvZBwrvm+cedCcQy"}],"_useOriginalSize":false,"_string":"闲","_N$string":"闲","_fontSize":16,"_lineHeight":20,"_N$horizontalAlign":1,"_N$verticalAlign":1}],"_prefab":{"__type__":"cc.PrefabInfo","root":{"__id__":1},"asset":{"__uuid__":"89TwVzRsxCVLXxavhb25wF"},"fileId":"32M+kx99lDGIsbBbKkNTNT"},"_color":{"__type__":"cc.Color","r":1,"g":1,"b":254},"_contentSize":{"__type__":"cc.Size","width":16,"height":25.2},"_trs":{"__type__":"TypedArray","ctor":"Float64Array","array":[0,5.16,0,0,0,0,1,1,1,1]}},{"__type__":"cc.Node","_name":"winFrame","_parent":{"__id__":64},"_children":[{"__id__":67}],"_components":[{"__type__":"cc.Sprite","node":{"__id__":66},"_materials":[{"__uuid__":"ecpdLyjvZBwrvm+cedCcQy"}],"_spriteFrame":{"__uuid__":"19DpYfSKFO3qHjRUVJCMwA"},"_type":1,"_sizeMode":0},{"__type__":"cc.Widget","node":{"__id__":66},"_alignFlags":44,"_originalWidth":10}],"_prefab":{"__type__":"cc.PrefabInfo","root":{"__id__":1},"asset":{"__uuid__":"89TwVzRsxCVLXxavhb25wF"},"fileId":"dbmQTxFMFDF5ovw8sn6trs"},"_contentSize":{"__type__":"cc.Size","width":30,"height":10},"_trs":{"__type__":"TypedArray","ctor":"Float64Array","array":[0,-10,0,0,0,0,1,1,1,1]}},{"__type__":"cc.Node","_name":"winLab","_parent":{"__id__":66},"_components":[{"__type__":"cc.Label","node":{"__id__":67},"_materials":[{"__uuid__":"ecpdLyjvZBwrvm+cedCcQy"}],"_useOriginalSize":false,"_string":"WIN","_N$string":"WIN","_fontSize":10,"_lineHeight":10,"_N$horizontalAlign":1,"_N$verticalAlign":1}],"_prefab":{"__type__":"cc.PrefabInfo","root":{"__id__":1},"asset":{"__uuid__":"89TwVzRsxCVLXxavhb25wF"},"fileId":"2dsW0qNchLgq1z+jT43/Rc"},"_contentSize":{"__type__":"cc.Size","width":19.44,"height":12.6},"_trs":{"__type__":"TypedArray","ctor":"Float64Array","array":[0,0,0,0,0,0,1,1,1,1]}},{"__type__":"cc.Node","_name":"x5Res","_parent":{"__id__":32},"_children":[{"__id__":69},{"__id__":71}],"_prefab":{"__type__":"cc.PrefabInfo","root":{"__id__":1},"asset":{"__uuid__":"89TwVzRsxCVLXxavhb25wF"},"fileId":"57N+vQRURKTqKt8V1d5sLx"},"_contentSize":{"__type__":"cc.Size","width":30,"height":30},"_trs":{"__type__":"TypedArray","ctor":"Float64Array","array":[0,-45,0,0,0,0,1,1,1,1]}},{"__type__":"cc.Node","_name":"failNode","_parent":{"__id__":68},"_children":[{"__id__":70}],"_components":[{"__type__":"cc.Label","node":{"__id__":69},"_materials":[{"__uuid__":"ecpdLyjvZBwrvm+cedCcQy"}],"_useOriginalSize":false,"_fontSize":16,"_lineHeight":20,"_N$horizontalAlign":1,"_N$verticalAlign":1}],"_prefab":{"__type__":"cc.PrefabInfo","root":{"__id__":1},"asset":{"__uuid__":"89TwVzRsxCVLXxavhb25wF"},"fileId":"cflR5u5KxPWpl5aJUYK7Pa"},"_color":{"__type__":"cc.Color","r":215,"g":1,"b":34},"_contentSize":{"__type__":"cc.Size","height":25.2},"_trs":{"__type__":"TypedArray","ctor":"Float64Array","array":[0,0,0,0,0,0,1,1,1,1]}},{"__type__":"cc.Node","_name":"failRes","_parent":{"__id__":69},"_components":[{"__type__":"cc.Label","node":{"__id__":70},"_materials":[{"__uuid__":"ecpdLyjvZBwrvm+cedCcQy"}],"_useOriginalSize":false,"_string":"闲","_N$string":"闲","_fontSize":16,"_lineHeight":20,"_N$horizontalAlign":1,"_N$verticalAlign":1}],"_prefab":{"__type__":"cc.PrefabInfo","root":{"__id__":1},"asset":{"__uuid__":"89TwVzRsxCVLXxavhb25wF"},"fileId":"d007a4teJIk63z/CgacRI7"},"_color":{"__type__":"cc.Color","r":1,"g":1,"b":254},"_contentSize":{"__type__":"cc.Size","width":16,"height":25.2},"_trs":{"__type__":"TypedArray","ctor":"Float64Array","array":[0,0,0,0,0,0,1,1,1,1]}},{"__type__":"cc.Node","_name":"winNode","_parent":{"__id__":68},"_children":[{"__id__":72},{"__id__":73}],"_prefab":{"__type__":"cc.PrefabInfo","root":{"__id__":1},"asset":{"__uuid__":"89TwVzRsxCVLXxavhb25wF"},"fileId":"92XKQ46LRNrqL/Q2oxnhRV"},"_contentSize":{"__type__":"cc.Size","width":30,"height":30},"_trs":{"__type__":"TypedArray","ctor":"Float64Array","array":[0,0,0,0,0,0,1,1,1,1]}},{"__type__":"cc.Node","_name":"winRes","_parent":{"__id__":71},"_components":[{"__type__":"cc.Label","node":{"__id__":72},"_materials":[{"__uuid__":"ecpdLyjvZBwrvm+cedCcQy"}],"_useOriginalSize":false,"_string":"闲","_N$string":"闲","_fontSize":16,"_lineHeight":20,"_N$horizontalAlign":1,"_N$verticalAlign":1}],"_prefab":{"__type__":"cc.PrefabInfo","root":{"__id__":1},"asset":{"__uuid__":"89TwVzRsxCVLXxavhb25wF"},"fileId":"6elY8Ue7tKbZWCvL8UeByR"},"_color":{"__type__":"cc.Color","r":1,"g":1,"b":254},"_contentSize":{"__type__":"cc.Size","width":16,"height":25.2},"_trs":{"__type__":"TypedArray","ctor":"Float64Array","array":[0,5.16,0,0,0,0,1,1,1,1]}},{"__type__":"cc.Node","_name":"winFrame","_parent":{"__id__":71},"_children":[{"__id__":74}],"_components":[{"__type__":"cc.Sprite","node":{"__id__":73},"_materials":[{"__uuid__":"ecpdLyjvZBwrvm+cedCcQy"}],"_spriteFrame":{"__uuid__":"19DpYfSKFO3qHjRUVJCMwA"},"_type":1,"_sizeMode":0},{"__type__":"cc.Widget","node":{"__id__":73},"_alignFlags":44,"_originalWidth":10}],"_prefab":{"__type__":"cc.PrefabInfo","root":{"__id__":1},"asset":{"__uuid__":"89TwVzRsxCVLXxavhb25wF"},"fileId":"6axvk83CBMY4aawCn1GxxR"},"_contentSize":{"__type__":"cc.Size","width":30,"height":10},"_trs":{"__type__":"TypedArray","ctor":"Float64Array","array":[0,-10,0,0,0,0,1,1,1,1]}},{"__type__":"cc.Node","_name":"winLab","_parent":{"__id__":73},"_components":[{"__type__":"cc.Label","node":{"__id__":74},"_materials":[{"__uuid__":"ecpdLyjvZBwrvm+cedCcQy"}],"_useOriginalSize":false,"_string":"WIN","_N$string":"WIN","_fontSize":10,"_lineHeight":10,"_N$horizontalAlign":1,"_N$verticalAlign":1}],"_prefab":{"__type__":"cc.PrefabInfo","root":{"__id__":1},"asset":{"__uuid__":"89TwVzRsxCVLXxavhb25wF"},"fileId":"eaxPuOzLtL/qr4hOzitSGa"},"_contentSize":{"__type__":"cc.Size","width":19.44,"height":12.6},"_trs":{"__type__":"TypedArray","ctor":"Float64Array","array":[0,0,0,0,0,0,1,1,1,1]}},{"__type__":"cc.Node","_name":"x6Res","_parent":{"__id__":32},"_children":[{"__id__":76},{"__id__":78}],"_prefab":{"__type__":"cc.PrefabInfo","root":{"__id__":1},"asset":{"__uuid__":"89TwVzRsxCVLXxavhb25wF"},"fileId":"11usn9u0FHwrhSyH6lkJXw"},"_contentSize":{"__type__":"cc.Size","width":30,"height":30},"_trs":{"__type__":"TypedArray","ctor":"Float64Array","array":[0,-45,0,0,0,0,1,1,1,1]}},{"__type__":"cc.Node","_name":"failNode","_parent":{"__id__":75},"_children":[{"__id__":77}],"_components":[{"__type__":"cc.Label","node":{"__id__":76},"_materials":[{"__uuid__":"ecpdLyjvZBwrvm+cedCcQy"}],"_useOriginalSize":false,"_fontSize":16,"_lineHeight":20,"_N$horizontalAlign":1,"_N$verticalAlign":1}],"_prefab":{"__type__":"cc.PrefabInfo","root":{"__id__":1},"asset":{"__uuid__":"89TwVzRsxCVLXxavhb25wF"},"fileId":"a6Gm6xTylPz6dS3XmoiEnL"},"_color":{"__type__":"cc.Color","r":215,"g":1,"b":34},"_contentSize":{"__type__":"cc.Size","height":25.2},"_trs":{"__type__":"TypedArray","ctor":"Float64Array","array":[0,0,0,0,0,0,1,1,1,1]}},{"__type__":"cc.Node","_name":"failRes","_parent":{"__id__":76},"_components":[{"__type__":"cc.Label","node":{"__id__":77},"_materials":[{"__uuid__":"ecpdLyjvZBwrvm+cedCcQy"}],"_useOriginalSize":false,"_string":"闲","_N$string":"闲","_fontSize":16,"_lineHeight":20,"_N$horizontalAlign":1,"_N$verticalAlign":1}],"_prefab":{"__type__":"cc.PrefabInfo","root":{"__id__":1},"asset":{"__uuid__":"89TwVzRsxCVLXxavhb25wF"},"fileId":"6dsKT0R0RNFb29fep4C6ZH"},"_color":{"__type__":"cc.Color","r":1,"g":1,"b":254},"_contentSize":{"__type__":"cc.Size","width":16,"height":25.2},"_trs":{"__type__":"TypedArray","ctor":"Float64Array","array":[0,0,0,0,0,0,1,1,1,1]}},{"__type__":"cc.Node","_name":"winNode","_parent":{"__id__":75},"_children":[{"__id__":79},{"__id__":80}],"_prefab":{"__type__":"cc.PrefabInfo","root":{"__id__":1},"asset":{"__uuid__":"89TwVzRsxCVLXxavhb25wF"},"fileId":"eek2HCmDxI5JwzTOu9MNlz"},"_contentSize":{"__type__":"cc.Size","width":30,"height":30},"_trs":{"__type__":"TypedArray","ctor":"Float64Array","array":[0,0,0,0,0,0,1,1,1,1]}},{"__type__":"cc.Node","_name":"winRes","_parent":{"__id__":78},"_components":[{"__type__":"cc.Label","node":{"__id__":79},"_materials":[{"__uuid__":"ecpdLyjvZBwrvm+cedCcQy"}],"_useOriginalSize":false,"_string":"闲","_N$string":"闲","_fontSize":16,"_lineHeight":20,"_N$horizontalAlign":1,"_N$verticalAlign":1}],"_prefab":{"__type__":"cc.PrefabInfo","root":{"__id__":1},"asset":{"__uuid__":"89TwVzRsxCVLXxavhb25wF"},"fileId":"d6cgvNXeJC4qaLMmLvI2hH"},"_color":{"__type__":"cc.Color","r":1,"g":1,"b":254},"_contentSize":{"__type__":"cc.Size","width":16,"height":25.2},"_trs":{"__type__":"TypedArray","ctor":"Float64Array","array":[0,5.16,0,0,0,0,1,1,1,1]}},{"__type__":"cc.Node","_name":"winFrame","_parent":{"__id__":78},"_children":[{"__id__":81}],"_components":[{"__type__":"cc.Sprite","node":{"__id__":80},"_materials":[{"__uuid__":"ecpdLyjvZBwrvm+cedCcQy"}],"_spriteFrame":{"__uuid__":"19DpYfSKFO3qHjRUVJCMwA"},"_type":1,"_sizeMode":0},{"__type__":"cc.Widget","node":{"__id__":80},"_alignFlags":44,"_originalWidth":10}],"_prefab":{"__type__":"cc.PrefabInfo","root":{"__id__":1},"asset":{"__uuid__":"89TwVzRsxCVLXxavhb25wF"},"fileId":"b60LQ4dwVH/LVEOQVltJEY"},"_contentSize":{"__type__":"cc.Size","width":30,"height":10},"_trs":{"__type__":"TypedArray","ctor":"Float64Array","array":[0,-10,0,0,0,0,1,1,1,1]}},{"__type__":"cc.Node","_name":"winLab","_parent":{"__id__":80},"_components":[{"__type__":"cc.Label","node":{"__id__":81},"_materials":[{"__uuid__":"ecpdLyjvZBwrvm+cedCcQy"}],"_useOriginalSize":false,"_string":"WIN","_N$string":"WIN","_fontSize":10,"_lineHeight":10,"_N$horizontalAlign":1,"_N$verticalAlign":1}],"_prefab":{"__type__":"cc.PrefabInfo","root":{"__id__":1},"asset":{"__uuid__":"89TwVzRsxCVLXxavhb25wF"},"fileId":"afMRqotYlLwovE10PE1Q/Q"},"_contentSize":{"__type__":"cc.Size","width":19.44,"height":12.6},"_trs":{"__type__":"TypedArray","ctor":"Float64Array","array":[0,0,0,0,0,0,1,1,1,1]}},{"__type__":"cc.Node","_name":"curStatus","_parent":{"__id__":15},"_components":[{"__id__":83}],"_prefab":{"__type__":"cc.PrefabInfo","root":{"__id__":1},"asset":{"__uuid__":"89TwVzRsxCVLXxavhb25wF"},"fileId":"440KECY6dFarPhkVR/OJ8M"},"_opacity":150,"_color":{"__type__":"cc.Color"},"_contentSize":{"__type__":"cc.Size","width":300,"height":151.2},"_trs":{"__type__":"TypedArray","ctor":"Float64Array","array":[-7.676,0,0,0,0,0,1,1,1,1]}},{"__type__":"cc.Label","node":{"__id__":82},"_materials":[{"__uuid__":"ecpdLyjvZBwrvm+cedCcQy"}],"_useOriginalSize":false,"_string":"开牌中","_N$string":"开牌中","_fontSize":100,"_lineHeight":120,"_N$file":{"__uuid__":"46+JuiEWZM24PqUuDl8jKX"},"_isSystemFontUsed":false,"_N$horizontalAlign":1,"_N$verticalAlign":1},{"__type__":"cc.Node","_name":"curResultLab","_parent":{"__id__":15},"_components":[{"__id__":85}],"_prefab":{"__type__":"cc.PrefabInfo","root":{"__id__":1},"asset":{"__uuid__":"89TwVzRsxCVLXxavhb25wF"},"fileId":"c879BuOTtJ/4P6DchTF73o"},"_color":{"__type__":"cc.Color","r":41,"g":171,"b":216},"_contentSize":{"__type__":"cc.Size","width":254,"height":151.2},"_trs":{"__type__":"TypedArray","ctor":"Float64Array","array":[-7.676,0,0,0,0,0,1,1,1,1]}},{"__type__":"cc.Label","node":{"__id__":84},"_materials":[{"__uuid__":"ecpdLyjvZBwrvm+cedCcQy"}],"_useOriginalSize":false,"_string":"sdfasd","_N$string":"sdfasd","_fontSize":100,"_lineHeight":120,"_N$file":{"__uuid__":"46+JuiEWZM24PqUuDl8jKX"},"_isSystemFontUsed":false,"_N$horizontalAlign":1,"_N$verticalAlign":1},{"__type__":"cc.Node","_name":"table_linebg","_parent":{"__id__":14},"_children":[{"__id__":87},{"__id__":89},{"__id__":91},{"__id__":93},{"__id__":95},{"__id__":97},{"__id__":99},{"__id__":101}],"_components":[{"__type__":"cc.Sprite","node":{"__id__":86},"_materials":[{"__uuid__":"ecpdLyjvZBwrvm+cedCcQy"}],"_spriteFrame":{"__uuid__":"eeBykL2AZPMKAzzWI5CZQJ"}},{"__type__":"cc.Layout","node":{"__id__":86},"_N$layoutType":1,"_N$paddingLeft":30,"_N$spacingX":20}],"_prefab":{"__type__":"cc.PrefabInfo","root":{"__id__":1},"asset":{"__uuid__":"89TwVzRsxCVLXxavhb25wF"},"fileId":"1fGokqHMpCS6wl558mt7Uy"},"_contentSize":{"__type__":"cc.Size","width":565,"height":38},"_trs":{"__type__":"TypedArray","ctor":"Float64Array","array":[0,-107.5,0,0,0,0,1,1,1,1]}},{"__type__":"cc.Node","_name":"boot_num","_parent":{"__id__":86},"_components":[{"__id__":88}],"_prefab":{"__type__":"cc.PrefabInfo","root":{"__id__":1},"asset":{"__uuid__":"89TwVzRsxCVLXxavhb25wF"},"fileId":"d8rroHm9FAYqcfPztjwA66"},"_color":{"__type__":"cc.Color","r":60,"g":226,"b":246},"_contentSize":{"__type__":"cc.Size","width":45.34,"height":25.2},"_trs":{"__type__":"TypedArray","ctor":"Float64Array","array":[-229.82999999999998,0,0,0,0,0,1,1,1,1]}},{"__type__":"cc.Label","node":{"__id__":87},"_materials":[{"__uuid__":"ecpdLyjvZBwrvm+cedCcQy"}],"_useOriginalSize":false,"_string":"靴次 0","_N$string":"靴次 0","_fontSize":16,"_lineHeight":20,"_N$horizontalAlign":1,"_N$verticalAlign":1},{"__type__":"cc.Node","_name":"pave_num","_parent":{"__id__":86},"_components":[{"__id__":90}],"_prefab":{"__type__":"cc.PrefabInfo","root":{"__id__":1},"asset":{"__uuid__":"89TwVzRsxCVLXxavhb25wF"},"fileId":"1dao1qhyFA0JmjzRLHVd5E"},"_color":{"__type__":"cc.Color","r":60,"g":226,"b":246},"_contentSize":{"__type__":"cc.Size","width":45.34,"height":25.2},"_trs":{"__type__":"TypedArray","ctor":"Float64Array","array":[-164.48999999999995,0,0,0,0,0,1,1,1,1]}},{"__type__":"cc.Label","node":{"__id__":89},"_materials":[{"__uuid__":"ecpdLyjvZBwrvm+cedCcQy"}],"_useOriginalSize":false,"_string":"靴次 0","_N$string":"靴次 0","_fontSize":16,"_lineHeight":20,"_N$horizontalAlign":1,"_N$verticalAlign":1},{"__type__":"cc.Node","_name":"xian_1","_parent":{"__id__":86},"_components":[{"__id__":92}],"_prefab":{"__type__":"cc.PrefabInfo","root":{"__id__":1},"asset":{"__uuid__":"89TwVzRsxCVLXxavhb25wF"},"fileId":"c0YiAdTUhGS6A1d0yHEmfU"},"_color":{"__type__":"cc.Color","r":197,"g":11,"b":13},"_contentSize":{"__type__":"cc.Size","width":29.34,"height":25.2},"_trs":{"__type__":"TypedArray","ctor":"Float64Array","array":[-107.14999999999993,0,0,0,0,0,1,1,1,1]}},{"__type__":"cc.Label","node":{"__id__":91},"_materials":[{"__uuid__":"ecpdLyjvZBwrvm+cedCcQy"}],"_useOriginalSize":false,"_string":"庄 0","_N$string":"庄 0","_fontSize":16,"_lineHeight":20,"_N$horizontalAlign":1,"_N$verticalAlign":1},{"__type__":"cc.Node","_name":"xian_2","_parent":{"__id__":86},"_components":[{"__id__":94}],"_prefab":{"__type__":"cc.PrefabInfo","root":{"__id__":1},"asset":{"__uuid__":"89TwVzRsxCVLXxavhb25wF"},"fileId":"86DUVSrBlKgYT6h28+Q/wS"},"_color":{"__type__":"cc.Color","r":60,"g":226,"b":246},"_contentSize":{"__type__":"cc.Size","width":29.34,"height":25.2},"_trs":{"__type__":"TypedArray","ctor":"Float64Array","array":[-57.80999999999993,0,0,0,0,0,1,1,1,1]}},{"__type__":"cc.Label","node":{"__id__":93},"_materials":[{"__uuid__":"ecpdLyjvZBwrvm+cedCcQy"}],"_useOriginalSize":false,"_string":"和 0","_N$string":"和 0","_fontSize":16,"_lineHeight":20,"_N$horizontalAlign":1,"_N$verticalAlign":1},{"__type__":"cc.Node","_name":"xian_3","_parent":{"__id__":86},"_components":[{"__id__":96}],"_prefab":{"__type__":"cc.PrefabInfo","root":{"__id__":1},"asset":{"__uuid__":"89TwVzRsxCVLXxavhb25wF"},"fileId":"3b50m89mxGxKW3zc6RZEeB"},"_color":{"__type__":"cc.Color","r":255,"g":255,"b":1},"_contentSize":{"__type__":"cc.Size","width":29.34,"height":25.2},"_trs":{"__type__":"TypedArray","ctor":"Float64Array","array":[-8.469999999999928,0,0,0,0,0,1,1,1,1]}},{"__type__":"cc.Label","node":{"__id__":95},"_materials":[{"__uuid__":"ecpdLyjvZBwrvm+cedCcQy"}],"_useOriginalSize":false,"_string":"和 0","_N$string":"和 0","_fontSize":16,"_lineHeight":20,"_N$horizontalAlign":1,"_N$verticalAlign":1},{"__type__":"cc.Node","_name":"xian_4","_parent":{"__id__":86},"_components":[{"__id__":98}],"_prefab":{"__type__":"cc.PrefabInfo","root":{"__id__":1},"asset":{"__uuid__":"89TwVzRsxCVLXxavhb25wF"},"fileId":"7cJtj3RwRNzZmt+zWvaPUv"},"_color":{"__type__":"cc.Color","r":197,"g":11,"b":13},"_contentSize":{"__type__":"cc.Size","width":29.34,"height":25.2},"_trs":{"__type__":"TypedArray","ctor":"Float64Array","array":[40.870000000000076,0,0,0,0,0,1,1,1,1]}},{"__type__":"cc.Label","node":{"__id__":97},"_materials":[{"__uuid__":"ecpdLyjvZBwrvm+cedCcQy"}],"_useOriginalSize":false,"_string":"和 0","_N$string":"和 0","_fontSize":16,"_lineHeight":20,"_N$horizontalAlign":1,"_N$verticalAlign":1},{"__type__":"cc.Node","_name":"xian_5","_parent":{"__id__":86},"_components":[{"__id__":100}],"_prefab":{"__type__":"cc.PrefabInfo","root":{"__id__":1},"asset":{"__uuid__":"89TwVzRsxCVLXxavhb25wF"},"fileId":"580sNyDr9IH6P5Zhl69kOW"},"_color":{"__type__":"cc.Color","r":60,"g":226,"b":246},"_contentSize":{"__type__":"cc.Size","width":29.34,"height":25.2},"_trs":{"__type__":"TypedArray","ctor":"Float64Array","array":[90.21000000000008,0,0,0,0,0,1,1,1,1]}},{"__type__":"cc.Label","node":{"__id__":99},"_materials":[{"__uuid__":"ecpdLyjvZBwrvm+cedCcQy"}],"_useOriginalSize":false,"_string":"和 0","_N$string":"和 0","_fontSize":16,"_lineHeight":20,"_N$horizontalAlign":1,"_N$verticalAlign":1},{"__type__":"cc.Node","_name":"xian_6","_parent":{"__id__":86},"_components":[{"__id__":102}],"_prefab":{"__type__":"cc.PrefabInfo","root":{"__id__":1},"asset":{"__uuid__":"89TwVzRsxCVLXxavhb25wF"},"fileId":"e0ldCxGIVPJLY3atx96y3m"},"_color":{"__type__":"cc.Color","r":255,"g":255,"b":1},"_contentSize":{"__type__":"cc.Size","width":29.34,"height":25.2},"_trs":{"__type__":"TypedArray","ctor":"Float64Array","array":[139.55000000000007,0,0,0,0,0,1,1,1,1]}},{"__type__":"cc.Label","node":{"__id__":101},"_materials":[{"__uuid__":"ecpdLyjvZBwrvm+cedCcQy"}],"_useOriginalSize":false,"_string":"和 0","_N$string":"和 0","_fontSize":16,"_lineHeight":20,"_N$horizontalAlign":1,"_N$verticalAlign":1}],{"__type__":"cc.SpriteFrame","content":{"name":"table","texture":"e1yQmXXQ9O3bS0pzleANtn","rect":[184,1764,24,24],"offset":[0,0],"originalSize":[24,24],"capInsets":[9,9,9,10]}},{"__type__":"cc.SpriteFrame","content":{"name":"table_linebg","texture":"e1yQmXXQ9O3bS0pzleANtn","rect":[212,1865,565,38],"offset":[0,0],"originalSize":[565,38],"capInsets":[0,0,0,0]}}]