[{"__type__":"cc.SpriteFrame","content":{"name":"top_bg","texture":"a4+Wm77SpBk6/vu1ayVGW7","rect":[0,0,1136,83],"offset":[0,0],"originalSize":[1136,83],"capInsets":[530,0,555,0]}},{"__type__":"cc.SpriteFrame","content":{"name":"bank_charge","texture":"cfCpKgTV5PO4J+8KRBAv+M","rect":[468,932,209,55],"offset":[0,0],"originalSize":[209,55],"capInsets":[0,0,0,0]}},{"__type__":"cc.SpriteFrame","content":{"name":"pay_3","texture":"f8mx/iFC1EMKEKdxI1wPE0","rect":[0,0,61,54],"offset":[0,0],"originalSize":[61,54],"capInsets":[26,23,27,25]}},{"__type__":"cc.SpriteFrame","content":{"name":"circle","texture":"cfCpKgTV5PO4J+8KRBAv+M","rect":[636,358,36,36],"offset":[0,0],"originalSize":[36,36],"capInsets":[0,0,0,0]}},{"__type__":"cc.SpriteFrame","content":{"name":"zhifubao_charge","texture":"cfCpKgTV5PO4J+8KRBAv+M","rect":[524,2,209,55],"offset":[0,0],"originalSize":[209,55],"rotated":1,"capInsets":[0,0,0,0]}},{"__type__":"cc.SpriteFrame","content":{"name":"gou_icon","texture":"cfCpKgTV5PO4J+8KRBAv+M","rect":[598,704,35,35],"offset":[0,0],"originalSize":[35,35],"capInsets":[0,0,0,0]}},{"__type__":"cc.SpriteFrame","content":{"name":"charge_title","texture":"cfCpKgTV5PO4J+8KRBAv+M","rect":[468,827,103,54],"offset":[0,0],"originalSize":[103,54],"rotated":1,"capInsets":[0,0,0,0]}},{"__type__":"cc.SpriteFrame","content":{"name":"pay_check","texture":"15GLxnLrNBu7VMTdgzIlhY","rect":[0,0,228,72],"offset":[0,0],"originalSize":[228,72],"capInsets":[0,0,0,0]}},{"__type__":"cc.SpriteFrame","content":{"name":"wechat_charge","texture":"cfCpKgTV5PO4J+8KRBAv+M","rect":[581,2,209,55],"offset":[0,0],"originalSize":[209,55],"rotated":1,"capInsets":[0,0,0,0]}},{"__type__":"cc.SpriteFrame","content":{"name":"pay_1","texture":"7d+Cw3l21Derl33JjJwNJb","rect":[0,0,61,54],"offset":[0,0],"originalSize":[61,54],"capInsets":[26,21,26,24]}},{"__type__":"cc.SpriteFrame","content":{"name":"main_bg","texture":"6fbcz5Z/1EzanvnN6v7Y+p","rect":[0,0,1136,640],"offset":[0,0],"originalSize":[1136,640],"capInsets":[0,0,0,0]}},{"__type__":"cc.SpriteFrame","content":{"name":"charge_tip_icon","texture":"cfCpKgTV5PO4J+8KRBAv+M","rect":[194,500,18,18],"offset":[0,0],"originalSize":[18,18],"capInsets":[0,0,0,0]}},{"__type__":"cc.SpriteFrame","content":{"name":"input_bg","texture":"cfCpKgTV5PO4J+8KRBAv+M","rect":[243,500,14,13],"offset":[0,0],"originalSize":[14,13],"rotated":1,"capInsets":[5,3,4,2]}},{"__type__":"cc.SpriteFrame","content":{"name":"jinse_jianbian","texture":"cfCpKgTV5PO4J+8KRBAv+M","rect":[578,895,35,76],"offset":[0,0],"originalSize":[35,76],"rotated":1,"capInsets":[13,0,13,0]}},[{"__type__":"cc.Prefab","_name":"ChargeView","data":{"__id__":1}},{"__type__":"cc.Node","_name":"ChargeView","_children":[{"__id__":2},{"__id__":3},{"__id__":4},{"__id__":5},{"__id__":6},{"__id__":102}],"_components":[{"__type__":"cc.Widget","node":{"__id__":1},"alignMode":2,"_alignFlags":45},{"__type__":"76d55JjsllCaaaO3g7AVpeK","node":{"__id__":1},"isCloseSceneCamera":true,"remainMoneyLab":{"__id__":22},"paywayList":[{"__id__":54},{"__id__":67},{"__id__":79}],"WXchannel":{"__id__":56},"ZFBchannel":{"__id__":69},"BANKchannel":{"__id__":81},"WXitem":{"__id__":57},"ZFBitem":{"__id__":70},"BANKitem":{"__id__":82},"moneyLab":{"__id__":99},"webView":{"__id__":103}}],"_prefab":{"__type__":"cc.PrefabInfo","root":{"__id__":1},"asset":{"__uuid__":"c3+E56Yv5NC44kJiGvManU"},"fileId":"ebY88874dIWpKzLrS4q0AD"},"_contentSize":{"__type__":"cc.Size","width":1136,"height":640},"_trs":{"__type__":"TypedArray","ctor":"Float64Array","array":[568,320,0,0,0,0,1,1,1,1]}},{"__type__":"cc.Node","_name":"bg","_parent":{"__id__":1},"_components":[{"__type__":"cc.Sprite","node":{"__id__":2},"_materials":[{"__uuid__":"ecpdLyjvZBwrvm+cedCcQy"}],"_spriteFrame":{"__uuid__":"a0GuSjgKVAPatuCPEq+grf"},"_sizeMode":0},{"__type__":"cc.Widget","node":{"__id__":2},"alignMode":2,"_alignFlags":45,"_originalWidth":100,"_originalHeight":100}],"_prefab":{"__type__":"cc.PrefabInfo","root":{"__id__":1},"asset":{"__uuid__":"c3+E56Yv5NC44kJiGvManU"},"fileId":"d5zQQrHG5Ila2CU540c6Tb"},"_contentSize":{"__type__":"cc.Size","width":1136,"height":640},"_trs":{"__type__":"TypedArray","ctor":"Float64Array","array":[0,0,0,0,0,0,1,1,1,1]}},{"__type__":"cc.Node","_name":"topBg","_parent":{"__id__":1},"_components":[{"__type__":"cc.Sprite","node":{"__id__":3},"_materials":[{"__uuid__":"ecpdLyjvZBwrvm+cedCcQy"}],"_spriteFrame":{"__uuid__":"04oOJuThRHRrEOtzEAGsiV"},"_sizeMode":0},{"__type__":"cc.Widget","node":{"__id__":3},"alignMode":2,"_alignFlags":41,"_bottom":518.6095,"_originalWidth":1136,"_originalHeight":100}],"_prefab":{"__type__":"cc.PrefabInfo","root":{"__id__":1},"asset":{"__uuid__":"c3+E56Yv5NC44kJiGvManU"},"fileId":"28+ABlQF9Impfwg/ZYC5Do"},"_contentSize":{"__type__":"cc.Size","width":1136,"height":100},"_trs":{"__type__":"TypedArray","ctor":"Float64Array","array":[0,270,0,0,0,0,1,1,1,1]}},{"__type__":"cc.Node","_name":"title","_parent":{"__id__":1},"_components":[{"__type__":"cc.Sprite","node":{"__id__":4},"_materials":[{"__uuid__":"ecpdLyjvZBwrvm+cedCcQy"}],"_spriteFrame":{"__uuid__":"7c3+RbKS5LypUIFQqMTLJ/"}},{"__type__":"cc.Widget","node":{"__id__":4},"_alignFlags":9,"_left":50,"_top":20}],"_prefab":{"__type__":"cc.PrefabInfo","root":{"__id__":1},"asset":{"__uuid__":"c3+E56Yv5NC44kJiGvManU"},"fileId":"31a687DpFHDJ1bzUod2LHu"},"_contentSize":{"__type__":"cc.Size","width":103,"height":54},"_trs":{"__type__":"TypedArray","ctor":"Float64Array","array":[-466.5,273,0,0,0,0,1,1,1,1]}},{"__type__":"cc.Node","_name":"exit","_parent":{"__id__":1},"_components":[{"__type__":"cc.Sprite","node":{"__id__":5},"_materials":[{"__uuid__":"ecpdLyjvZBwrvm+cedCcQy"}],"_spriteFrame":{"__uuid__":"deIrTLDj9Ds7tOYtqi589P"}},{"__type__":"cc.Widget","node":{"__id__":5},"_alignFlags":33},{"__type__":"cc.Button","node":{"__id__":5},"clickEvents":[{"__type__":"cc.ClickEvent","target":{"__id__":1},"_componentId":"76d55JjsllCaaaO3g7AVpeK","handler":"closePanel"}]}],"_prefab":{"__type__":"cc.PrefabInfo","root":{"__id__":1},"asset":{"__uuid__":"c3+E56Yv5NC44kJiGvManU"},"fileId":"41MSkpWG5JhoSay+TTvkQJ"},"_contentSize":{"__type__":"cc.Size","width":147,"height":70},"_trs":{"__type__":"TypedArray","ctor":"Float64Array","array":[494.5,285,0,0,0,0,1,1,1,1]}},{"__type__":"cc.Node","_name":"ScrollView","_parent":{"__id__":1},"_children":[{"__id__":7}],"_components":[{"__type__":"cc.ScrollView","node":{"__id__":6},"horizontal":false,"brake":0.75,"bounceDuration":0.23,"_N$content":{"__id__":51},"content":{"__id__":51},"_N$horizontalScrollBar":null,"_N$verticalScrollBar":null},{"__type__":"cc.Widget","node":{"__id__":6},"alignMode":2,"_alignFlags":45,"_left":18,"_right":18,"_top":120,"_bottom":30,"_originalWidth":1127,"_originalHeight":537}],"_prefab":{"__type__":"cc.PrefabInfo","root":{"__id__":1},"asset":{"__uuid__":"c3+E56Yv5NC44kJiGvManU"},"fileId":"91wCZJzsdKn7gxGmB8fHpA"},"_contentSize":{"__type__":"cc.Size","width":1100,"height":490},"_trs":{"__type__":"TypedArray","ctor":"Float64Array","array":[0,-45,0,0,0,0,1,1,1,1]}},{"__type__":"cc.Node","_name":"view","_parent":{"__id__":6},"_children":[{"__id__":8},{"__id__":51}],"_components":[{"__type__":"cc.Mask","node":{"__id__":7},"_materials":[{"__uuid__":"ecpdLyjvZBwrvm+cedCcQy"}],"_N$alphaThreshold":0},{"__type__":"cc.Widget","node":{"__id__":7},"alignMode":2,"_alignFlags":45,"_originalWidth":240,"_originalHeight":250}],"_prefab":{"__type__":"cc.PrefabInfo","root":{"__id__":1},"asset":{"__uuid__":"c3+E56Yv5NC44kJiGvManU"},"fileId":"25TEwLgCNOVK3IYCWCLhqo"},"_contentSize":{"__type__":"cc.Size","width":1100,"height":490},"_trs":{"__type__":"TypedArray","ctor":"Float64Array","array":[0,0,0,0,0,0,1,1,1,1]}},{"__type__":"cc.Node","_name":"content","_parent":{"__id__":7},"_children":[{"__id__":9},{"__id__":10},{"__id__":11},{"__id__":12},{"__id__":19},{"__id__":20},{"__id__":23},{"__id__":24},{"__id__":41},{"__id__":42},{"__id__":49}],"_active":false,"_components":[{"__type__":"cc.Widget","node":{"__id__":8},"_alignFlags":45,"_originalWidth":1107,"_originalHeight":1084}],"_prefab":{"__type__":"cc.PrefabInfo","root":{"__id__":1},"asset":{"__uuid__":"c3+E56Yv5NC44kJiGvManU"},"fileId":"34rEZ0lAZNPb4co379nOE+"},"_contentSize":{"__type__":"cc.Size","width":1100,"height":490},"_anchorPoint":{"__type__":"cc.Vec2","x":0.5,"y":1},"_trs":{"__type__":"TypedArray","ctor":"Float64Array","array":[0,245,0,0,0,0,1,1,1,1]}},{"__type__":"cc.Node","_name":"tipIcon","_parent":{"__id__":8},"_active":false,"_components":[{"__type__":"cc.Sprite","node":{"__id__":9},"_materials":[{"__uuid__":"ecpdLyjvZBwrvm+cedCcQy"}],"_spriteFrame":{"__uuid__":"a5v/JSU+xBGq0/veCQd13B"}}],"_prefab":{"__type__":"cc.PrefabInfo","root":{"__id__":1},"asset":{"__uuid__":"c3+E56Yv5NC44kJiGvManU"},"fileId":"8dFkm4QelKIIazD0+F2h1U"},"_contentSize":{"__type__":"cc.Size","width":18,"height":18},"_trs":{"__type__":"TypedArray","ctor":"Float64Array","array":[-531.536,-47.42,0,0,0,0,1,1,1,1]}},{"__type__":"cc.Node","_name":"tips","_parent":{"__id__":8},"_active":false,"_components":[{"__type__":"cc.Label","node":{"__id__":10},"_materials":[{"__uuid__":"ecpdLyjvZBwrvm+cedCcQy"}],"_useOriginalSize":false,"_string":"提示：请选择支付方式，然后输入您要充值的金额，并确认充值。","_N$string":"提示：请选择支付方式，然后输入您要充值的金额，并确认充值。","_fontSize":20,"_lineHeight":20,"_N$file":{"__uuid__":"a6GFdfihpIQY/CU35PyGmw"},"_isSystemFontUsed":false,"_N$horizontalAlign":1,"_N$verticalAlign":1}],"_prefab":{"__type__":"cc.PrefabInfo","root":{"__id__":1},"asset":{"__uuid__":"c3+E56Yv5NC44kJiGvManU"},"fileId":"97diefl6xGTp4cZhXEHePF"},"_contentSize":{"__type__":"cc.Size","width":580,"height":25.2},"_anchorPoint":{"__type__":"cc.Vec2","y":0.5},"_trs":{"__type__":"TypedArray","ctor":"Float64Array","array":[-510.899,-46.031,0,0,0,0,1,1,1,1]}},{"__type__":"cc.Node","_name":"accountLab","_parent":{"__id__":8},"_active":false,"_components":[{"__type__":"cc.Label","node":{"__id__":11},"_materials":[{"__uuid__":"ecpdLyjvZBwrvm+cedCcQy"}],"_useOriginalSize":false,"_string":"会员账号","_N$string":"会员账号","_fontSize":35,"_lineHeight":35,"_N$file":{"__uuid__":"a6GFdfihpIQY/CU35PyGmw"},"_isSystemFontUsed":false,"_N$horizontalAlign":1,"_N$verticalAlign":1}],"_prefab":{"__type__":"cc.PrefabInfo","root":{"__id__":1},"asset":{"__uuid__":"c3+E56Yv5NC44kJiGvManU"},"fileId":"43rCBysDlNO7OIGrMbPgeh"},"_contentSize":{"__type__":"cc.Size","width":140,"height":44.1},"_anchorPoint":{"__type__":"cc.Vec2","y":0.5},"_trs":{"__type__":"TypedArray","ctor":"Float64Array","array":[-542.672,-117.392,0,0,0,0,1,1,1,1]}},{"__type__":"cc.Node","_name":"accountInput","_parent":{"__id__":8},"_children":[{"__id__":13},{"__id__":15},{"__id__":17}],"_active":false,"_components":[{"__type__":"cc.EditBox","node":{"__id__":12},"_useOriginalSize":false,"maxLength":8,"_N$textLabel":{"__id__":16},"_N$placeholderLabel":{"__id__":18},"_N$background":{"__id__":14},"_N$inputMode":6}],"_prefab":{"__type__":"cc.PrefabInfo","root":{"__id__":1},"asset":{"__uuid__":"c3+E56Yv5NC44kJiGvManU"},"fileId":"06+dh55pFPMacxkSuq8aw7"},"_contentSize":{"__type__":"cc.Size","width":1100.4,"height":66.8},"_trs":{"__type__":"TypedArray","ctor":"Float64Array","array":[-2,-183,0,0,0,0,1,1,1,1]}},{"__type__":"cc.Node","_name":"BACKGROUND_SPRITE","_parent":{"__id__":12},"_components":[{"__id__":14},{"__type__":"cc.Widget","node":{"__id__":13},"alignMode":0,"_alignFlags":45,"_originalWidth":160,"_originalHeight":40}],"_prefab":{"__type__":"cc.PrefabInfo","root":{"__id__":1},"asset":{"__uuid__":"c3+E56Yv5NC44kJiGvManU"},"fileId":"20rPN1AeFL17/9Hc2zW4tw"},"_contentSize":{"__type__":"cc.Size","width":1100.4,"height":66.8},"_trs":{"__type__":"TypedArray","ctor":"Float64Array","array":[0,0,0,0,0,0,1,1,1,1]}},{"__type__":"cc.Sprite","node":{"__id__":13},"_materials":[{"__uuid__":"ecpdLyjvZBwrvm+cedCcQy"}],"_spriteFrame":{"__uuid__":"b0kksSkW1G3IooN6KWoXvc"},"_type":1,"_sizeMode":0},{"__type__":"cc.Node","_name":"TEXT_LABEL","_parent":{"__id__":12},"_active":false,"_components":[{"__id__":16},{"__type__":"cc.Widget","node":{"__id__":15},"alignMode":0,"_alignFlags":45,"_left":2,"_originalWidth":158,"_originalHeight":40}],"_prefab":{"__type__":"cc.PrefabInfo","root":{"__id__":1},"asset":{"__uuid__":"c3+E56Yv5NC44kJiGvManU"},"fileId":"4drntSwmJBcq7R4cUHUMOE"},"_contentSize":{"__type__":"cc.Size","width":158,"height":40},"_anchorPoint":{"__type__":"cc.Vec2","y":1},"_trs":{"__type__":"TypedArray","ctor":"Float64Array","array":[-78,20,0,0,0,0,1,1,1,1]}},{"__type__":"cc.Label","node":{"__id__":15},"_fontSize":20,"_lineHeight":25,"_enableWrapText":false,"_N$verticalAlign":1,"_N$overflow":1},{"__type__":"cc.Node","_name":"PLACEHOLDER_LABEL","_parent":{"__id__":12},"_components":[{"__id__":18},{"__type__":"cc.Widget","node":{"__id__":17},"alignMode":0,"_alignFlags":45,"_left":2,"_originalWidth":158,"_originalHeight":40}],"_prefab":{"__type__":"cc.PrefabInfo","root":{"__id__":1},"asset":{"__uuid__":"c3+E56Yv5NC44kJiGvManU"},"fileId":"f9H6BNATxJIrx8IC5ZUce6"},"_contentSize":{"__type__":"cc.Size","width":1098.4,"height":66.8},"_anchorPoint":{"__type__":"cc.Vec2","y":1},"_trs":{"__type__":"TypedArray","ctor":"Float64Array","array":[-548.2,33.4,0,0,0,0,1,1,1,1]}},{"__type__":"cc.Label","node":{"__id__":17},"_materials":[{"__uuid__":"ecpdLyjvZBwrvm+cedCcQy"}],"_string":"  请输入账号","_N$string":"  请输入账号","_fontSize":20,"_lineHeight":25,"_enableWrapText":false,"_N$file":{"__uuid__":"6cdYiskGtJJYGqTveEBiCW"},"_isSystemFontUsed":false,"_N$verticalAlign":1,"_N$overflow":1},{"__type__":"cc.Node","_name":"remainMoneyLab","_parent":{"__id__":8},"_active":false,"_components":[{"__type__":"cc.Label","node":{"__id__":19},"_materials":[{"__uuid__":"ecpdLyjvZBwrvm+cedCcQy"}],"_useOriginalSize":false,"_string":"余额","_N$string":"余额","_fontSize":35,"_lineHeight":35,"_N$file":{"__uuid__":"a6GFdfihpIQY/CU35PyGmw"},"_isSystemFontUsed":false,"_N$horizontalAlign":1,"_N$verticalAlign":1}],"_prefab":{"__type__":"cc.PrefabInfo","root":{"__id__":1},"asset":{"__uuid__":"c3+E56Yv5NC44kJiGvManU"},"fileId":"e9yTlbYxNJCpkrpk2ROqsS"},"_contentSize":{"__type__":"cc.Size","width":70,"height":44.1},"_anchorPoint":{"__type__":"cc.Vec2","y":0.5},"_trs":{"__type__":"TypedArray","ctor":"Float64Array","array":[-543.809,-270.54,0,0,0,0,1,1,1,1]}},{"__type__":"cc.Node","_name":"remainMoneyBg","_parent":{"__id__":8},"_children":[{"__id__":21}],"_active":false,"_components":[{"__type__":"cc.Sprite","node":{"__id__":20},"_materials":[{"__uuid__":"ecpdLyjvZBwrvm+cedCcQy"}],"_spriteFrame":{"__uuid__":"b0kksSkW1G3IooN6KWoXvc"},"_type":1,"_sizeMode":0}],"_prefab":{"__type__":"cc.PrefabInfo","root":{"__id__":1},"asset":{"__uuid__":"c3+E56Yv5NC44kJiGvManU"},"fileId":"f69pLg30NLoZ2NODy0EM7a"},"_contentSize":{"__type__":"cc.Size","width":1099,"height":67.1},"_trs":{"__type__":"TypedArray","ctor":"Float64Array","array":[-2.3,-337.5,0,0,0,0,1,1,1,1]}},{"__type__":"cc.Node","_name":"remainMoneyLab","_parent":{"__id__":20},"_components":[{"__id__":22}],"_prefab":{"__type__":"cc.PrefabInfo","root":{"__id__":1},"asset":{"__uuid__":"c3+E56Yv5NC44kJiGvManU"},"fileId":"53FS5e5NpAEJdkkm10zqJH"},"_contentSize":{"__type__":"cc.Size","width":11.73,"height":44.1},"_anchorPoint":{"__type__":"cc.Vec2","y":0.5},"_trs":{"__type__":"TypedArray","ctor":"Float64Array","array":[-533.713,0.787,0,0,0,0,1,1,1,1]}},{"__type__":"cc.Label","node":{"__id__":21},"_materials":[{"__uuid__":"ecpdLyjvZBwrvm+cedCcQy"}],"_useOriginalSize":false,"_string":"0","_N$string":"0","_fontSize":20,"_lineHeight":35,"_N$file":{"__uuid__":"6cdYiskGtJJYGqTveEBiCW"},"_isSystemFontUsed":false,"_N$horizontalAlign":1,"_N$verticalAlign":1},{"__type__":"cc.Node","_name":"payTitleLab","_parent":{"__id__":8},"_components":[{"__type__":"cc.Label","node":{"__id__":23},"_materials":[{"__uuid__":"ecpdLyjvZBwrvm+cedCcQy"}],"_useOriginalSize":false,"_string":"支付方式","_N$string":"支付方式","_fontSize":35,"_lineHeight":35,"_N$file":{"__uuid__":"a6GFdfihpIQY/CU35PyGmw"},"_isSystemFontUsed":false,"_N$horizontalAlign":1,"_N$verticalAlign":1}],"_prefab":{"__type__":"cc.PrefabInfo","root":{"__id__":1},"asset":{"__uuid__":"c3+E56Yv5NC44kJiGvManU"},"fileId":"b8fWtAob5A1JLVeB0OGk9P"},"_contentSize":{"__type__":"cc.Size","width":140,"height":44.1},"_anchorPoint":{"__type__":"cc.Vec2","y":0.5},"_trs":{"__type__":"TypedArray","ctor":"Float64Array","array":[-544.44,-436.83,0,0,0,0,1,1,1,1]}},{"__type__":"cc.Node","_name":"payBg","_parent":{"__id__":8},"_children":[{"__id__":25},{"__id__":31},{"__id__":36}],"_components":[{"__type__":"cc.Sprite","node":{"__id__":24},"_materials":[{"__uuid__":"ecpdLyjvZBwrvm+cedCcQy"}],"_spriteFrame":{"__uuid__":"b0kksSkW1G3IooN6KWoXvc"},"_type":1,"_sizeMode":0},{"__id__":30}],"_prefab":{"__type__":"cc.PrefabInfo","root":{"__id__":1},"asset":{"__uuid__":"c3+E56Yv5NC44kJiGvManU"},"fileId":"fddxUruM9Cw5Xe/tR/W4oF"},"_contentSize":{"__type__":"cc.Size","width":1102.3,"height":289.5},"_trs":{"__type__":"TypedArray","ctor":"Float64Array","array":[-1,-634.7,0,0,0,0,1,1,1,1]}},{"__type__":"cc.Node","_name":"Toggle_1","_parent":{"__id__":24},"_children":[{"__id__":26},{"__id__":28}],"_components":[{"__type__":"cc.Toggle","node":{"__id__":25},"_N$normalColor":{"__type__":"cc.Color","r":214,"g":214,"b":214},"_N$target":{"__id__":26},"toggleGroup":{"__id__":30},"checkMark":{"__id__":29},"checkEvents":[{"__type__":"cc.ClickEvent","target":{"__id__":1},"_componentId":"76d55JjsllCaaaO3g7AVpeK","handler":"payTogTap"}]}],"_prefab":{"__type__":"cc.PrefabInfo","root":{"__id__":1},"asset":{"__uuid__":"c3+E56Yv5NC44kJiGvManU"},"fileId":"edraHQiv9DToVFoYTB9bTN"},"_contentSize":{"__type__":"cc.Size","width":345,"height":60},"_trs":{"__type__":"TypedArray","ctor":"Float64Array","array":[-326.8,80.5,0,0,0,0,1,1,1,1]}},{"__type__":"cc.Node","_name":"Background","_parent":{"__id__":25},"_children":[{"__id__":27}],"_components":[{"__type__":"cc.Sprite","node":{"__id__":26},"_materials":[{"__uuid__":"ecpdLyjvZBwrvm+cedCcQy"}],"_spriteFrame":{"__uuid__":"90GD8bQ39F/pmei00wRcqO"}}],"_prefab":{"__type__":"cc.PrefabInfo","root":{"__id__":1},"asset":{"__uuid__":"c3+E56Yv5NC44kJiGvManU"},"fileId":"9bGeLhN6pCcbCA7XXY0g9X"},"_contentSize":{"__type__":"cc.Size","width":209,"height":55},"_trs":{"__type__":"TypedArray","ctor":"Float64Array","array":[66.685,0.93,0,0,0,0,1,1,1,1]}},{"__type__":"cc.Node","_name":"New Sprite(Splash)","_parent":{"__id__":26},"_components":[{"__type__":"cc.Sprite","node":{"__id__":27},"_materials":[{"__uuid__":"ecpdLyjvZBwrvm+cedCcQy"}],"_spriteFrame":{"__uuid__":"29xx9xoThMoZFice8PSQK3"}}],"_prefab":{"__type__":"cc.PrefabInfo","root":{"__id__":1},"asset":{"__uuid__":"c3+E56Yv5NC44kJiGvManU"},"fileId":"94RxvyfidNO5VjIF4IzUbB"},"_contentSize":{"__type__":"cc.Size","width":36,"height":36},"_trs":{"__type__":"TypedArray","ctor":"Float64Array","array":[-208.623,5.219,0,0,0,0,1,1,1,1]}},{"__type__":"cc.Node","_name":"checkmark","_parent":{"__id__":25},"_components":[{"__id__":29}],"_prefab":{"__type__":"cc.PrefabInfo","root":{"__id__":1},"asset":{"__uuid__":"c3+E56Yv5NC44kJiGvManU"},"fileId":"ffsMTG26xFI71vY2Ny5vyY"},"_contentSize":{"__type__":"cc.Size","width":35,"height":35},"_trs":{"__type__":"TypedArray","ctor":"Float64Array","array":[-141.982,6.149,0,0,0,0,1,1,1,1]}},{"__type__":"cc.Sprite","node":{"__id__":28},"_materials":[{"__uuid__":"ecpdLyjvZBwrvm+cedCcQy"}],"_spriteFrame":{"__uuid__":"69J1LL/qpHc5SsANui8mGv"},"_sizeMode":2,"_isTrimmedMode":false},{"__type__":"cc.ToggleGroup","node":{"__id__":24}},{"__type__":"cc.Node","_name":"Toggle_2","_parent":{"__id__":24},"_children":[{"__id__":32},{"__id__":34}],"_components":[{"__type__":"cc.Toggle","node":{"__id__":31},"_N$normalColor":{"__type__":"cc.Color","r":214,"g":214,"b":214},"_N$target":{"__id__":32},"_N$isChecked":false,"toggleGroup":{"__id__":30},"checkMark":{"__id__":35},"checkEvents":[{"__type__":"cc.ClickEvent","target":{"__id__":1},"_componentId":"76d55JjsllCaaaO3g7AVpeK","handler":"payTogTap"}]}],"_prefab":{"__type__":"cc.PrefabInfo","root":{"__id__":1},"asset":{"__uuid__":"c3+E56Yv5NC44kJiGvManU"},"fileId":"1bKpDcQGBLMortv4/sRhY6"},"_contentSize":{"__type__":"cc.Size","width":345,"height":60},"_trs":{"__type__":"TypedArray","ctor":"Float64Array","array":[-326.8,-0.193,0,0,0,0,1,1,1,1]}},{"__type__":"cc.Node","_name":"Background","_parent":{"__id__":31},"_children":[{"__id__":33}],"_components":[{"__type__":"cc.Sprite","node":{"__id__":32},"_materials":[{"__uuid__":"ecpdLyjvZBwrvm+cedCcQy"}],"_spriteFrame":{"__uuid__":"36pZZh6t5DSIS2JzRyxb+J"}}],"_prefab":{"__type__":"cc.PrefabInfo","root":{"__id__":1},"asset":{"__uuid__":"c3+E56Yv5NC44kJiGvManU"},"fileId":"2dVvrrbrtMFbktgVyseQYu"},"_contentSize":{"__type__":"cc.Size","width":209,"height":55},"_trs":{"__type__":"TypedArray","ctor":"Float64Array","array":[66.685,0,0,0,0,0,1,1,1,1]}},{"__type__":"cc.Node","_name":"New Sprite(Splash)","_parent":{"__id__":32},"_components":[{"__type__":"cc.Sprite","node":{"__id__":33},"_materials":[{"__uuid__":"ecpdLyjvZBwrvm+cedCcQy"}],"_spriteFrame":{"__uuid__":"29xx9xoThMoZFice8PSQK3"}}],"_prefab":{"__type__":"cc.PrefabInfo","root":{"__id__":1},"asset":{"__uuid__":"c3+E56Yv5NC44kJiGvManU"},"fileId":"70hW4zNeBCb5yEywGsLIJE"},"_contentSize":{"__type__":"cc.Size","width":36,"height":36},"_trs":{"__type__":"TypedArray","ctor":"Float64Array","array":[-208.623,5.219,0,0,0,0,1,1,1,1]}},{"__type__":"cc.Node","_name":"checkmark","_parent":{"__id__":31},"_active":false,"_components":[{"__id__":35}],"_prefab":{"__type__":"cc.PrefabInfo","root":{"__id__":1},"asset":{"__uuid__":"c3+E56Yv5NC44kJiGvManU"},"fileId":"78EzTdtxlFwoYC8uko+gdE"},"_contentSize":{"__type__":"cc.Size","width":35,"height":35},"_trs":{"__type__":"TypedArray","ctor":"Float64Array","array":[-141.982,5.219,0,0,0,0,1,1,1,1]}},{"__type__":"cc.Sprite","node":{"__id__":34},"_materials":[{"__uuid__":"ecpdLyjvZBwrvm+cedCcQy"}],"_spriteFrame":{"__uuid__":"69J1LL/qpHc5SsANui8mGv"},"_sizeMode":2,"_isTrimmedMode":false},{"__type__":"cc.Node","_name":"Toggle_3","_parent":{"__id__":24},"_children":[{"__id__":37},{"__id__":39}],"_components":[{"__type__":"cc.Toggle","node":{"__id__":36},"_N$normalColor":{"__type__":"cc.Color","r":214,"g":214,"b":214},"_N$target":{"__id__":37},"_N$isChecked":false,"toggleGroup":{"__id__":30},"checkMark":{"__id__":40},"checkEvents":[{"__type__":"cc.ClickEvent","target":{"__id__":1},"_componentId":"76d55JjsllCaaaO3g7AVpeK","handler":"payTogTap"}]}],"_prefab":{"__type__":"cc.PrefabInfo","root":{"__id__":1},"asset":{"__uuid__":"c3+E56Yv5NC44kJiGvManU"},"fileId":"7bYS5FQiBGOLEVGTOvrWQr"},"_contentSize":{"__type__":"cc.Size","width":345,"height":60},"_trs":{"__type__":"TypedArray","ctor":"Float64Array","array":[-326.8,-83.486,0,0,0,0,1,1,1,1]}},{"__type__":"cc.Node","_name":"Background","_parent":{"__id__":36},"_children":[{"__id__":38}],"_components":[{"__type__":"cc.Sprite","node":{"__id__":37},"_materials":[{"__uuid__":"ecpdLyjvZBwrvm+cedCcQy"}],"_spriteFrame":{"__uuid__":"0eHdjef2REhIV/ftyShhCS"}}],"_prefab":{"__type__":"cc.PrefabInfo","root":{"__id__":1},"asset":{"__uuid__":"c3+E56Yv5NC44kJiGvManU"},"fileId":"c8ljBGswVD759dKoljmydJ"},"_contentSize":{"__type__":"cc.Size","width":209,"height":55},"_trs":{"__type__":"TypedArray","ctor":"Float64Array","array":[66.685,0,0,0,0,0,1,1,1,1]}},{"__type__":"cc.Node","_name":"New Sprite(Splash)","_parent":{"__id__":37},"_components":[{"__type__":"cc.Sprite","node":{"__id__":38},"_materials":[{"__uuid__":"ecpdLyjvZBwrvm+cedCcQy"}],"_spriteFrame":{"__uuid__":"29xx9xoThMoZFice8PSQK3"}}],"_prefab":{"__type__":"cc.PrefabInfo","root":{"__id__":1},"asset":{"__uuid__":"c3+E56Yv5NC44kJiGvManU"},"fileId":"abAzZR34VE46jCsXrlHNsT"},"_contentSize":{"__type__":"cc.Size","width":36,"height":36},"_trs":{"__type__":"TypedArray","ctor":"Float64Array","array":[-208.623,5.219,0,0,0,0,1,1,1,1]}},{"__type__":"cc.Node","_name":"checkmark","_parent":{"__id__":36},"_active":false,"_components":[{"__id__":40}],"_prefab":{"__type__":"cc.PrefabInfo","root":{"__id__":1},"asset":{"__uuid__":"c3+E56Yv5NC44kJiGvManU"},"fileId":"0fPfdZFI5NhZN3dnjwhgGW"},"_contentSize":{"__type__":"cc.Size","width":35,"height":35},"_trs":{"__type__":"TypedArray","ctor":"Float64Array","array":[-141.982,5.219,0,0,0,0,1,1,1,1]}},{"__type__":"cc.Sprite","node":{"__id__":39},"_materials":[{"__uuid__":"ecpdLyjvZBwrvm+cedCcQy"}],"_spriteFrame":{"__uuid__":"69J1LL/qpHc5SsANui8mGv"},"_sizeMode":2,"_isTrimmedMode":false},{"__type__":"cc.Node","_name":"chargeMoneyLab","_parent":{"__id__":8},"_components":[{"__type__":"cc.Label","node":{"__id__":41},"_materials":[{"__uuid__":"ecpdLyjvZBwrvm+cedCcQy"}],"_useOriginalSize":false,"_string":"充值金额","_N$string":"充值金额","_fontSize":35,"_lineHeight":35,"_N$file":{"__uuid__":"a6GFdfihpIQY/CU35PyGmw"},"_isSystemFontUsed":false,"_N$horizontalAlign":1,"_N$verticalAlign":1}],"_prefab":{"__type__":"cc.PrefabInfo","root":{"__id__":1},"asset":{"__uuid__":"c3+E56Yv5NC44kJiGvManU"},"fileId":"d9DzaKSo1PiKRhC6GSVf7U"},"_contentSize":{"__type__":"cc.Size","width":140,"height":44.1},"_anchorPoint":{"__type__":"cc.Vec2","y":0.5},"_trs":{"__type__":"TypedArray","ctor":"Float64Array","array":[-544.58,-833.737,0,0,0,0,1,1,1,1]}},{"__type__":"cc.Node","_name":"chargeMoneyInput","_parent":{"__id__":8},"_children":[{"__id__":43},{"__id__":45},{"__id__":47}],"_components":[{"__type__":"cc.EditBox","node":{"__id__":42},"_useOriginalSize":false,"maxLength":8,"_N$textLabel":{"__id__":46},"_N$placeholderLabel":{"__id__":48},"_N$background":{"__id__":44},"_N$inputMode":6}],"_prefab":{"__type__":"cc.PrefabInfo","root":{"__id__":1},"asset":{"__uuid__":"c3+E56Yv5NC44kJiGvManU"},"fileId":"52z0k+a2NGKI7hFY4mmLcH"},"_contentSize":{"__type__":"cc.Size","width":1099.8,"height":67.8},"_trs":{"__type__":"TypedArray","ctor":"Float64Array","array":[-1.9,-905.6,0,0,0,0,1,1,1,1]}},{"__type__":"cc.Node","_name":"BACKGROUND_SPRITE","_parent":{"__id__":42},"_components":[{"__id__":44},{"__type__":"cc.Widget","node":{"__id__":43},"alignMode":0,"_alignFlags":45,"_originalWidth":160,"_originalHeight":40}],"_prefab":{"__type__":"cc.PrefabInfo","root":{"__id__":1},"asset":{"__uuid__":"c3+E56Yv5NC44kJiGvManU"},"fileId":"6b0GYZDr5CULHp8scQ9Nd+"},"_contentSize":{"__type__":"cc.Size","width":1099.8,"height":67.8},"_trs":{"__type__":"TypedArray","ctor":"Float64Array","array":[0,0,0,0,0,0,1,1,1,1]}},{"__type__":"cc.Sprite","node":{"__id__":43},"_materials":[{"__uuid__":"ecpdLyjvZBwrvm+cedCcQy"}],"_spriteFrame":{"__uuid__":"b0kksSkW1G3IooN6KWoXvc"},"_type":1,"_sizeMode":0},{"__type__":"cc.Node","_name":"TEXT_LABEL","_parent":{"__id__":42},"_active":false,"_components":[{"__id__":46},{"__type__":"cc.Widget","node":{"__id__":45},"alignMode":0,"_alignFlags":45,"_left":2,"_originalWidth":158,"_originalHeight":40}],"_prefab":{"__type__":"cc.PrefabInfo","root":{"__id__":1},"asset":{"__uuid__":"c3+E56Yv5NC44kJiGvManU"},"fileId":"30V8XAPtlHSZ2IlYJsSZR0"},"_contentSize":{"__type__":"cc.Size","width":158,"height":40},"_anchorPoint":{"__type__":"cc.Vec2","y":1},"_trs":{"__type__":"TypedArray","ctor":"Float64Array","array":[-78,20,0,0,0,0,1,1,1,1]}},{"__type__":"cc.Label","node":{"__id__":45},"_fontSize":20,"_lineHeight":25,"_enableWrapText":false,"_N$verticalAlign":1,"_N$overflow":1},{"__type__":"cc.Node","_name":"PLACEHOLDER_LABEL","_parent":{"__id__":42},"_components":[{"__id__":48},{"__type__":"cc.Widget","node":{"__id__":47},"alignMode":0,"_alignFlags":45,"_left":2,"_originalWidth":158,"_originalHeight":40}],"_prefab":{"__type__":"cc.PrefabInfo","root":{"__id__":1},"asset":{"__uuid__":"c3+E56Yv5NC44kJiGvManU"},"fileId":"49IYc04A5IFK6uWL8wXAIS"},"_contentSize":{"__type__":"cc.Size","width":1097.8,"height":67.8},"_anchorPoint":{"__type__":"cc.Vec2","y":1},"_trs":{"__type__":"TypedArray","ctor":"Float64Array","array":[-547.9,33.9,0,0,0,0,1,1,1,1]}},{"__type__":"cc.Label","node":{"__id__":47},"_materials":[{"__uuid__":"ecpdLyjvZBwrvm+cedCcQy"}],"_string":"  请输入充值金额(大于100，小于5000)","_N$string":"  请输入充值金额(大于100，小于5000)","_fontSize":20,"_lineHeight":25,"_enableWrapText":false,"_N$file":{"__uuid__":"a6GFdfihpIQY/CU35PyGmw"},"_isSystemFontUsed":false,"_N$verticalAlign":1,"_N$overflow":1},{"__type__":"cc.Node","_name":"chargeBtn","_parent":{"__id__":8},"_children":[{"__id__":50}],"_components":[{"__type__":"cc.Sprite","node":{"__id__":49},"_materials":[{"__uuid__":"ecpdLyjvZBwrvm+cedCcQy"}],"_spriteFrame":{"__uuid__":"b6krxEkg9D+aEWn1HdeMhu"},"_type":1,"_sizeMode":0}],"_prefab":{"__type__":"cc.PrefabInfo","root":{"__id__":1},"asset":{"__uuid__":"c3+E56Yv5NC44kJiGvManU"},"fileId":"belCs95+tMDJ+yzGsNfMIc"},"_contentSize":{"__type__":"cc.Size","width":1100.4,"height":76.1},"_trs":{"__type__":"TypedArray","ctor":"Float64Array","array":[-1.6,-1019,0,0,0,0,1,1,1,1]}},{"__type__":"cc.Node","_name":"label","_parent":{"__id__":49},"_components":[{"__type__":"cc.Label","node":{"__id__":50},"_materials":[{"__uuid__":"ecpdLyjvZBwrvm+cedCcQy"}],"_useOriginalSize":false,"_string":"确认充值","_N$string":"确认充值","_fontSize":35,"_N$file":{"__uuid__":"a6GFdfihpIQY/CU35PyGmw"},"_isSystemFontUsed":false,"_N$horizontalAlign":1,"_N$verticalAlign":1}],"_prefab":{"__type__":"cc.PrefabInfo","root":{"__id__":1},"asset":{"__uuid__":"c3+E56Yv5NC44kJiGvManU"},"fileId":"55jp6VFP5MeKyj/6g+UrGr"},"_color":{"__type__":"cc.Color","r":16,"g":19,"b":38},"_contentSize":{"__type__":"cc.Size","width":140,"height":50.4},"_trs":{"__type__":"TypedArray","ctor":"Float64Array","array":[-0.433,0,0,0,0,0,1,1,1,1]}},{"__type__":"cc.Node","_name":"content","_parent":{"__id__":7},"_children":[{"__id__":52},{"__id__":53},{"__id__":91},{"__id__":92},{"__id__":100}],"_components":[{"__type__":"cc.Layout","node":{"__id__":51},"_layoutSize":{"__type__":"cc.Size","width":1100,"height":611.6},"_resize":1,"_N$layoutType":2,"_N$paddingBottom":50,"_N$spacingY":10},{"__type__":"cc.Widget","node":{"__id__":51},"_alignFlags":45,"_bottom":-121.60000000000002,"_originalWidth":1107,"_originalHeight":1084}],"_prefab":{"__type__":"cc.PrefabInfo","root":{"__id__":1},"asset":{"__uuid__":"c3+E56Yv5NC44kJiGvManU"},"fileId":"c91RmtJVhOZIAkqiYcgg2B"},"_contentSize":{"__type__":"cc.Size","width":1100,"height":611.6},"_anchorPoint":{"__type__":"cc.Vec2","x":0.5,"y":1},"_trs":{"__type__":"TypedArray","ctor":"Float64Array","array":[0,245,0,0,0,0,1,1,1,1]}},{"__type__":"cc.Node","_name":"payTitleLab","_parent":{"__id__":51},"_components":[{"__type__":"cc.Label","node":{"__id__":52},"_materials":[{"__uuid__":"ecpdLyjvZBwrvm+cedCcQy"}],"_useOriginalSize":false,"_string":"支付方式","_N$string":"支付方式","_fontSize":35,"_lineHeight":35,"_N$file":{"__uuid__":"a6GFdfihpIQY/CU35PyGmw"},"_isSystemFontUsed":false,"_N$horizontalAlign":1,"_N$verticalAlign":1}],"_prefab":{"__type__":"cc.PrefabInfo","root":{"__id__":1},"asset":{"__uuid__":"c3+E56Yv5NC44kJiGvManU"},"fileId":"68FcNeWl5ILI52L0msi6xB"},"_contentSize":{"__type__":"cc.Size","width":140,"height":44.1},"_anchorPoint":{"__type__":"cc.Vec2","y":0.5},"_trs":{"__type__":"TypedArray","ctor":"Float64Array","array":[-544.44,-22.05,0,0,0,0,1,1,1,1]}},{"__type__":"cc.Node","_name":"payBg","_parent":{"__id__":51},"_children":[{"__id__":54},{"__id__":67},{"__id__":79}],"_components":[{"__type__":"cc.Sprite","node":{"__id__":53},"_materials":[{"__uuid__":"ecpdLyjvZBwrvm+cedCcQy"}],"_spriteFrame":{"__uuid__":"b0kksSkW1G3IooN6KWoXvc"},"_type":1,"_sizeMode":0},{"__id__":66}],"_prefab":{"__type__":"cc.PrefabInfo","root":{"__id__":1},"asset":{"__uuid__":"c3+E56Yv5NC44kJiGvManU"},"fileId":"18Zjl7y+hKVYxP4fLuQgZe"},"_contentSize":{"__type__":"cc.Size","width":1102.3,"height":289.5},"_trs":{"__type__":"TypedArray","ctor":"Float64Array","array":[-1,-198.85,0,0,0,0,1,1,1,1]}},{"__type__":"cc.Node","_name":"Toggle_1","_parent":{"__id__":53},"_children":[{"__id__":55},{"__id__":64}],"_components":[{"__type__":"cc.Toggle","node":{"__id__":54},"_N$normalColor":{"__type__":"cc.Color","r":214,"g":214,"b":214},"_N$target":{"__id__":55},"toggleGroup":{"__id__":66},"checkMark":{"__id__":65},"checkEvents":[{"__type__":"cc.ClickEvent","target":{"__id__":1},"_componentId":"76d55JjsllCaaaO3g7AVpeK","handler":"payTogTap"}]}],"_prefab":{"__type__":"cc.PrefabInfo","root":{"__id__":1},"asset":{"__uuid__":"c3+E56Yv5NC44kJiGvManU"},"fileId":"e7FhY1heFEm4t58Q7/HgHy"},"_contentSize":{"__type__":"cc.Size","width":345,"height":60},"_trs":{"__type__":"TypedArray","ctor":"Float64Array","array":[-326.8,80.5,0,0,0,0,1,1,1,1]}},{"__type__":"cc.Node","_name":"Background","_parent":{"__id__":54},"_children":[{"__id__":56}],"_components":[{"__type__":"cc.Sprite","node":{"__id__":55},"_materials":[{"__uuid__":"ecpdLyjvZBwrvm+cedCcQy"}],"_spriteFrame":{"__uuid__":"90GD8bQ39F/pmei00wRcqO"}}],"_prefab":{"__type__":"cc.PrefabInfo","root":{"__id__":1},"asset":{"__uuid__":"c3+E56Yv5NC44kJiGvManU"},"fileId":"382v1OzuRGEroBAznyd6KN"},"_contentSize":{"__type__":"cc.Size","width":209,"height":55},"_trs":{"__type__":"TypedArray","ctor":"Float64Array","array":[0,0,0,0,0,0,1,1,1,1]}},{"__type__":"cc.Node","_name":"New ToggleGroup","_parent":{"__id__":55},"_children":[{"__id__":57}],"_components":[{"__id__":63},{"__type__":"cc.Widget","node":{"__id__":56},"_alignFlags":8,"_left":250},{"__type__":"cc.Layout","node":{"__id__":56},"_layoutSize":{"__type__":"cc.Size","height":61},"_resize":1,"_N$layoutType":1}],"_prefab":{"__type__":"cc.PrefabInfo","root":{"__id__":1},"asset":{"__uuid__":"c3+E56Yv5NC44kJiGvManU"},"fileId":"1118KM70BG760Nu2bdkibT"},"_contentSize":{"__type__":"cc.Size","height":61},"_anchorPoint":{"__type__":"cc.Vec2","y":0.5},"_trs":{"__type__":"TypedArray","ctor":"Float64Array","array":[145.5,0,0,0,0,0,1,1,1,1]}},{"__type__":"cc.Node","_name":"toggle1","_parent":{"__id__":56},"_children":[{"__id__":58},{"__id__":61}],"_active":false,"_components":[{"__type__":"cc.Toggle","node":{"__id__":57},"_N$transition":3,"transition":3,"_N$normalColor":{"__type__":"cc.Color","r":214,"g":214,"b":214},"_N$target":{"__id__":57},"toggleGroup":{"__id__":63},"checkMark":{"__id__":62},"checkEvents":[{"__type__":"cc.ClickEvent"}]}],"_prefab":{"__type__":"cc.PrefabInfo","root":{"__id__":1},"asset":{"__uuid__":"c3+E56Yv5NC44kJiGvManU"},"fileId":"a7KPS+M8RPFZVeAUyhGgR/"},"_contentSize":{"__type__":"cc.Size","width":240,"height":60},"_trs":{"__type__":"TypedArray","ctor":"Float64Array","array":[120,3,0,0,0,0,1,1,1,1]}},{"__type__":"cc.Node","_name":"Background","_parent":{"__id__":57},"_children":[{"__id__":59},{"__id__":60}],"_components":[{"__type__":"cc.Sprite","node":{"__id__":58},"_materials":[{"__uuid__":"ecpdLyjvZBwrvm+cedCcQy"}],"_spriteFrame":{"__uuid__":"94662lLBlNF4uL81ylIZyT"},"_type":1,"_sizeMode":0,"_isTrimmedMode":false}],"_prefab":{"__type__":"cc.PrefabInfo","root":{"__id__":1},"asset":{"__uuid__":"c3+E56Yv5NC44kJiGvManU"},"fileId":"e2+/7aoUlN1K3f8Xs7jCwg"},"_contentSize":{"__type__":"cc.Size","width":150,"height":55},"_trs":{"__type__":"TypedArray","ctor":"Float64Array","array":[0,0,0,0,0,0,1,1,1,1]}},{"__type__":"cc.Node","_name":"circle","_parent":{"__id__":58},"_components":[{"__type__":"cc.Sprite","node":{"__id__":59},"_materials":[{"__uuid__":"ecpdLyjvZBwrvm+cedCcQy"}],"_spriteFrame":{"__uuid__":"29xx9xoThMoZFice8PSQK3"}},{"__type__":"cc.Widget","node":{"__id__":59},"_target":{"__id__":57},"_alignFlags":8}],"_prefab":{"__type__":"cc.PrefabInfo","root":{"__id__":1},"asset":{"__uuid__":"c3+E56Yv5NC44kJiGvManU"},"fileId":"98pV6ZCNFN+7wG71TjOwUw"},"_contentSize":{"__type__":"cc.Size","width":36,"height":36},"_trs":{"__type__":"TypedArray","ctor":"Float64Array","array":[-102,0,0,0,0,0,1,1,1,1]}},{"__type__":"cc.Node","_name":"name","_parent":{"__id__":58},"_components":[{"__type__":"cc.Label","node":{"__id__":60},"_materials":[{"__uuid__":"ecpdLyjvZBwrvm+cedCcQy"}],"_useOriginalSize":false,"_string":"通道一","_N$string":"通道一","_fontSize":30,"_N$horizontalAlign":1,"_N$verticalAlign":1}],"_prefab":{"__type__":"cc.PrefabInfo","root":{"__id__":1},"asset":{"__uuid__":"c3+E56Yv5NC44kJiGvManU"},"fileId":"e6ovuBW1NBpZianlwdaIhC"},"_contentSize":{"__type__":"cc.Size","width":90,"height":50.4},"_trs":{"__type__":"TypedArray","ctor":"Float64Array","array":[0,0,0,0,0,0,1,1,1,1]}},{"__type__":"cc.Node","_name":"checkmark","_parent":{"__id__":57},"_components":[{"__id__":62},{"__type__":"cc.Widget","node":{"__id__":61},"_target":{"__id__":57},"_alignFlags":8}],"_prefab":{"__type__":"cc.PrefabInfo","root":{"__id__":1},"asset":{"__uuid__":"c3+E56Yv5NC44kJiGvManU"},"fileId":"39S7WenG1MUbndAKKv6bNZ"},"_contentSize":{"__type__":"cc.Size","width":35,"height":35},"_trs":{"__type__":"TypedArray","ctor":"Float64Array","array":[-102.5,0,0,0,0,0,1,1,1,1]}},{"__type__":"cc.Sprite","node":{"__id__":61},"_materials":[{"__uuid__":"ecpdLyjvZBwrvm+cedCcQy"}],"_spriteFrame":{"__uuid__":"69J1LL/qpHc5SsANui8mGv"},"_sizeMode":2,"_isTrimmedMode":false},{"__type__":"cc.ToggleGroup","node":{"__id__":56}},{"__type__":"cc.Node","_name":"checkmark","_parent":{"__id__":54},"_components":[{"__id__":65}],"_prefab":{"__type__":"cc.PrefabInfo","root":{"__id__":1},"asset":{"__uuid__":"c3+E56Yv5NC44kJiGvManU"},"fileId":"15R8RLyghPfLjZZ+4UePIb"},"_contentSize":{"__type__":"cc.Size","width":228,"height":72},"_trs":{"__type__":"TypedArray","ctor":"Float64Array","array":[0,0,0,0,0,0,1,1,1,1]}},{"__type__":"cc.Sprite","node":{"__id__":64},"_materials":[{"__uuid__":"ecpdLyjvZBwrvm+cedCcQy"}],"_spriteFrame":{"__uuid__":"8fAz7HrtBO4Z8sqdcpnxJu"},"_sizeMode":2,"_isTrimmedMode":false},{"__type__":"cc.ToggleGroup","node":{"__id__":53}},{"__type__":"cc.Node","_name":"Toggle_2","_parent":{"__id__":53},"_children":[{"__id__":68},{"__id__":77}],"_components":[{"__type__":"cc.Toggle","node":{"__id__":67},"_N$normalColor":{"__type__":"cc.Color","r":214,"g":214,"b":214},"_N$target":{"__id__":68},"_N$isChecked":false,"toggleGroup":{"__id__":66},"checkMark":{"__id__":78},"checkEvents":[{"__type__":"cc.ClickEvent","target":{"__id__":1},"_componentId":"76d55JjsllCaaaO3g7AVpeK","handler":"payTogTap"}]}],"_prefab":{"__type__":"cc.PrefabInfo","root":{"__id__":1},"asset":{"__uuid__":"c3+E56Yv5NC44kJiGvManU"},"fileId":"930OZMDvdO+oOCSUjUizwX"},"_contentSize":{"__type__":"cc.Size","width":345,"height":60},"_trs":{"__type__":"TypedArray","ctor":"Float64Array","array":[-326.8,-0.193,0,0,0,0,1,1,1,1]}},{"__type__":"cc.Node","_name":"Background","_parent":{"__id__":67},"_children":[{"__id__":69}],"_components":[{"__type__":"cc.Sprite","node":{"__id__":68},"_materials":[{"__uuid__":"ecpdLyjvZBwrvm+cedCcQy"}],"_spriteFrame":{"__uuid__":"36pZZh6t5DSIS2JzRyxb+J"}}],"_prefab":{"__type__":"cc.PrefabInfo","root":{"__id__":1},"asset":{"__uuid__":"c3+E56Yv5NC44kJiGvManU"},"fileId":"64EF6WAdRJhJCBlIDwA5k/"},"_contentSize":{"__type__":"cc.Size","width":209,"height":55},"_trs":{"__type__":"TypedArray","ctor":"Float64Array","array":[0,0,0,0,0,0,1,1,1,1]}},{"__type__":"cc.Node","_name":"New ToggleGroup","_parent":{"__id__":68},"_children":[{"__id__":70}],"_components":[{"__id__":76},{"__type__":"cc.Widget","node":{"__id__":69},"_alignFlags":8,"_left":250},{"__type__":"cc.Layout","node":{"__id__":69},"_layoutSize":{"__type__":"cc.Size","height":61},"_resize":1,"_N$layoutType":1}],"_prefab":{"__type__":"cc.PrefabInfo","root":{"__id__":1},"asset":{"__uuid__":"c3+E56Yv5NC44kJiGvManU"},"fileId":"d694u890BJkbCaIl0BDOHZ"},"_contentSize":{"__type__":"cc.Size","height":61},"_anchorPoint":{"__type__":"cc.Vec2","y":0.5},"_trs":{"__type__":"TypedArray","ctor":"Float64Array","array":[145.5,0,0,0,0,0,1,1,1,1]}},{"__type__":"cc.Node","_name":"toggle1","_parent":{"__id__":69},"_children":[{"__id__":71},{"__id__":74}],"_active":false,"_components":[{"__type__":"cc.Toggle","node":{"__id__":70},"_N$transition":3,"transition":3,"_N$normalColor":{"__type__":"cc.Color","r":214,"g":214,"b":214},"_N$target":{"__id__":70},"toggleGroup":{"__id__":76},"checkMark":{"__id__":75}}],"_prefab":{"__type__":"cc.PrefabInfo","root":{"__id__":1},"asset":{"__uuid__":"c3+E56Yv5NC44kJiGvManU"},"fileId":"0b1jiStr9CwLDUSnww4u+P"},"_contentSize":{"__type__":"cc.Size","width":240,"height":60},"_trs":{"__type__":"TypedArray","ctor":"Float64Array","array":[120,3,0,0,0,0,1,1,1,1]}},{"__type__":"cc.Node","_name":"Background","_parent":{"__id__":70},"_children":[{"__id__":72},{"__id__":73}],"_components":[{"__type__":"cc.Sprite","node":{"__id__":71},"_materials":[{"__uuid__":"ecpdLyjvZBwrvm+cedCcQy"}],"_spriteFrame":{"__uuid__":"d4n+r+yv5DRpT6NdZKoyLn"},"_type":1,"_sizeMode":0,"_isTrimmedMode":false}],"_prefab":{"__type__":"cc.PrefabInfo","root":{"__id__":1},"asset":{"__uuid__":"c3+E56Yv5NC44kJiGvManU"},"fileId":"7afKWSVIJLsoTSbjIbAl2h"},"_contentSize":{"__type__":"cc.Size","width":150,"height":55},"_trs":{"__type__":"TypedArray","ctor":"Float64Array","array":[0,0,0,0,0,0,1,1,1,1]}},{"__type__":"cc.Node","_name":"circle","_parent":{"__id__":71},"_components":[{"__type__":"cc.Sprite","node":{"__id__":72},"_materials":[{"__uuid__":"ecpdLyjvZBwrvm+cedCcQy"}],"_spriteFrame":{"__uuid__":"29xx9xoThMoZFice8PSQK3"}},{"__type__":"cc.Widget","node":{"__id__":72},"_target":{"__id__":70},"_alignFlags":8}],"_prefab":{"__type__":"cc.PrefabInfo","root":{"__id__":1},"asset":{"__uuid__":"c3+E56Yv5NC44kJiGvManU"},"fileId":"fd6sySjk1Je4SpNGivRQtr"},"_contentSize":{"__type__":"cc.Size","width":36,"height":36},"_trs":{"__type__":"TypedArray","ctor":"Float64Array","array":[-102,0,0,0,0,0,1,1,1,1]}},{"__type__":"cc.Node","_name":"name","_parent":{"__id__":71},"_components":[{"__type__":"cc.Label","node":{"__id__":73},"_materials":[{"__uuid__":"ecpdLyjvZBwrvm+cedCcQy"}],"_useOriginalSize":false,"_string":"通道er","_N$string":"通道er","_fontSize":30,"_N$horizontalAlign":1,"_N$verticalAlign":1}],"_prefab":{"__type__":"cc.PrefabInfo","root":{"__id__":1},"asset":{"__uuid__":"c3+E56Yv5NC44kJiGvManU"},"fileId":"6adWZ9tqhEDqQlFs0XOu+X"},"_contentSize":{"__type__":"cc.Size","width":86.67,"height":50.4},"_trs":{"__type__":"TypedArray","ctor":"Float64Array","array":[0,0,0,0,0,0,1,1,1,1]}},{"__type__":"cc.Node","_name":"checkmark","_parent":{"__id__":70},"_components":[{"__id__":75},{"__type__":"cc.Widget","node":{"__id__":74},"_target":{"__id__":70},"_alignFlags":8}],"_prefab":{"__type__":"cc.PrefabInfo","root":{"__id__":1},"asset":{"__uuid__":"c3+E56Yv5NC44kJiGvManU"},"fileId":"f1AuCtFy1CzbowtUV1VE/u"},"_contentSize":{"__type__":"cc.Size","width":35,"height":35},"_trs":{"__type__":"TypedArray","ctor":"Float64Array","array":[-102.5,0,0,0,0,0,1,1,1,1]}},{"__type__":"cc.Sprite","node":{"__id__":74},"_materials":[{"__uuid__":"ecpdLyjvZBwrvm+cedCcQy"}],"_spriteFrame":{"__uuid__":"69J1LL/qpHc5SsANui8mGv"},"_sizeMode":2,"_isTrimmedMode":false},{"__type__":"cc.ToggleGroup","node":{"__id__":69}},{"__type__":"cc.Node","_name":"checkmark","_parent":{"__id__":67},"_active":false,"_components":[{"__id__":78}],"_prefab":{"__type__":"cc.PrefabInfo","root":{"__id__":1},"asset":{"__uuid__":"c3+E56Yv5NC44kJiGvManU"},"fileId":"79tYbC8RlLdJB5qng3F9L6"},"_contentSize":{"__type__":"cc.Size","width":228,"height":72},"_trs":{"__type__":"TypedArray","ctor":"Float64Array","array":[0,0,0,0,0,0,1,1,1,1]}},{"__type__":"cc.Sprite","node":{"__id__":77},"_materials":[{"__uuid__":"ecpdLyjvZBwrvm+cedCcQy"}],"_spriteFrame":{"__uuid__":"8fAz7HrtBO4Z8sqdcpnxJu"},"_sizeMode":2,"_isTrimmedMode":false},{"__type__":"cc.Node","_name":"Toggle_3","_parent":{"__id__":53},"_children":[{"__id__":80},{"__id__":89}],"_components":[{"__type__":"cc.Toggle","node":{"__id__":79},"_N$normalColor":{"__type__":"cc.Color","r":214,"g":214,"b":214},"_N$target":{"__id__":80},"_N$isChecked":false,"toggleGroup":{"__id__":66},"checkMark":{"__id__":90},"checkEvents":[{"__type__":"cc.ClickEvent","target":{"__id__":1},"_componentId":"76d55JjsllCaaaO3g7AVpeK","handler":"payTogTap"}]}],"_prefab":{"__type__":"cc.PrefabInfo","root":{"__id__":1},"asset":{"__uuid__":"c3+E56Yv5NC44kJiGvManU"},"fileId":"94BZGFzE5NWY+AIHrTFJjo"},"_contentSize":{"__type__":"cc.Size","width":345,"height":60},"_trs":{"__type__":"TypedArray","ctor":"Float64Array","array":[-326.8,-83.486,0,0,0,0,1,1,1,1]}},{"__type__":"cc.Node","_name":"Background","_parent":{"__id__":79},"_children":[{"__id__":81}],"_components":[{"__type__":"cc.Sprite","node":{"__id__":80},"_materials":[{"__uuid__":"ecpdLyjvZBwrvm+cedCcQy"}],"_spriteFrame":{"__uuid__":"0eHdjef2REhIV/ftyShhCS"}}],"_prefab":{"__type__":"cc.PrefabInfo","root":{"__id__":1},"asset":{"__uuid__":"c3+E56Yv5NC44kJiGvManU"},"fileId":"47dSBRc1lHBrDdEjNRY2TW"},"_contentSize":{"__type__":"cc.Size","width":209,"height":55},"_trs":{"__type__":"TypedArray","ctor":"Float64Array","array":[0,0,0,0,0,0,1,1,1,1]}},{"__type__":"cc.Node","_name":"New ToggleGroup","_parent":{"__id__":80},"_children":[{"__id__":82}],"_components":[{"__id__":88},{"__type__":"cc.Widget","node":{"__id__":81},"_alignFlags":8,"_left":250},{"__type__":"cc.Layout","node":{"__id__":81},"_layoutSize":{"__type__":"cc.Size","height":61},"_resize":1,"_N$layoutType":1}],"_prefab":{"__type__":"cc.PrefabInfo","root":{"__id__":1},"asset":{"__uuid__":"c3+E56Yv5NC44kJiGvManU"},"fileId":"85IQ2S469MwJC7Y0rIyqmO"},"_contentSize":{"__type__":"cc.Size","height":61},"_anchorPoint":{"__type__":"cc.Vec2","y":0.5},"_trs":{"__type__":"TypedArray","ctor":"Float64Array","array":[145.5,0,0,0,0,0,1,1,1,1]}},{"__type__":"cc.Node","_name":"toggle1","_parent":{"__id__":81},"_children":[{"__id__":83},{"__id__":86}],"_active":false,"_components":[{"__type__":"cc.Toggle","node":{"__id__":82},"_N$transition":3,"transition":3,"_N$normalColor":{"__type__":"cc.Color","r":214,"g":214,"b":214},"_N$target":{"__id__":82},"toggleGroup":{"__id__":88},"checkMark":{"__id__":87}}],"_prefab":{"__type__":"cc.PrefabInfo","root":{"__id__":1},"asset":{"__uuid__":"c3+E56Yv5NC44kJiGvManU"},"fileId":"feNCxhgD5C/J/NWC702f3A"},"_contentSize":{"__type__":"cc.Size","width":240,"height":60},"_trs":{"__type__":"TypedArray","ctor":"Float64Array","array":[120,3,0,0,0,0,1,1,1,1]}},{"__type__":"cc.Node","_name":"Background","_parent":{"__id__":82},"_children":[{"__id__":84},{"__id__":85}],"_components":[{"__type__":"cc.Sprite","node":{"__id__":83},"_materials":[{"__uuid__":"ecpdLyjvZBwrvm+cedCcQy"}],"_spriteFrame":{"__uuid__":"20M/NGSlVOmLPyopySN1zs"},"_type":1,"_sizeMode":0,"_isTrimmedMode":false}],"_prefab":{"__type__":"cc.PrefabInfo","root":{"__id__":1},"asset":{"__uuid__":"c3+E56Yv5NC44kJiGvManU"},"fileId":"f9JOMNPM1DtoayKVH9OcLO"},"_contentSize":{"__type__":"cc.Size","width":150,"height":55},"_trs":{"__type__":"TypedArray","ctor":"Float64Array","array":[0,0,0,0,0,0,1,1,1,1]}},{"__type__":"cc.Node","_name":"circle","_parent":{"__id__":83},"_components":[{"__type__":"cc.Sprite","node":{"__id__":84},"_materials":[{"__uuid__":"ecpdLyjvZBwrvm+cedCcQy"}],"_spriteFrame":{"__uuid__":"29xx9xoThMoZFice8PSQK3"}},{"__type__":"cc.Widget","node":{"__id__":84},"_target":{"__id__":82},"_alignFlags":8}],"_prefab":{"__type__":"cc.PrefabInfo","root":{"__id__":1},"asset":{"__uuid__":"c3+E56Yv5NC44kJiGvManU"},"fileId":"33tILMxXBGAbt2guqIXUJW"},"_contentSize":{"__type__":"cc.Size","width":36,"height":36},"_trs":{"__type__":"TypedArray","ctor":"Float64Array","array":[-102,0,0,0,0,0,1,1,1,1]}},{"__type__":"cc.Node","_name":"name","_parent":{"__id__":83},"_components":[{"__type__":"cc.Label","node":{"__id__":85},"_materials":[{"__uuid__":"ecpdLyjvZBwrvm+cedCcQy"}],"_useOriginalSize":false,"_string":"通道一","_N$string":"通道一","_fontSize":30,"_N$horizontalAlign":1,"_N$verticalAlign":1}],"_prefab":{"__type__":"cc.PrefabInfo","root":{"__id__":1},"asset":{"__uuid__":"c3+E56Yv5NC44kJiGvManU"},"fileId":"fet7HDyRRCKbtBUPrb/YMa"},"_contentSize":{"__type__":"cc.Size","width":90,"height":50.4},"_trs":{"__type__":"TypedArray","ctor":"Float64Array","array":[0,0,0,0,0,0,1,1,1,1]}},{"__type__":"cc.Node","_name":"checkmark","_parent":{"__id__":82},"_components":[{"__id__":87},{"__type__":"cc.Widget","node":{"__id__":86},"_target":{"__id__":82},"_alignFlags":8}],"_prefab":{"__type__":"cc.PrefabInfo","root":{"__id__":1},"asset":{"__uuid__":"c3+E56Yv5NC44kJiGvManU"},"fileId":"8775vRrydFXbhQ3CiJD3Sc"},"_contentSize":{"__type__":"cc.Size","width":35,"height":35},"_trs":{"__type__":"TypedArray","ctor":"Float64Array","array":[-102.5,0,0,0,0,0,1,1,1,1]}},{"__type__":"cc.Sprite","node":{"__id__":86},"_materials":[{"__uuid__":"ecpdLyjvZBwrvm+cedCcQy"}],"_spriteFrame":{"__uuid__":"69J1LL/qpHc5SsANui8mGv"},"_sizeMode":2,"_isTrimmedMode":false},{"__type__":"cc.ToggleGroup","node":{"__id__":81}},{"__type__":"cc.Node","_name":"checkmark","_parent":{"__id__":79},"_active":false,"_components":[{"__id__":90}],"_prefab":{"__type__":"cc.PrefabInfo","root":{"__id__":1},"asset":{"__uuid__":"c3+E56Yv5NC44kJiGvManU"},"fileId":"f63ERkagRLpJiwwVtXAEpC"},"_contentSize":{"__type__":"cc.Size","width":228,"height":72},"_trs":{"__type__":"TypedArray","ctor":"Float64Array","array":[0,0,0,0,0,0,1,1,1,1]}},{"__type__":"cc.Sprite","node":{"__id__":89},"_materials":[{"__uuid__":"ecpdLyjvZBwrvm+cedCcQy"}],"_spriteFrame":{"__uuid__":"8fAz7HrtBO4Z8sqdcpnxJu"},"_sizeMode":2,"_isTrimmedMode":false},{"__type__":"cc.Node","_name":"chargeMoneyLab","_parent":{"__id__":51},"_components":[{"__type__":"cc.Label","node":{"__id__":91},"_materials":[{"__uuid__":"ecpdLyjvZBwrvm+cedCcQy"}],"_useOriginalSize":false,"_string":"充值金额","_N$string":"充值金额","_fontSize":35,"_lineHeight":35,"_N$file":{"__uuid__":"a6GFdfihpIQY/CU35PyGmw"},"_isSystemFontUsed":false,"_N$horizontalAlign":1,"_N$verticalAlign":1}],"_prefab":{"__type__":"cc.PrefabInfo","root":{"__id__":1},"asset":{"__uuid__":"c3+E56Yv5NC44kJiGvManU"},"fileId":"e448lidwRHkr3YimknVGeg"},"_contentSize":{"__type__":"cc.Size","width":140,"height":44.1},"_anchorPoint":{"__type__":"cc.Vec2","y":0.5},"_trs":{"__type__":"TypedArray","ctor":"Float64Array","array":[-544.58,-375.65000000000003,0,0,0,0,1,1,1,1]}},{"__type__":"cc.Node","_name":"chargeMoneyInput","_parent":{"__id__":51},"_children":[{"__id__":93},{"__id__":95},{"__id__":97}],"_components":[{"__id__":99}],"_prefab":{"__type__":"cc.PrefabInfo","root":{"__id__":1},"asset":{"__uuid__":"c3+E56Yv5NC44kJiGvManU"},"fileId":"2emkr5yDZF5745ZefBN3Zi"},"_contentSize":{"__type__":"cc.Size","width":1099.8,"height":67.8},"_trs":{"__type__":"TypedArray","ctor":"Float64Array","array":[-1.9,-441.6,0,0,0,0,1,1,1,1]}},{"__type__":"cc.Node","_name":"BACKGROUND_SPRITE","_parent":{"__id__":92},"_components":[{"__id__":94},{"__type__":"cc.Widget","node":{"__id__":93},"alignMode":0,"_alignFlags":45,"_originalWidth":160,"_originalHeight":40}],"_prefab":{"__type__":"cc.PrefabInfo","root":{"__id__":1},"asset":{"__uuid__":"c3+E56Yv5NC44kJiGvManU"},"fileId":"65wiiUJFBF15ylytiBcXGO"},"_contentSize":{"__type__":"cc.Size","width":1099.8,"height":67.8},"_trs":{"__type__":"TypedArray","ctor":"Float64Array","array":[0,0,0,0,0,0,1,1,1,1]}},{"__type__":"cc.Sprite","node":{"__id__":93},"_materials":[{"__uuid__":"ecpdLyjvZBwrvm+cedCcQy"}],"_spriteFrame":{"__uuid__":"b0kksSkW1G3IooN6KWoXvc"},"_type":1,"_sizeMode":0},{"__type__":"cc.Node","_name":"TEXT_LABEL","_parent":{"__id__":92},"_active":false,"_components":[{"__id__":96},{"__type__":"cc.Widget","node":{"__id__":95},"alignMode":0,"_alignFlags":45,"_left":2,"_originalWidth":158,"_originalHeight":40}],"_prefab":{"__type__":"cc.PrefabInfo","root":{"__id__":1},"asset":{"__uuid__":"c3+E56Yv5NC44kJiGvManU"},"fileId":"278uG6PExMvYQp06peXV6t"},"_contentSize":{"__type__":"cc.Size","width":158,"height":40},"_anchorPoint":{"__type__":"cc.Vec2","y":1},"_trs":{"__type__":"TypedArray","ctor":"Float64Array","array":[-78,20,0,0,0,0,1,1,1,1]}},{"__type__":"cc.Label","node":{"__id__":95},"_fontSize":20,"_lineHeight":25,"_enableWrapText":false,"_N$verticalAlign":1,"_N$overflow":1},{"__type__":"cc.Node","_name":"PLACEHOLDER_LABEL","_parent":{"__id__":92},"_components":[{"__id__":98},{"__type__":"cc.Widget","node":{"__id__":97},"alignMode":0,"_alignFlags":45,"_left":2,"_originalWidth":158,"_originalHeight":40}],"_prefab":{"__type__":"cc.PrefabInfo","root":{"__id__":1},"asset":{"__uuid__":"c3+E56Yv5NC44kJiGvManU"},"fileId":"7aTh/OKM1MW7zKoJT1di7f"},"_contentSize":{"__type__":"cc.Size","width":1097.8,"height":67.8},"_anchorPoint":{"__type__":"cc.Vec2","y":1},"_trs":{"__type__":"TypedArray","ctor":"Float64Array","array":[-547.9,33.9,0,0,0,0,1,1,1,1]}},{"__type__":"cc.Label","node":{"__id__":97},"_materials":[{"__uuid__":"ecpdLyjvZBwrvm+cedCcQy"}],"_string":"  请输入充值金额(大于100，小于5000)","_N$string":"  请输入充值金额(大于100，小于5000)","_fontSize":20,"_lineHeight":25,"_enableWrapText":false,"_N$file":{"__uuid__":"a6GFdfihpIQY/CU35PyGmw"},"_isSystemFontUsed":false,"_N$verticalAlign":1,"_N$overflow":1},{"__type__":"cc.EditBox","node":{"__id__":92},"_useOriginalSize":false,"maxLength":8,"_N$textLabel":{"__id__":96},"_N$placeholderLabel":{"__id__":98},"_N$background":{"__id__":94},"_N$inputMode":6},{"__type__":"cc.Node","_name":"chargeBtn","_parent":{"__id__":51},"_children":[{"__id__":101}],"_components":[{"__type__":"cc.Sprite","node":{"__id__":100},"_materials":[{"__uuid__":"ecpdLyjvZBwrvm+cedCcQy"}],"_spriteFrame":{"__uuid__":"b6krxEkg9D+aEWn1HdeMhu"},"_type":1,"_sizeMode":0},{"__type__":"cc.Button","node":{"__id__":100},"clickEvents":[{"__type__":"cc.ClickEvent","target":{"__id__":1},"_componentId":"76d55JjsllCaaaO3g7AVpeK","handler":"paybtn"}]}],"_prefab":{"__type__":"cc.PrefabInfo","root":{"__id__":1},"asset":{"__uuid__":"c3+E56Yv5NC44kJiGvManU"},"fileId":"1ckvBGRYNLmqw8ZWFVfWG4"},"_contentSize":{"__type__":"cc.Size","width":1100.4,"height":76.1},"_trs":{"__type__":"TypedArray","ctor":"Float64Array","array":[-1.6,-523.55,0,0,0,0,1,1,1,1]}},{"__type__":"cc.Node","_name":"label","_parent":{"__id__":100},"_components":[{"__type__":"cc.Label","node":{"__id__":101},"_materials":[{"__uuid__":"ecpdLyjvZBwrvm+cedCcQy"}],"_useOriginalSize":false,"_string":"确认充值","_N$string":"确认充值","_fontSize":35,"_N$file":{"__uuid__":"a6GFdfihpIQY/CU35PyGmw"},"_isSystemFontUsed":false,"_N$horizontalAlign":1,"_N$verticalAlign":1}],"_prefab":{"__type__":"cc.PrefabInfo","root":{"__id__":1},"asset":{"__uuid__":"c3+E56Yv5NC44kJiGvManU"},"fileId":"ediZrx/6pM/a6xz4NZe91l"},"_color":{"__type__":"cc.Color","r":16,"g":19,"b":38},"_contentSize":{"__type__":"cc.Size","width":140,"height":50.4},"_trs":{"__type__":"TypedArray","ctor":"Float64Array","array":[-0.433,0,0,0,0,0,1,1,1,1]}},{"__type__":"cc.Node","_name":"WebView","_parent":{"__id__":1},"_active":false,"_components":[{"__id__":103},{"__type__":"cc.Widget","node":{"__id__":102},"_alignFlags":5,"_originalHeight":200}],"_prefab":{"__type__":"cc.PrefabInfo","root":{"__id__":1},"asset":{"__uuid__":"c3+E56Yv5NC44kJiGvManU"},"fileId":"a5mnUREsBD56ZfoqWCvhf4"},"_contentSize":{"__type__":"cc.Size","width":500,"height":640},"_trs":{"__type__":"TypedArray","ctor":"Float64Array","array":[0,0,0,0,0,0,1,1,1,1]}},{"__type__":"cc.WebView","node":{"__id__":102},"_useOriginalSize":false}],{"__type__":"cc.SpriteFrame","content":{"name":"pay_2","texture":"01X3RrlGdDCbXp3HdhdhMf","rect":[0,0,61,54],"offset":[0,0],"originalSize":[61,54],"capInsets":[26,20,26,24]}},{"__type__":"cc.SpriteFrame","content":{"name":"game_back_2","texture":"3dn4uZuXJLSqUYywI1ZTZy","rect":[861,71,147,70],"offset":[0,0],"originalSize":[147,70],"capInsets":[0,0,0,0]}}]