[{"__type__":"cc.SpriteFrame","content":{"name":"LockUI_07","texture":"41An2QMaVBU6YBLmZlsLRa","rect":[109,2,105,105],"offset":[0,0],"originalSize":[105,105],"capInsets":[0,0,0,0]}},{"__type__":"cc.SpriteFrame","content":{"name":"LockUI_01","texture":"41An2QMaVBU6YBLmZlsLRa","rect":[109,323,105,105],"offset":[0,0],"originalSize":[105,105],"capInsets":[0,0,0,0]}},{"__type__":"cc.SpriteFrame","content":{"name":"LockUI_08","texture":"41An2QMaVBU6YBLmZlsLRa","rect":[2,2,105,105],"offset":[0,0],"originalSize":[105,105],"capInsets":[0,0,0,0]}},{"__type__":"cc.SpriteFrame","content":{"name":"LockUI_02","texture":"41An2QMaVBU6YBLmZlsLRa","rect":[2,323,105,105],"offset":[0,0],"originalSize":[105,105],"capInsets":[0,0,0,0]}},{"__type__":"cc.SpriteFrame","content":{"name":"LockUI_05","texture":"41An2QMaVBU6YBLmZlsLRa","rect":[109,109,105,105],"offset":[0,0],"originalSize":[105,105],"capInsets":[0,0,0,0]}},{"__type__":"cc.SpriteFrame","content":{"name":"LockUI_03","texture":"41An2QMaVBU6YBLmZlsLRa","rect":[109,216,105,105],"offset":[0,0],"originalSize":[105,105],"capInsets":[0,0,0,0]}},{"__type__":"cc.SpriteAtlas","_name":"UILock.plist","_spriteFrames":{"LockUI_01":{"__uuid__":"33/+mvQiZDm6KH8i9/qqvr"},"LockUI_02":{"__uuid__":"9fnBpTaphIzr181Qjpz9kw"},"LockUI_03":{"__uuid__":"adYzzLt+VBgaGhMgqoG0kR"},"LockUI_04":{"__uuid__":"c27BaBG8lMFZyd7NmNhOUb"},"LockUI_05":{"__uuid__":"a3jrRGwl5LMIpFcUan3t6+"},"LockUI_06":{"__uuid__":"e24aQ1lvJGV6ZKH8lzhx6k"},"LockUI_07":{"__uuid__":"2czEq3wmFHDbWowsHtnk81"},"LockUI_08":{"__uuid__":"3dxQW6lrBHwqxGm1U+Clpp"}}},{"__type__":"cc.SpriteFrame","content":{"name":"LockUI_04","texture":"41An2QMaVBU6YBLmZlsLRa","rect":[2,216,105,105],"offset":[0,0],"originalSize":[105,105],"capInsets":[0,0,0,0]}},{"__type__":"cc.SpriteFrame","content":{"name":"LockUI_06","texture":"41An2QMaVBU6YBLmZlsLRa","rect":[2,109,105,105],"offset":[0,0],"originalSize":[105,105],"capInsets":[0,0,0,0]}}]