[{"__type__":"cc.SpriteFrame","content":{"name":"last_page_2","texture":"cfCpKgTV5PO4J+8KRBAv+M","rect":[142,884,126,49],"offset":[0,0],"originalSize":[126,49],"rotated":1,"capInsets":[0,0,0,0]}},{"__type__":"cc.SpriteFrame","content":{"name":"normal_tip_bg","texture":"cfCpKgTV5PO4J+8KRBAv+M","rect":[2,2,78,527],"offset":[0,0],"originalSize":[78,527],"capInsets":[26,0,24,0]}},{"__type__":"cc.SpriteFrame","content":{"name":"close_btn","texture":"cfCpKgTV5PO4J+8KRBAv+M","rect":[578,812,81,78],"offset":[0,0],"originalSize":[81,78],"rotated":1,"capInsets":[0,0,0,0]}},[{"__type__":"cc.Prefab","_name":"WithdrawRecordView","data":{"__id__":1}},{"__type__":"cc.Node","_name":"WithdrawRecordView","_children":[{"__id__":2},{"__id__":3},{"__id__":4},{"__id__":5},{"__id__":15},{"__id__":159}],"_components":[{"__type__":"0bcf1Y50s5OOpKwy6rL1MyQ","node":{"__id__":1},"dateLayout":{"__id__":16},"recordLayout":{"__id__":58}}],"_prefab":{"__type__":"cc.PrefabInfo","root":{"__id__":1},"asset":{"__uuid__":"85tJzlgjJHXJk91J5gETw0"},"fileId":"80EeTYalFDT6uG/TQ779kB"},"_contentSize":{"__type__":"cc.Size","width":1136,"height":640},"_trs":{"__type__":"TypedArray","ctor":"Float64Array","array":[0,0,0,0,0,0,1,1,1,1]}},{"__type__":"cc.Node","_name":"bg","_parent":{"__id__":1},"_components":[{"__type__":"cc.Sprite","node":{"__id__":2},"_materials":[{"__uuid__":"ecpdLyjvZBwrvm+cedCcQy"}],"_spriteFrame":{"__uuid__":"24yWtuBDVKdYg4jjClu6j7"},"_type":1,"_sizeMode":0},{"__type__":"cc.Button","node":{"__id__":2}}],"_prefab":{"__type__":"cc.PrefabInfo","root":{"__id__":1},"asset":{"__uuid__":"85tJzlgjJHXJk91J5gETw0"},"fileId":"ac81G7KQVMnLsqxnxQIsUG"},"_contentSize":{"__type__":"cc.Size","width":991,"height":526},"_trs":{"__type__":"TypedArray","ctor":"Float64Array","array":[12,4,0,0,0,0,1,1,1,1]}},{"__type__":"cc.Node","_name":"exitBtn","_parent":{"__id__":1},"_components":[{"__type__":"cc.Sprite","node":{"__id__":3},"_materials":[{"__uuid__":"ecpdLyjvZBwrvm+cedCcQy"}],"_spriteFrame":{"__uuid__":"30Hcj40p5IxKuqJSTx5a7F"}},{"__type__":"cc.Button","node":{"__id__":3},"clickEvents":[{"__type__":"cc.ClickEvent","target":{"__id__":1},"_componentId":"0bcf1Y50s5OOpKwy6rL1MyQ","handler":"closePanel"}],"_N$transition":3,"transition":3}],"_prefab":{"__type__":"cc.PrefabInfo","root":{"__id__":1},"asset":{"__uuid__":"85tJzlgjJHXJk91J5gETw0"},"fileId":"0e4Dc3TNNFFbS0F2az54bQ"},"_contentSize":{"__type__":"cc.Size","width":81,"height":78},"_trs":{"__type__":"TypedArray","ctor":"Float64Array","array":[504.596,225.393,0,0,0,0,1,1,1,1]}},{"__type__":"cc.Node","_name":"title","_parent":{"__id__":1},"_components":[{"__type__":"cc.Sprite","node":{"__id__":4},"_materials":[{"__uuid__":"ecpdLyjvZBwrvm+cedCcQy"}],"_spriteFrame":{"__uuid__":"94xJD5q8ZKDrUCtZ5+hio7"}}],"_prefab":{"__type__":"cc.PrefabInfo","root":{"__id__":1},"asset":{"__uuid__":"85tJzlgjJHXJk91J5gETw0"},"fileId":"6d4aOn01VAPK6E2l2o63zG"},"_contentSize":{"__type__":"cc.Size","width":351,"height":75},"_trs":{"__type__":"TypedArray","ctor":"Float64Array","array":[0,228.69,0,0,0,0,1,1,1,1]}},{"__type__":"cc.Node","_name":"titleLabNode","_parent":{"__id__":1},"_children":[{"__id__":6},{"__id__":7},{"__id__":8},{"__id__":9},{"__id__":10},{"__id__":11},{"__id__":12},{"__id__":13},{"__id__":14}],"_components":[{"__type__":"cc.Layout","node":{"__id__":5},"_layoutSize":{"__type__":"cc.Size","width":899.98,"height":30},"_resize":1,"_N$layoutType":1,"_N$paddingLeft":60,"_N$spacingX":80}],"_prefab":{"__type__":"cc.PrefabInfo","root":{"__id__":1},"asset":{"__uuid__":"85tJzlgjJHXJk91J5gETw0"},"fileId":"45X/T3tcFDS7YH9U/NiM3y"},"_contentSize":{"__type__":"cc.Size","width":899.98,"height":30},"_trs":{"__type__":"TypedArray","ctor":"Float64Array","array":[0,151.523,0,0,0,0,1,1,1,1]}},{"__type__":"cc.Node","_name":"label_1","_parent":{"__id__":5},"_components":[{"__type__":"cc.Label","node":{"__id__":6},"_materials":[{"__uuid__":"ecpdLyjvZBwrvm+cedCcQy"}],"_useOriginalSize":false,"_string":"日 期","_N$string":"日 期","_fontSize":14,"_lineHeight":20,"_N$file":{"__uuid__":"6cdYiskGtJJYGqTveEBiCW"},"_isSystemFontUsed":false,"_N$horizontalAlign":1,"_N$verticalAlign":1}],"_prefab":{"__type__":"cc.PrefabInfo","root":{"__id__":1},"asset":{"__uuid__":"85tJzlgjJHXJk91J5gETw0"},"fileId":"faEqtTH+NPfaTMnTbvgnQK"},"_contentSize":{"__type__":"cc.Size","width":32.66,"height":25.2},"_trs":{"__type__":"TypedArray","ctor":"Float64Array","array":[-373.66,9.889,0,0,0,0,1,1,1,1]}},{"__type__":"cc.Node","_name":"label_2","_parent":{"__id__":5},"_components":[{"__type__":"cc.Label","node":{"__id__":7},"_materials":[{"__uuid__":"ecpdLyjvZBwrvm+cedCcQy"}],"_useOriginalSize":false,"_string":"行 号","_N$string":"行 号","_fontSize":14,"_lineHeight":20,"_N$file":{"__uuid__":"6cdYiskGtJJYGqTveEBiCW"},"_isSystemFontUsed":false,"_N$horizontalAlign":1,"_N$verticalAlign":1}],"_prefab":{"__type__":"cc.PrefabInfo","root":{"__id__":1},"asset":{"__uuid__":"85tJzlgjJHXJk91J5gETw0"},"fileId":"72xLm6xP9LO52mhYOTy9ZB"},"_contentSize":{"__type__":"cc.Size","width":32.66,"height":25.2},"_trs":{"__type__":"TypedArray","ctor":"Float64Array","array":[-261.00000000000006,9.889,0,0,0,0,1,1,1,1]}},{"__type__":"cc.Node","_name":"label_4","_parent":{"__id__":5},"_components":[{"__type__":"cc.Label","node":{"__id__":8},"_materials":[{"__uuid__":"ecpdLyjvZBwrvm+cedCcQy"}],"_useOriginalSize":false,"_string":"时 间","_N$string":"时 间","_fontSize":14,"_lineHeight":20,"_N$file":{"__uuid__":"6cdYiskGtJJYGqTveEBiCW"},"_isSystemFontUsed":false,"_N$horizontalAlign":1,"_N$verticalAlign":1}],"_prefab":{"__type__":"cc.PrefabInfo","root":{"__id__":1},"asset":{"__uuid__":"85tJzlgjJHXJk91J5gETw0"},"fileId":"984QHbazxOI5I2Wy0XO1kb"},"_contentSize":{"__type__":"cc.Size","width":32.66,"height":25.2},"_trs":{"__type__":"TypedArray","ctor":"Float64Array","array":[-148.3400000000001,9.889,0,0,0,0,1,1,1,1]}},{"__type__":"cc.Node","_name":"label_5","_parent":{"__id__":5},"_components":[{"__type__":"cc.Label","node":{"__id__":9},"_materials":[{"__uuid__":"ecpdLyjvZBwrvm+cedCcQy"}],"_useOriginalSize":false,"_string":"提现金额","_N$string":"提现金额","_fontSize":14,"_lineHeight":20,"_N$file":{"__uuid__":"6cdYiskGtJJYGqTveEBiCW"},"_isSystemFontUsed":false,"_N$horizontalAlign":1,"_N$verticalAlign":1}],"_prefab":{"__type__":"cc.PrefabInfo","root":{"__id__":1},"asset":{"__uuid__":"85tJzlgjJHXJk91J5gETw0"},"fileId":"db0wOM/f5KdbDKYoylJYF1"},"_contentSize":{"__type__":"cc.Size","width":56,"height":25.2},"_trs":{"__type__":"TypedArray","ctor":"Float64Array","array":[-24.010000000000105,9.889,0,0,0,0,1,1,1,1]}},{"__type__":"cc.Node","_name":"label_6","_parent":{"__id__":5},"_components":[{"__type__":"cc.Label","node":{"__id__":10},"_materials":[{"__uuid__":"ecpdLyjvZBwrvm+cedCcQy"}],"_useOriginalSize":false,"_string":"户名","_N$string":"户名","_fontSize":14,"_lineHeight":20,"_N$file":{"__uuid__":"6cdYiskGtJJYGqTveEBiCW"},"_isSystemFontUsed":false,"_N$horizontalAlign":1,"_N$verticalAlign":1}],"_prefab":{"__type__":"cc.PrefabInfo","root":{"__id__":1},"asset":{"__uuid__":"85tJzlgjJHXJk91J5gETw0"},"fileId":"85pFnUC4ZKapP5DbDVqokW"},"_contentSize":{"__type__":"cc.Size","width":28,"height":25.2},"_trs":{"__type__":"TypedArray","ctor":"Float64Array","array":[97.9899999999999,9.889,0,0,0,0,1,1,1,1]}},{"__type__":"cc.Node","_name":"label_6 copy","_parent":{"__id__":5},"_active":false,"_components":[{"__type__":"cc.Label","node":{"__id__":11},"_materials":[{"__uuid__":"ecpdLyjvZBwrvm+cedCcQy"}],"_useOriginalSize":false,"_string":"交易金币","_N$string":"交易金币","_fontSize":14,"_lineHeight":20,"_N$file":{"__uuid__":"6cdYiskGtJJYGqTveEBiCW"},"_isSystemFontUsed":false,"_N$horizontalAlign":1,"_N$verticalAlign":1}],"_prefab":{"__type__":"cc.PrefabInfo","root":{"__id__":1},"asset":{"__uuid__":"85tJzlgjJHXJk91J5gETw0"},"fileId":"c2ZAPuw6BPh6x4l1wR0Ayl"},"_contentSize":{"__type__":"cc.Size","width":56,"height":25.2},"_trs":{"__type__":"TypedArray","ctor":"Float64Array","array":[26.412,9.889,0,0,0,0,1,1,1,1]}},{"__type__":"cc.Node","_name":"label_7","_parent":{"__id__":5},"_components":[{"__type__":"cc.Label","node":{"__id__":12},"_materials":[{"__uuid__":"ecpdLyjvZBwrvm+cedCcQy"}],"_useOriginalSize":false,"_string":"卡号","_N$string":"卡号","_fontSize":14,"_lineHeight":20,"_N$file":{"__uuid__":"6cdYiskGtJJYGqTveEBiCW"},"_isSystemFontUsed":false,"_N$horizontalAlign":1,"_N$verticalAlign":1}],"_prefab":{"__type__":"cc.PrefabInfo","root":{"__id__":1},"asset":{"__uuid__":"85tJzlgjJHXJk91J5gETw0"},"fileId":"902vu1VnxMU7HUsSRmAOv7"},"_contentSize":{"__type__":"cc.Size","width":28,"height":25.2},"_trs":{"__type__":"TypedArray","ctor":"Float64Array","array":[205.9899999999999,9.889,0,0,0,0,1,1,1,1]}},{"__type__":"cc.Node","_name":"label_8","_parent":{"__id__":5},"_components":[{"__type__":"cc.Label","node":{"__id__":13},"_materials":[{"__uuid__":"ecpdLyjvZBwrvm+cedCcQy"}],"_useOriginalSize":false,"_string":"开户行","_N$string":"开户行","_fontSize":14,"_lineHeight":20,"_N$file":{"__uuid__":"6cdYiskGtJJYGqTveEBiCW"},"_isSystemFontUsed":false,"_N$horizontalAlign":1,"_N$verticalAlign":1}],"_prefab":{"__type__":"cc.PrefabInfo","root":{"__id__":1},"asset":{"__uuid__":"85tJzlgjJHXJk91J5gETw0"},"fileId":"a3sckHKydJH6AufGd8em3c"},"_contentSize":{"__type__":"cc.Size","width":42,"height":25.2},"_trs":{"__type__":"TypedArray","ctor":"Float64Array","array":[320.9899999999999,9.889,0,0,0,0,1,1,1,1]}},{"__type__":"cc.Node","_name":"label_8 copy","_parent":{"__id__":5},"_components":[{"__type__":"cc.Label","node":{"__id__":14},"_materials":[{"__uuid__":"ecpdLyjvZBwrvm+cedCcQy"}],"_useOriginalSize":false,"_string":"状态","_N$string":"状态","_fontSize":14,"_lineHeight":20,"_N$file":{"__uuid__":"6cdYiskGtJJYGqTveEBiCW"},"_isSystemFontUsed":false,"_N$horizontalAlign":1,"_N$verticalAlign":1}],"_prefab":{"__type__":"cc.PrefabInfo","root":{"__id__":1},"asset":{"__uuid__":"85tJzlgjJHXJk91J5gETw0"},"fileId":"308qIep8BC1ZpSeM+sZ+Us"},"_contentSize":{"__type__":"cc.Size","width":28,"height":25.2},"_trs":{"__type__":"TypedArray","ctor":"Float64Array","array":[435.9899999999999,9.889,0,0,0,0,1,1,1,1]}},{"__type__":"cc.Node","_name":"mask","_parent":{"__id__":1},"_children":[{"__id__":16},{"__id__":58}],"_components":[{"__type__":"cc.Mask","node":{"__id__":15},"_materials":[{"__uuid__":"ecpdLyjvZBwrvm+cedCcQy"}],"_N$alphaThreshold":0}],"_prefab":{"__type__":"cc.PrefabInfo","root":{"__id__":1},"asset":{"__uuid__":"85tJzlgjJHXJk91J5gETw0"},"fileId":"01XC1jdkJLRpjAMnlGK+Xd"},"_contentSize":{"__type__":"cc.Size","width":966,"height":292},"_trs":{"__type__":"TypedArray","ctor":"Float64Array","array":[12,-2,0,0,0,0,1,1,1,1]}},{"__type__":"cc.Node","_name":"dateLayout","_parent":{"__id__":15},"_children":[{"__id__":17},{"__id__":26},{"__id__":34},{"__id__":42},{"__id__":50}],"_components":[{"__type__":"cc.Layout","node":{"__id__":16},"_layoutSize":{"__type__":"cc.Size","width":146.5,"height":288},"_resize":1,"_N$layoutType":2,"_N$spacingY":2},{"__id__":25}],"_prefab":{"__type__":"cc.PrefabInfo","root":{"__id__":1},"asset":{"__uuid__":"85tJzlgjJHXJk91J5gETw0"},"fileId":"6a3MYbeDxPnZG0Rs4ddPih"},"_contentSize":{"__type__":"cc.Size","width":146.5,"height":288},"_anchorPoint":{"__type__":"cc.Vec2","x":0.5,"y":1},"_trs":{"__type__":"TypedArray","ctor":"Float64Array","array":[-398.7,145,0,0,0,0,1,1,1,1]}},{"__type__":"cc.Node","_name":"dateItem","_parent":{"__id__":16},"_children":[{"__id__":18},{"__id__":19},{"__id__":21}],"_components":[{"__type__":"d4e0bY8IpBA+Y0szjL+VLUN","node":{"__id__":17},"bgDateLab":{"__id__":20},"checkMarkDateLab":{"__id__":23}},{"__type__":"cc.Toggle","node":{"__id__":17},"_N$transition":3,"transition":3,"toggleGroup":{"__id__":25},"checkMark":{"__id__":24},"checkEvents":[{"__type__":"cc.ClickEvent","target":{"__id__":1},"_componentId":"0bcf1Y50s5OOpKwy6rL1MyQ","handler":"onClickDateTog"}]}],"_prefab":{"__type__":"cc.PrefabInfo","root":{"__id__":1},"asset":{"__uuid__":"85tJzlgjJHXJk91J5gETw0"},"fileId":"f3AoekDw5LV59UsYBIe9A+"},"_contentSize":{"__type__":"cc.Size","width":150.7,"height":56},"_trs":{"__type__":"TypedArray","ctor":"Float64Array","array":[0,-28,0,0,0,0,1,1,1,1]}},{"__type__":"cc.Node","_name":"sp","_parent":{"__id__":17},"_components":[{"__type__":"cc.Sprite","node":{"__id__":18},"_materials":[{"__uuid__":"ecpdLyjvZBwrvm+cedCcQy"}],"_spriteFrame":{"__uuid__":"f9BjRs4/NFz4J8t/aKywAJ"},"_type":1,"_sizeMode":0}],"_prefab":{"__type__":"cc.PrefabInfo","root":{"__id__":1},"asset":{"__uuid__":"85tJzlgjJHXJk91J5gETw0"},"fileId":"8dAXHhA+hMnIngZRNhQ9i/"},"_opacity":214,"_contentSize":{"__type__":"cc.Size","width":150.7,"height":56},"_trs":{"__type__":"TypedArray","ctor":"Float64Array","array":[0,0,0,0,0,0,1,1,1,1]}},{"__type__":"cc.Node","_name":"bg","_parent":{"__id__":17},"_components":[{"__id__":20}],"_prefab":{"__type__":"cc.PrefabInfo","root":{"__id__":1},"asset":{"__uuid__":"85tJzlgjJHXJk91J5gETw0"},"fileId":"fbwaVkEDZDKJw+4gJurSVr"},"_contentSize":{"__type__":"cc.Size","width":88.91,"height":25.2},"_trs":{"__type__":"TypedArray","ctor":"Float64Array","array":[0,0,0,0,0,0,1,1,1,1]}},{"__type__":"cc.Label","node":{"__id__":19},"_materials":[{"__uuid__":"ecpdLyjvZBwrvm+cedCcQy"}],"_useOriginalSize":false,"_string":"2020-04-07","_N$string":"2020-04-07","_fontSize":16,"_lineHeight":20,"_N$file":{"__uuid__":"6cdYiskGtJJYGqTveEBiCW"},"_isSystemFontUsed":false,"_N$horizontalAlign":1,"_N$verticalAlign":1},{"__type__":"cc.Node","_name":"checkmarkNode","_parent":{"__id__":17},"_children":[{"__id__":22}],"_components":[{"__id__":24}],"_prefab":{"__type__":"cc.PrefabInfo","root":{"__id__":1},"asset":{"__uuid__":"85tJzlgjJHXJk91J5gETw0"},"fileId":"31VProVidDaLVcSRNTHeiH"},"_opacity":214,"_contentSize":{"__type__":"cc.Size","width":150.7,"height":56},"_trs":{"__type__":"TypedArray","ctor":"Float64Array","array":[0,0,0,0,0,0,1,1,1,1]}},{"__type__":"cc.Node","_name":"checkmark","_parent":{"__id__":21},"_components":[{"__id__":23}],"_prefab":{"__type__":"cc.PrefabInfo","root":{"__id__":1},"asset":{"__uuid__":"85tJzlgjJHXJk91J5gETw0"},"fileId":"31nG0sBcVGc76KKA3l2yfa"},"_color":{"__type__":"cc.Color","r":255,"g":239},"_contentSize":{"__type__":"cc.Size","width":88.91,"height":25.2},"_trs":{"__type__":"TypedArray","ctor":"Float64Array","array":[0,0,0,0,0,0,1,1,1,1]}},{"__type__":"cc.Label","node":{"__id__":22},"_materials":[{"__uuid__":"ecpdLyjvZBwrvm+cedCcQy"}],"_useOriginalSize":false,"_string":"2020-04-07","_N$string":"2020-04-07","_fontSize":16,"_lineHeight":20,"_N$file":{"__uuid__":"6cdYiskGtJJYGqTveEBiCW"},"_isSystemFontUsed":false,"_N$horizontalAlign":1,"_N$verticalAlign":1},{"__type__":"cc.Sprite","node":{"__id__":21},"_materials":[{"__uuid__":"ecpdLyjvZBwrvm+cedCcQy"}],"_type":1,"_sizeMode":0},{"__type__":"cc.ToggleGroup","node":{"__id__":16}},{"__type__":"cc.Node","_name":"dateItem copy","_parent":{"__id__":16},"_children":[{"__id__":27},{"__id__":28},{"__id__":30}],"_components":[{"__type__":"d4e0bY8IpBA+Y0szjL+VLUN","node":{"__id__":26},"bgDateLab":{"__id__":29},"checkMarkDateLab":{"__id__":32}},{"__type__":"cc.Toggle","node":{"__id__":26},"_N$transition":3,"transition":3,"_N$isChecked":false,"toggleGroup":{"__id__":25},"checkMark":{"__id__":33},"checkEvents":[{"__type__":"cc.ClickEvent","target":{"__id__":1},"_componentId":"0bcf1Y50s5OOpKwy6rL1MyQ","handler":"onClickDateTog"}]}],"_prefab":{"__type__":"cc.PrefabInfo","root":{"__id__":1},"asset":{"__uuid__":"85tJzlgjJHXJk91J5gETw0"},"fileId":"c6FGWg44FJV6XyvYHGxlfz"},"_contentSize":{"__type__":"cc.Size","width":150.7,"height":56},"_trs":{"__type__":"TypedArray","ctor":"Float64Array","array":[0,-86,0,0,0,0,1,1,1,1]}},{"__type__":"cc.Node","_name":"sp","_parent":{"__id__":26},"_components":[{"__type__":"cc.Sprite","node":{"__id__":27},"_materials":[{"__uuid__":"ecpdLyjvZBwrvm+cedCcQy"}],"_spriteFrame":{"__uuid__":"f9BjRs4/NFz4J8t/aKywAJ"},"_type":1,"_sizeMode":0}],"_prefab":{"__type__":"cc.PrefabInfo","root":{"__id__":1},"asset":{"__uuid__":"85tJzlgjJHXJk91J5gETw0"},"fileId":"c8380pIdtMhbWBJHnSExIw"},"_opacity":214,"_contentSize":{"__type__":"cc.Size","width":150.7,"height":56},"_trs":{"__type__":"TypedArray","ctor":"Float64Array","array":[0,0,0,0,0,0,1,1,1,1]}},{"__type__":"cc.Node","_name":"bg","_parent":{"__id__":26},"_components":[{"__id__":29}],"_prefab":{"__type__":"cc.PrefabInfo","root":{"__id__":1},"asset":{"__uuid__":"85tJzlgjJHXJk91J5gETw0"},"fileId":"23dM4nuDpClLTkVl5e6Spn"},"_contentSize":{"__type__":"cc.Size","width":88.91,"height":25.2},"_trs":{"__type__":"TypedArray","ctor":"Float64Array","array":[0,0,0,0,0,0,1,1,1,1]}},{"__type__":"cc.Label","node":{"__id__":28},"_materials":[{"__uuid__":"ecpdLyjvZBwrvm+cedCcQy"}],"_useOriginalSize":false,"_string":"2020-04-07","_N$string":"2020-04-07","_fontSize":16,"_lineHeight":20,"_N$file":{"__uuid__":"6cdYiskGtJJYGqTveEBiCW"},"_isSystemFontUsed":false,"_N$horizontalAlign":1,"_N$verticalAlign":1},{"__type__":"cc.Node","_name":"checkmarkNode","_parent":{"__id__":26},"_children":[{"__id__":31}],"_active":false,"_components":[{"__id__":33}],"_prefab":{"__type__":"cc.PrefabInfo","root":{"__id__":1},"asset":{"__uuid__":"85tJzlgjJHXJk91J5gETw0"},"fileId":"04fjcWaANESptAFgqpK+Bg"},"_opacity":214,"_contentSize":{"__type__":"cc.Size","width":150.7,"height":56},"_trs":{"__type__":"TypedArray","ctor":"Float64Array","array":[0,0,0,0,0,0,1,1,1,1]}},{"__type__":"cc.Node","_name":"checkmark","_parent":{"__id__":30},"_components":[{"__id__":32}],"_prefab":{"__type__":"cc.PrefabInfo","root":{"__id__":1},"asset":{"__uuid__":"85tJzlgjJHXJk91J5gETw0"},"fileId":"73QuacwpFDir55lgzADmtB"},"_color":{"__type__":"cc.Color","r":255,"g":239},"_contentSize":{"__type__":"cc.Size","width":88.91,"height":25.2},"_trs":{"__type__":"TypedArray","ctor":"Float64Array","array":[0,0,0,0,0,0,1,1,1,1]}},{"__type__":"cc.Label","node":{"__id__":31},"_materials":[{"__uuid__":"ecpdLyjvZBwrvm+cedCcQy"}],"_useOriginalSize":false,"_string":"2020-04-07","_N$string":"2020-04-07","_fontSize":16,"_lineHeight":20,"_N$file":{"__uuid__":"6cdYiskGtJJYGqTveEBiCW"},"_isSystemFontUsed":false,"_N$horizontalAlign":1,"_N$verticalAlign":1},{"__type__":"cc.Sprite","node":{"__id__":30},"_materials":[{"__uuid__":"ecpdLyjvZBwrvm+cedCcQy"}],"_type":1,"_sizeMode":0},{"__type__":"cc.Node","_name":"dateItem copy","_parent":{"__id__":16},"_children":[{"__id__":35},{"__id__":36},{"__id__":38}],"_components":[{"__type__":"d4e0bY8IpBA+Y0szjL+VLUN","node":{"__id__":34},"bgDateLab":{"__id__":37},"checkMarkDateLab":{"__id__":40}},{"__type__":"cc.Toggle","node":{"__id__":34},"_N$transition":3,"transition":3,"_N$isChecked":false,"toggleGroup":{"__id__":25},"checkMark":{"__id__":41},"checkEvents":[{"__type__":"cc.ClickEvent","target":{"__id__":1},"_componentId":"0bcf1Y50s5OOpKwy6rL1MyQ","handler":"onClickDateTog"}]}],"_prefab":{"__type__":"cc.PrefabInfo","root":{"__id__":1},"asset":{"__uuid__":"85tJzlgjJHXJk91J5gETw0"},"fileId":"90UtFQYPJH05eT05SINqwj"},"_contentSize":{"__type__":"cc.Size","width":150.7,"height":56},"_trs":{"__type__":"TypedArray","ctor":"Float64Array","array":[0,-144,0,0,0,0,1,1,1,1]}},{"__type__":"cc.Node","_name":"sp","_parent":{"__id__":34},"_components":[{"__type__":"cc.Sprite","node":{"__id__":35},"_materials":[{"__uuid__":"ecpdLyjvZBwrvm+cedCcQy"}],"_spriteFrame":{"__uuid__":"f9BjRs4/NFz4J8t/aKywAJ"},"_type":1,"_sizeMode":0}],"_prefab":{"__type__":"cc.PrefabInfo","root":{"__id__":1},"asset":{"__uuid__":"85tJzlgjJHXJk91J5gETw0"},"fileId":"baNEyDCupHGIR+EKETeMDL"},"_opacity":214,"_contentSize":{"__type__":"cc.Size","width":150.7,"height":56},"_trs":{"__type__":"TypedArray","ctor":"Float64Array","array":[0,0,0,0,0,0,1,1,1,1]}},{"__type__":"cc.Node","_name":"bg","_parent":{"__id__":34},"_components":[{"__id__":37}],"_prefab":{"__type__":"cc.PrefabInfo","root":{"__id__":1},"asset":{"__uuid__":"85tJzlgjJHXJk91J5gETw0"},"fileId":"ba/Y8NWhVJ24EerPIj4+PY"},"_contentSize":{"__type__":"cc.Size","width":88.91,"height":25.2},"_trs":{"__type__":"TypedArray","ctor":"Float64Array","array":[0,0,0,0,0,0,1,1,1,1]}},{"__type__":"cc.Label","node":{"__id__":36},"_materials":[{"__uuid__":"ecpdLyjvZBwrvm+cedCcQy"}],"_useOriginalSize":false,"_string":"2020-04-07","_N$string":"2020-04-07","_fontSize":16,"_lineHeight":20,"_N$file":{"__uuid__":"6cdYiskGtJJYGqTveEBiCW"},"_isSystemFontUsed":false,"_N$horizontalAlign":1,"_N$verticalAlign":1},{"__type__":"cc.Node","_name":"checkmarkNode","_parent":{"__id__":34},"_children":[{"__id__":39}],"_active":false,"_components":[{"__id__":41}],"_prefab":{"__type__":"cc.PrefabInfo","root":{"__id__":1},"asset":{"__uuid__":"85tJzlgjJHXJk91J5gETw0"},"fileId":"a3ognLMqtEZqO3JAB/x5LT"},"_opacity":214,"_contentSize":{"__type__":"cc.Size","width":150.7,"height":56},"_trs":{"__type__":"TypedArray","ctor":"Float64Array","array":[0,0,0,0,0,0,1,1,1,1]}},{"__type__":"cc.Node","_name":"checkmark","_parent":{"__id__":38},"_components":[{"__id__":40}],"_prefab":{"__type__":"cc.PrefabInfo","root":{"__id__":1},"asset":{"__uuid__":"85tJzlgjJHXJk91J5gETw0"},"fileId":"98i0xgvx9I6JDkKSqdVKLW"},"_color":{"__type__":"cc.Color","r":255,"g":239},"_contentSize":{"__type__":"cc.Size","width":88.91,"height":25.2},"_trs":{"__type__":"TypedArray","ctor":"Float64Array","array":[0,0,0,0,0,0,1,1,1,1]}},{"__type__":"cc.Label","node":{"__id__":39},"_materials":[{"__uuid__":"ecpdLyjvZBwrvm+cedCcQy"}],"_useOriginalSize":false,"_string":"2020-04-07","_N$string":"2020-04-07","_fontSize":16,"_lineHeight":20,"_N$file":{"__uuid__":"6cdYiskGtJJYGqTveEBiCW"},"_isSystemFontUsed":false,"_N$horizontalAlign":1,"_N$verticalAlign":1},{"__type__":"cc.Sprite","node":{"__id__":38},"_materials":[{"__uuid__":"ecpdLyjvZBwrvm+cedCcQy"}],"_type":1,"_sizeMode":0},{"__type__":"cc.Node","_name":"dateItem copy","_parent":{"__id__":16},"_children":[{"__id__":43},{"__id__":44},{"__id__":46}],"_components":[{"__type__":"d4e0bY8IpBA+Y0szjL+VLUN","node":{"__id__":42},"bgDateLab":{"__id__":45},"checkMarkDateLab":{"__id__":48}},{"__type__":"cc.Toggle","node":{"__id__":42},"_N$transition":3,"transition":3,"_N$isChecked":false,"toggleGroup":{"__id__":25},"checkMark":{"__id__":49},"checkEvents":[{"__type__":"cc.ClickEvent","target":{"__id__":1},"_componentId":"0bcf1Y50s5OOpKwy6rL1MyQ","handler":"onClickDateTog"}]}],"_prefab":{"__type__":"cc.PrefabInfo","root":{"__id__":1},"asset":{"__uuid__":"85tJzlgjJHXJk91J5gETw0"},"fileId":"8c2G6Kk4dFDo92mW6ierOP"},"_contentSize":{"__type__":"cc.Size","width":150.7,"height":56},"_trs":{"__type__":"TypedArray","ctor":"Float64Array","array":[0,-202,0,0,0,0,1,1,1,1]}},{"__type__":"cc.Node","_name":"sp","_parent":{"__id__":42},"_components":[{"__type__":"cc.Sprite","node":{"__id__":43},"_materials":[{"__uuid__":"ecpdLyjvZBwrvm+cedCcQy"}],"_spriteFrame":{"__uuid__":"f9BjRs4/NFz4J8t/aKywAJ"},"_type":1,"_sizeMode":0}],"_prefab":{"__type__":"cc.PrefabInfo","root":{"__id__":1},"asset":{"__uuid__":"85tJzlgjJHXJk91J5gETw0"},"fileId":"c8W7M8aZdLBocF9SdRBok0"},"_opacity":214,"_contentSize":{"__type__":"cc.Size","width":150.7,"height":56},"_trs":{"__type__":"TypedArray","ctor":"Float64Array","array":[0,0,0,0,0,0,1,1,1,1]}},{"__type__":"cc.Node","_name":"bg","_parent":{"__id__":42},"_components":[{"__id__":45}],"_prefab":{"__type__":"cc.PrefabInfo","root":{"__id__":1},"asset":{"__uuid__":"85tJzlgjJHXJk91J5gETw0"},"fileId":"8f+LwZo2RKIqk1dG0jEhb1"},"_contentSize":{"__type__":"cc.Size","width":88.91,"height":25.2},"_trs":{"__type__":"TypedArray","ctor":"Float64Array","array":[0,0,0,0,0,0,1,1,1,1]}},{"__type__":"cc.Label","node":{"__id__":44},"_materials":[{"__uuid__":"ecpdLyjvZBwrvm+cedCcQy"}],"_useOriginalSize":false,"_string":"2020-04-07","_N$string":"2020-04-07","_fontSize":16,"_lineHeight":20,"_N$file":{"__uuid__":"6cdYiskGtJJYGqTveEBiCW"},"_isSystemFontUsed":false,"_N$horizontalAlign":1,"_N$verticalAlign":1},{"__type__":"cc.Node","_name":"checkmarkNode","_parent":{"__id__":42},"_children":[{"__id__":47}],"_active":false,"_components":[{"__id__":49}],"_prefab":{"__type__":"cc.PrefabInfo","root":{"__id__":1},"asset":{"__uuid__":"85tJzlgjJHXJk91J5gETw0"},"fileId":"5bBMJ2n3BO2Jg12Y16lMjE"},"_opacity":214,"_contentSize":{"__type__":"cc.Size","width":150.7,"height":56},"_trs":{"__type__":"TypedArray","ctor":"Float64Array","array":[0,0,0,0,0,0,1,1,1,1]}},{"__type__":"cc.Node","_name":"checkmark","_parent":{"__id__":46},"_components":[{"__id__":48}],"_prefab":{"__type__":"cc.PrefabInfo","root":{"__id__":1},"asset":{"__uuid__":"85tJzlgjJHXJk91J5gETw0"},"fileId":"6aggtPzRZGL5ip30UWPkdB"},"_color":{"__type__":"cc.Color","r":255,"g":239},"_contentSize":{"__type__":"cc.Size","width":88.91,"height":25.2},"_trs":{"__type__":"TypedArray","ctor":"Float64Array","array":[0,0,0,0,0,0,1,1,1,1]}},{"__type__":"cc.Label","node":{"__id__":47},"_materials":[{"__uuid__":"ecpdLyjvZBwrvm+cedCcQy"}],"_useOriginalSize":false,"_string":"2020-04-07","_N$string":"2020-04-07","_fontSize":16,"_lineHeight":20,"_N$file":{"__uuid__":"6cdYiskGtJJYGqTveEBiCW"},"_isSystemFontUsed":false,"_N$horizontalAlign":1,"_N$verticalAlign":1},{"__type__":"cc.Sprite","node":{"__id__":46},"_materials":[{"__uuid__":"ecpdLyjvZBwrvm+cedCcQy"}],"_type":1,"_sizeMode":0},{"__type__":"cc.Node","_name":"dateItem copy","_parent":{"__id__":16},"_children":[{"__id__":51},{"__id__":52},{"__id__":54}],"_components":[{"__type__":"d4e0bY8IpBA+Y0szjL+VLUN","node":{"__id__":50},"bgDateLab":{"__id__":53},"checkMarkDateLab":{"__id__":56}},{"__type__":"cc.Toggle","node":{"__id__":50},"_N$transition":3,"transition":3,"_N$isChecked":false,"toggleGroup":{"__id__":25},"checkMark":{"__id__":57},"checkEvents":[{"__type__":"cc.ClickEvent","target":{"__id__":1},"_componentId":"0bcf1Y50s5OOpKwy6rL1MyQ","handler":"onClickDateTog"}]}],"_prefab":{"__type__":"cc.PrefabInfo","root":{"__id__":1},"asset":{"__uuid__":"85tJzlgjJHXJk91J5gETw0"},"fileId":"e3Kx/nVgVJZakqK6er35lU"},"_contentSize":{"__type__":"cc.Size","width":150.7,"height":56},"_trs":{"__type__":"TypedArray","ctor":"Float64Array","array":[0,-260,0,0,0,0,1,1,1,1]}},{"__type__":"cc.Node","_name":"sp","_parent":{"__id__":50},"_components":[{"__type__":"cc.Sprite","node":{"__id__":51},"_materials":[{"__uuid__":"ecpdLyjvZBwrvm+cedCcQy"}],"_spriteFrame":{"__uuid__":"f9BjRs4/NFz4J8t/aKywAJ"},"_type":1,"_sizeMode":0}],"_prefab":{"__type__":"cc.PrefabInfo","root":{"__id__":1},"asset":{"__uuid__":"85tJzlgjJHXJk91J5gETw0"},"fileId":"0crnYqnDVOXL8lWeeJzeMp"},"_opacity":214,"_contentSize":{"__type__":"cc.Size","width":150.7,"height":56},"_trs":{"__type__":"TypedArray","ctor":"Float64Array","array":[0,0,0,0,0,0,1,1,1,1]}},{"__type__":"cc.Node","_name":"bg","_parent":{"__id__":50},"_components":[{"__id__":53}],"_prefab":{"__type__":"cc.PrefabInfo","root":{"__id__":1},"asset":{"__uuid__":"85tJzlgjJHXJk91J5gETw0"},"fileId":"5dedsPeaNHophJzLA1fiTA"},"_contentSize":{"__type__":"cc.Size","width":88.91,"height":25.2},"_trs":{"__type__":"TypedArray","ctor":"Float64Array","array":[0,0,0,0,0,0,1,1,1,1]}},{"__type__":"cc.Label","node":{"__id__":52},"_materials":[{"__uuid__":"ecpdLyjvZBwrvm+cedCcQy"}],"_useOriginalSize":false,"_string":"2020-04-07","_N$string":"2020-04-07","_fontSize":16,"_lineHeight":20,"_N$file":{"__uuid__":"6cdYiskGtJJYGqTveEBiCW"},"_isSystemFontUsed":false,"_N$horizontalAlign":1,"_N$verticalAlign":1},{"__type__":"cc.Node","_name":"checkmarkNode","_parent":{"__id__":50},"_children":[{"__id__":55}],"_active":false,"_components":[{"__id__":57}],"_prefab":{"__type__":"cc.PrefabInfo","root":{"__id__":1},"asset":{"__uuid__":"85tJzlgjJHXJk91J5gETw0"},"fileId":"60LSF1ss1EHrw8BZGsBu3U"},"_opacity":214,"_contentSize":{"__type__":"cc.Size","width":150.7,"height":56},"_trs":{"__type__":"TypedArray","ctor":"Float64Array","array":[0,0,0,0,0,0,1,1,1,1]}},{"__type__":"cc.Node","_name":"checkmark","_parent":{"__id__":54},"_components":[{"__id__":56}],"_prefab":{"__type__":"cc.PrefabInfo","root":{"__id__":1},"asset":{"__uuid__":"85tJzlgjJHXJk91J5gETw0"},"fileId":"64Cf/8o0lD96UuBX2g74xS"},"_color":{"__type__":"cc.Color","r":255,"g":239},"_contentSize":{"__type__":"cc.Size","width":88.91,"height":25.2},"_trs":{"__type__":"TypedArray","ctor":"Float64Array","array":[0,0,0,0,0,0,1,1,1,1]}},{"__type__":"cc.Label","node":{"__id__":55},"_materials":[{"__uuid__":"ecpdLyjvZBwrvm+cedCcQy"}],"_useOriginalSize":false,"_string":"2020-04-07","_N$string":"2020-04-07","_fontSize":16,"_lineHeight":20,"_N$file":{"__uuid__":"6cdYiskGtJJYGqTveEBiCW"},"_isSystemFontUsed":false,"_N$horizontalAlign":1,"_N$verticalAlign":1},{"__type__":"cc.Sprite","node":{"__id__":54},"_materials":[{"__uuid__":"ecpdLyjvZBwrvm+cedCcQy"}],"_type":1,"_sizeMode":0},{"__type__":"cc.Node","_name":"itemLayout","_parent":{"__id__":15},"_children":[{"__id__":59},{"__id__":79},{"__id__":99},{"__id__":119},{"__id__":139}],"_components":[{"__type__":"cc.Layout","node":{"__id__":58},"_layoutSize":{"__type__":"cc.Size","width":803,"height":288},"_resize":1,"_N$layoutType":2,"_N$spacingY":2}],"_prefab":{"__type__":"cc.PrefabInfo","root":{"__id__":1},"asset":{"__uuid__":"85tJzlgjJHXJk91J5gETw0"},"fileId":"43E2+ZXgxC95RP7Uu8xB3h"},"_contentSize":{"__type__":"cc.Size","width":803,"height":288},"_anchorPoint":{"__type__":"cc.Vec2","x":0.5,"y":1},"_trs":{"__type__":"TypedArray","ctor":"Float64Array","array":[82,145,0,0,0,0,1,1,1,1]}},{"__type__":"cc.Node","_name":"recordItem","_parent":{"__id__":58},"_children":[{"__id__":60},{"__id__":61},{"__id__":63},{"__id__":65},{"__id__":67},{"__id__":69},{"__id__":71},{"__id__":73},{"__id__":75}],"_components":[{"__type__":"ee4a8R7rAVDrosRaPjfd1rF","node":{"__id__":59},"lineNumLab":{"__id__":62},"timeLab":{"__id__":64},"moneyLab":{"__id__":66},"tradeMoneyLab":{"__id__":68},"bankNameLab":{"__id__":70},"bankNumLab":{"__id__":72},"bankPosLab":{"__id__":74},"statusLab":{"__id__":78},"statusLab2":{"__id__":77}}],"_prefab":{"__type__":"cc.PrefabInfo","root":{"__id__":1},"asset":{"__uuid__":"85tJzlgjJHXJk91J5gETw0"},"fileId":"98Jt3zLVhICKfTn54z5B8R"},"_contentSize":{"__type__":"cc.Size","width":946,"height":56},"_trs":{"__type__":"TypedArray","ctor":"Float64Array","array":[-83,-28,0,0,0,0,1,1,1,1]}},{"__type__":"cc.Node","_name":"bg","_parent":{"__id__":59},"_components":[{"__type__":"cc.Sprite","node":{"__id__":60},"_materials":[{"__uuid__":"ecpdLyjvZBwrvm+cedCcQy"}],"_spriteFrame":{"__uuid__":"f9BjRs4/NFz4J8t/aKywAJ"},"_type":1,"_sizeMode":0}],"_prefab":{"__type__":"cc.PrefabInfo","root":{"__id__":1},"asset":{"__uuid__":"85tJzlgjJHXJk91J5gETw0"},"fileId":"88OoQ6ttVB/K3ChddBLWLH"},"_opacity":214,"_contentSize":{"__type__":"cc.Size","width":788.6,"height":56},"_trs":{"__type__":"TypedArray","ctor":"Float64Array","array":[78.7,0,0,0,0,0,1,1,1,1]}},{"__type__":"cc.Node","_name":"lineNumLab","_parent":{"__id__":59},"_components":[{"__id__":62}],"_prefab":{"__type__":"cc.PrefabInfo","root":{"__id__":1},"asset":{"__uuid__":"85tJzlgjJHXJk91J5gETw0"},"fileId":"eb2F2hwZpBTa73ZKLowbPZ"},"_contentSize":{"__type__":"cc.Size","height":25.2},"_trs":{"__type__":"TypedArray","ctor":"Float64Array","array":[-271.689,0,0,0,0,0,1,1,1,1]}},{"__type__":"cc.Label","node":{"__id__":61},"_materials":[{"__uuid__":"ecpdLyjvZBwrvm+cedCcQy"}],"_useOriginalSize":false,"_fontSize":16,"_lineHeight":20,"_N$file":{"__uuid__":"6cdYiskGtJJYGqTveEBiCW"},"_isSystemFontUsed":false,"_N$horizontalAlign":1,"_N$verticalAlign":1},{"__type__":"cc.Node","_name":"timeLab","_parent":{"__id__":59},"_components":[{"__id__":64}],"_prefab":{"__type__":"cc.PrefabInfo","root":{"__id__":1},"asset":{"__uuid__":"85tJzlgjJHXJk91J5gETw0"},"fileId":"d56ovlDA9FHaf9QvnKqeb7"},"_contentSize":{"__type__":"cc.Size","height":25.2},"_trs":{"__type__":"TypedArray","ctor":"Float64Array","array":[-159.402,0,0,0,0,0,1,1,1,1]}},{"__type__":"cc.Label","node":{"__id__":63},"_materials":[{"__uuid__":"ecpdLyjvZBwrvm+cedCcQy"}],"_useOriginalSize":false,"_fontSize":16,"_lineHeight":20,"_N$file":{"__uuid__":"6cdYiskGtJJYGqTveEBiCW"},"_isSystemFontUsed":false,"_N$horizontalAlign":1,"_N$verticalAlign":1},{"__type__":"cc.Node","_name":"scoreLab","_parent":{"__id__":59},"_components":[{"__id__":66}],"_prefab":{"__type__":"cc.PrefabInfo","root":{"__id__":1},"asset":{"__uuid__":"85tJzlgjJHXJk91J5gETw0"},"fileId":"42O1iodaNCAJWbtJa9d9YC"},"_contentSize":{"__type__":"cc.Size","height":25.2},"_trs":{"__type__":"TypedArray","ctor":"Float64Array","array":[-33.156,0,0,0,0,0,1,1,1,1]}},{"__type__":"cc.Label","node":{"__id__":65},"_materials":[{"__uuid__":"ecpdLyjvZBwrvm+cedCcQy"}],"_useOriginalSize":false,"_fontSize":16,"_lineHeight":20,"_N$file":{"__uuid__":"6cdYiskGtJJYGqTveEBiCW"},"_isSystemFontUsed":false,"_N$horizontalAlign":1,"_N$verticalAlign":1},{"__type__":"cc.Node","_name":"scoreLab copy","_parent":{"__id__":59},"_active":false,"_components":[{"__id__":68}],"_prefab":{"__type__":"cc.PrefabInfo","root":{"__id__":1},"asset":{"__uuid__":"85tJzlgjJHXJk91J5gETw0"},"fileId":"e2xpljOqpHeKmAPtosXRNG"},"_contentSize":{"__type__":"cc.Size","height":25.2},"_trs":{"__type__":"TypedArray","ctor":"Float64Array","array":[-259.30000000000007,0,0,0,0,0,1,1,1,1]}},{"__type__":"cc.Label","node":{"__id__":67},"_materials":[{"__uuid__":"ecpdLyjvZBwrvm+cedCcQy"}],"_useOriginalSize":false,"_fontSize":16,"_lineHeight":20,"_N$file":{"__uuid__":"6cdYiskGtJJYGqTveEBiCW"},"_isSystemFontUsed":false,"_N$horizontalAlign":1,"_N$verticalAlign":1},{"__type__":"cc.Node","_name":"bankName","_parent":{"__id__":59},"_components":[{"__id__":70}],"_prefab":{"__type__":"cc.PrefabInfo","root":{"__id__":1},"asset":{"__uuid__":"85tJzlgjJHXJk91J5gETw0"},"fileId":"cct/zN+PNKbqINYSlkHxO5"},"_contentSize":{"__type__":"cc.Size","height":25.2},"_trs":{"__type__":"TypedArray","ctor":"Float64Array","array":[88.772,0,0,0,0,0,1,1,1,1]}},{"__type__":"cc.Label","node":{"__id__":69},"_materials":[{"__uuid__":"ecpdLyjvZBwrvm+cedCcQy"}],"_useOriginalSize":false,"_fontSize":16,"_lineHeight":20,"_N$file":{"__uuid__":"6cdYiskGtJJYGqTveEBiCW"},"_isSystemFontUsed":false,"_N$horizontalAlign":1,"_N$verticalAlign":1},{"__type__":"cc.Node","_name":"bankNum","_parent":{"__id__":59},"_components":[{"__id__":72}],"_prefab":{"__type__":"cc.PrefabInfo","root":{"__id__":1},"asset":{"__uuid__":"85tJzlgjJHXJk91J5gETw0"},"fileId":"6fmueDl+JIdaqgP/q6yzvk"},"_contentSize":{"__type__":"cc.Size","height":25.2},"_trs":{"__type__":"TypedArray","ctor":"Float64Array","array":[196.437,0,0,0,0,0,1,1,1,1]}},{"__type__":"cc.Label","node":{"__id__":71},"_materials":[{"__uuid__":"ecpdLyjvZBwrvm+cedCcQy"}],"_useOriginalSize":false,"_fontSize":16,"_lineHeight":20,"_N$file":{"__uuid__":"6cdYiskGtJJYGqTveEBiCW"},"_isSystemFontUsed":false,"_N$horizontalAlign":1,"_N$verticalAlign":1},{"__type__":"cc.Node","_name":"bankPos","_parent":{"__id__":59},"_components":[{"__id__":74}],"_prefab":{"__type__":"cc.PrefabInfo","root":{"__id__":1},"asset":{"__uuid__":"85tJzlgjJHXJk91J5gETw0"},"fileId":"2azV4FJAVJuoNV8rMjpG27"},"_contentSize":{"__type__":"cc.Size","height":25.2},"_trs":{"__type__":"TypedArray","ctor":"Float64Array","array":[312.953,0,0,0,0,0,1,1,1,1]}},{"__type__":"cc.Label","node":{"__id__":73},"_materials":[{"__uuid__":"ecpdLyjvZBwrvm+cedCcQy"}],"_useOriginalSize":false,"_fontSize":16,"_lineHeight":20,"_N$file":{"__uuid__":"6cdYiskGtJJYGqTveEBiCW"},"_isSystemFontUsed":false,"_N$horizontalAlign":1,"_N$verticalAlign":1},{"__type__":"cc.Node","_name":"status","_parent":{"__id__":59},"_children":[{"__id__":76}],"_components":[{"__id__":78}],"_prefab":{"__type__":"cc.PrefabInfo","root":{"__id__":1},"asset":{"__uuid__":"85tJzlgjJHXJk91J5gETw0"},"fileId":"1aG7yaXzJKR5bMxtwGFjoB"},"_color":{"__type__":"cc.Color","r":252,"g":130,"b":24},"_contentSize":{"__type__":"cc.Size","height":25.2},"_trs":{"__type__":"TypedArray","ctor":"Float64Array","array":[423.569,0,0,0,0,0,1,1,1,1]}},{"__type__":"cc.Node","_name":"status2","_parent":{"__id__":75},"_components":[{"__id__":77},{"__type__":"cc.Button","node":{"__id__":76},"clickEvents":[{"__type__":"cc.ClickEvent","target":{"__id__":59},"_componentId":"ee4a8R7rAVDrosRaPjfd1rF","handler":"returnReason"}]}],"_prefab":{"__type__":"cc.PrefabInfo","root":{"__id__":1},"asset":{"__uuid__":"85tJzlgjJHXJk91J5gETw0"},"fileId":"a0FX8KqFZJL67YHH+i7nwd"},"_color":{"__type__":"cc.Color","r":255,"g":46},"_contentSize":{"__type__":"cc.Size","height":25.2},"_trs":{"__type__":"TypedArray","ctor":"Float64Array","array":[0,0,0,0,0,0,1,1,1,1]}},{"__type__":"cc.Label","node":{"__id__":76},"_materials":[{"__uuid__":"ecpdLyjvZBwrvm+cedCcQy"}],"_useOriginalSize":false,"_fontSize":16,"_lineHeight":20,"_N$file":{"__uuid__":"6cdYiskGtJJYGqTveEBiCW"},"_isSystemFontUsed":false,"_styleFlags":4,"_N$horizontalAlign":1,"_N$verticalAlign":1},{"__type__":"cc.Label","node":{"__id__":75},"_materials":[{"__uuid__":"ecpdLyjvZBwrvm+cedCcQy"}],"_useOriginalSize":false,"_fontSize":16,"_lineHeight":20,"_N$file":{"__uuid__":"6cdYiskGtJJYGqTveEBiCW"},"_isSystemFontUsed":false,"_N$horizontalAlign":1,"_N$verticalAlign":1},{"__type__":"cc.Node","_name":"recordItem","_parent":{"__id__":58},"_children":[{"__id__":80},{"__id__":81},{"__id__":83},{"__id__":85},{"__id__":87},{"__id__":89},{"__id__":91},{"__id__":93},{"__id__":95}],"_components":[{"__type__":"ee4a8R7rAVDrosRaPjfd1rF","node":{"__id__":79},"lineNumLab":{"__id__":82},"timeLab":{"__id__":84},"moneyLab":{"__id__":86},"tradeMoneyLab":{"__id__":88},"bankNameLab":{"__id__":90},"bankNumLab":{"__id__":92},"bankPosLab":{"__id__":94},"statusLab":{"__id__":98},"statusLab2":{"__id__":97}}],"_prefab":{"__type__":"cc.PrefabInfo","root":{"__id__":1},"asset":{"__uuid__":"85tJzlgjJHXJk91J5gETw0"},"fileId":"9eGfFskjFPKoFNSNdUoyHD"},"_contentSize":{"__type__":"cc.Size","width":946,"height":56},"_trs":{"__type__":"TypedArray","ctor":"Float64Array","array":[-83,-86,0,0,0,0,1,1,1,1]}},{"__type__":"cc.Node","_name":"bg","_parent":{"__id__":79},"_components":[{"__type__":"cc.Sprite","node":{"__id__":80},"_materials":[{"__uuid__":"ecpdLyjvZBwrvm+cedCcQy"}],"_spriteFrame":{"__uuid__":"f9BjRs4/NFz4J8t/aKywAJ"},"_type":1,"_sizeMode":0}],"_prefab":{"__type__":"cc.PrefabInfo","root":{"__id__":1},"asset":{"__uuid__":"85tJzlgjJHXJk91J5gETw0"},"fileId":"68Vx4krzNKcaEG7sW+Rc9q"},"_opacity":214,"_contentSize":{"__type__":"cc.Size","width":788.6,"height":56},"_trs":{"__type__":"TypedArray","ctor":"Float64Array","array":[78.7,0,0,0,0,0,1,1,1,1]}},{"__type__":"cc.Node","_name":"lineNumLab","_parent":{"__id__":79},"_components":[{"__id__":82}],"_prefab":{"__type__":"cc.PrefabInfo","root":{"__id__":1},"asset":{"__uuid__":"85tJzlgjJHXJk91J5gETw0"},"fileId":"68nWiLrvlBDb8RaFzP2MZj"},"_contentSize":{"__type__":"cc.Size","height":25.2},"_trs":{"__type__":"TypedArray","ctor":"Float64Array","array":[-271.689,0,0,0,0,0,1,1,1,1]}},{"__type__":"cc.Label","node":{"__id__":81},"_materials":[{"__uuid__":"ecpdLyjvZBwrvm+cedCcQy"}],"_useOriginalSize":false,"_fontSize":16,"_lineHeight":20,"_N$file":{"__uuid__":"6cdYiskGtJJYGqTveEBiCW"},"_isSystemFontUsed":false,"_N$horizontalAlign":1,"_N$verticalAlign":1},{"__type__":"cc.Node","_name":"timeLab","_parent":{"__id__":79},"_components":[{"__id__":84}],"_prefab":{"__type__":"cc.PrefabInfo","root":{"__id__":1},"asset":{"__uuid__":"85tJzlgjJHXJk91J5gETw0"},"fileId":"29QU2GNUtHHo594aRQREnJ"},"_contentSize":{"__type__":"cc.Size","height":25.2},"_trs":{"__type__":"TypedArray","ctor":"Float64Array","array":[-159.402,0,0,0,0,0,1,1,1,1]}},{"__type__":"cc.Label","node":{"__id__":83},"_materials":[{"__uuid__":"ecpdLyjvZBwrvm+cedCcQy"}],"_useOriginalSize":false,"_fontSize":16,"_lineHeight":20,"_N$file":{"__uuid__":"6cdYiskGtJJYGqTveEBiCW"},"_isSystemFontUsed":false,"_N$horizontalAlign":1,"_N$verticalAlign":1},{"__type__":"cc.Node","_name":"scoreLab","_parent":{"__id__":79},"_components":[{"__id__":86}],"_prefab":{"__type__":"cc.PrefabInfo","root":{"__id__":1},"asset":{"__uuid__":"85tJzlgjJHXJk91J5gETw0"},"fileId":"f9drP1b0FPNKSnIwawO5s4"},"_contentSize":{"__type__":"cc.Size","height":25.2},"_trs":{"__type__":"TypedArray","ctor":"Float64Array","array":[-33.156,0,0,0,0,0,1,1,1,1]}},{"__type__":"cc.Label","node":{"__id__":85},"_materials":[{"__uuid__":"ecpdLyjvZBwrvm+cedCcQy"}],"_useOriginalSize":false,"_fontSize":16,"_lineHeight":20,"_N$file":{"__uuid__":"6cdYiskGtJJYGqTveEBiCW"},"_isSystemFontUsed":false,"_N$horizontalAlign":1,"_N$verticalAlign":1},{"__type__":"cc.Node","_name":"scoreLab copy","_parent":{"__id__":79},"_active":false,"_components":[{"__id__":88}],"_prefab":{"__type__":"cc.PrefabInfo","root":{"__id__":1},"asset":{"__uuid__":"85tJzlgjJHXJk91J5gETw0"},"fileId":"7dMOhxAcxIZ4W+hn5TH85H"},"_contentSize":{"__type__":"cc.Size","height":25.2},"_trs":{"__type__":"TypedArray","ctor":"Float64Array","array":[-259.30000000000007,0,0,0,0,0,1,1,1,1]}},{"__type__":"cc.Label","node":{"__id__":87},"_materials":[{"__uuid__":"ecpdLyjvZBwrvm+cedCcQy"}],"_useOriginalSize":false,"_fontSize":16,"_lineHeight":20,"_N$file":{"__uuid__":"6cdYiskGtJJYGqTveEBiCW"},"_isSystemFontUsed":false,"_N$horizontalAlign":1,"_N$verticalAlign":1},{"__type__":"cc.Node","_name":"bankName","_parent":{"__id__":79},"_components":[{"__id__":90}],"_prefab":{"__type__":"cc.PrefabInfo","root":{"__id__":1},"asset":{"__uuid__":"85tJzlgjJHXJk91J5gETw0"},"fileId":"8a7ux6EW5OKZiAhZddLcAT"},"_contentSize":{"__type__":"cc.Size","height":25.2},"_trs":{"__type__":"TypedArray","ctor":"Float64Array","array":[88.772,0,0,0,0,0,1,1,1,1]}},{"__type__":"cc.Label","node":{"__id__":89},"_materials":[{"__uuid__":"ecpdLyjvZBwrvm+cedCcQy"}],"_useOriginalSize":false,"_fontSize":16,"_lineHeight":20,"_N$file":{"__uuid__":"6cdYiskGtJJYGqTveEBiCW"},"_isSystemFontUsed":false,"_N$horizontalAlign":1,"_N$verticalAlign":1},{"__type__":"cc.Node","_name":"bankNum","_parent":{"__id__":79},"_components":[{"__id__":92}],"_prefab":{"__type__":"cc.PrefabInfo","root":{"__id__":1},"asset":{"__uuid__":"85tJzlgjJHXJk91J5gETw0"},"fileId":"25Hr+Y12FA6bjhxJYdJN64"},"_contentSize":{"__type__":"cc.Size","height":25.2},"_trs":{"__type__":"TypedArray","ctor":"Float64Array","array":[196.437,0,0,0,0,0,1,1,1,1]}},{"__type__":"cc.Label","node":{"__id__":91},"_materials":[{"__uuid__":"ecpdLyjvZBwrvm+cedCcQy"}],"_useOriginalSize":false,"_fontSize":16,"_lineHeight":20,"_N$file":{"__uuid__":"6cdYiskGtJJYGqTveEBiCW"},"_isSystemFontUsed":false,"_N$horizontalAlign":1,"_N$verticalAlign":1},{"__type__":"cc.Node","_name":"bankPos","_parent":{"__id__":79},"_components":[{"__id__":94}],"_prefab":{"__type__":"cc.PrefabInfo","root":{"__id__":1},"asset":{"__uuid__":"85tJzlgjJHXJk91J5gETw0"},"fileId":"99rRDmIFBAEYRvNaNJTafC"},"_contentSize":{"__type__":"cc.Size","height":25.2},"_trs":{"__type__":"TypedArray","ctor":"Float64Array","array":[312.953,0,0,0,0,0,1,1,1,1]}},{"__type__":"cc.Label","node":{"__id__":93},"_materials":[{"__uuid__":"ecpdLyjvZBwrvm+cedCcQy"}],"_useOriginalSize":false,"_fontSize":16,"_lineHeight":20,"_N$file":{"__uuid__":"6cdYiskGtJJYGqTveEBiCW"},"_isSystemFontUsed":false,"_N$horizontalAlign":1,"_N$verticalAlign":1},{"__type__":"cc.Node","_name":"status","_parent":{"__id__":79},"_children":[{"__id__":96}],"_components":[{"__id__":98}],"_prefab":{"__type__":"cc.PrefabInfo","root":{"__id__":1},"asset":{"__uuid__":"85tJzlgjJHXJk91J5gETw0"},"fileId":"587zvEWL5Ml5h4LovHvv/D"},"_color":{"__type__":"cc.Color","r":252,"g":130,"b":24},"_contentSize":{"__type__":"cc.Size","height":25.2},"_trs":{"__type__":"TypedArray","ctor":"Float64Array","array":[423.569,0,0,0,0,0,1,1,1,1]}},{"__type__":"cc.Node","_name":"status2","_parent":{"__id__":95},"_components":[{"__id__":97},{"__type__":"cc.Button","node":{"__id__":96},"clickEvents":[{"__type__":"cc.ClickEvent","target":{"__id__":79},"_componentId":"ee4a8R7rAVDrosRaPjfd1rF","handler":"returnReason"}]}],"_prefab":{"__type__":"cc.PrefabInfo","root":{"__id__":1},"asset":{"__uuid__":"85tJzlgjJHXJk91J5gETw0"},"fileId":"00otRTOLdBH5f8obWsTNYH"},"_color":{"__type__":"cc.Color","r":255,"g":46},"_contentSize":{"__type__":"cc.Size","height":25.2},"_trs":{"__type__":"TypedArray","ctor":"Float64Array","array":[0,0,0,0,0,0,1,1,1,1]}},{"__type__":"cc.Label","node":{"__id__":96},"_materials":[{"__uuid__":"ecpdLyjvZBwrvm+cedCcQy"}],"_useOriginalSize":false,"_fontSize":16,"_lineHeight":20,"_N$file":{"__uuid__":"6cdYiskGtJJYGqTveEBiCW"},"_isSystemFontUsed":false,"_styleFlags":4,"_N$horizontalAlign":1,"_N$verticalAlign":1},{"__type__":"cc.Label","node":{"__id__":95},"_materials":[{"__uuid__":"ecpdLyjvZBwrvm+cedCcQy"}],"_useOriginalSize":false,"_fontSize":16,"_lineHeight":20,"_N$file":{"__uuid__":"6cdYiskGtJJYGqTveEBiCW"},"_isSystemFontUsed":false,"_N$horizontalAlign":1,"_N$verticalAlign":1},{"__type__":"cc.Node","_name":"recordItem","_parent":{"__id__":58},"_children":[{"__id__":100},{"__id__":101},{"__id__":103},{"__id__":105},{"__id__":107},{"__id__":109},{"__id__":111},{"__id__":113},{"__id__":115}],"_components":[{"__type__":"ee4a8R7rAVDrosRaPjfd1rF","node":{"__id__":99},"lineNumLab":{"__id__":102},"timeLab":{"__id__":104},"moneyLab":{"__id__":106},"tradeMoneyLab":{"__id__":108},"bankNameLab":{"__id__":110},"bankNumLab":{"__id__":112},"bankPosLab":{"__id__":114},"statusLab":{"__id__":118},"statusLab2":{"__id__":117}}],"_prefab":{"__type__":"cc.PrefabInfo","root":{"__id__":1},"asset":{"__uuid__":"85tJzlgjJHXJk91J5gETw0"},"fileId":"cfRMf9nYJKrrz/9CZLTosG"},"_contentSize":{"__type__":"cc.Size","width":946,"height":56},"_trs":{"__type__":"TypedArray","ctor":"Float64Array","array":[-83,-144,0,0,0,0,1,1,1,1]}},{"__type__":"cc.Node","_name":"bg","_parent":{"__id__":99},"_components":[{"__type__":"cc.Sprite","node":{"__id__":100},"_materials":[{"__uuid__":"ecpdLyjvZBwrvm+cedCcQy"}],"_spriteFrame":{"__uuid__":"f9BjRs4/NFz4J8t/aKywAJ"},"_type":1,"_sizeMode":0}],"_prefab":{"__type__":"cc.PrefabInfo","root":{"__id__":1},"asset":{"__uuid__":"85tJzlgjJHXJk91J5gETw0"},"fileId":"c83NDKo7NBxppBM24OCPvT"},"_opacity":214,"_contentSize":{"__type__":"cc.Size","width":788.6,"height":56},"_trs":{"__type__":"TypedArray","ctor":"Float64Array","array":[78.7,0,0,0,0,0,1,1,1,1]}},{"__type__":"cc.Node","_name":"lineNumLab","_parent":{"__id__":99},"_components":[{"__id__":102}],"_prefab":{"__type__":"cc.PrefabInfo","root":{"__id__":1},"asset":{"__uuid__":"85tJzlgjJHXJk91J5gETw0"},"fileId":"84pw1yThVI54L4HkuGzQDa"},"_contentSize":{"__type__":"cc.Size","height":25.2},"_trs":{"__type__":"TypedArray","ctor":"Float64Array","array":[-271.689,0,0,0,0,0,1,1,1,1]}},{"__type__":"cc.Label","node":{"__id__":101},"_materials":[{"__uuid__":"ecpdLyjvZBwrvm+cedCcQy"}],"_useOriginalSize":false,"_fontSize":16,"_lineHeight":20,"_N$file":{"__uuid__":"6cdYiskGtJJYGqTveEBiCW"},"_isSystemFontUsed":false,"_N$horizontalAlign":1,"_N$verticalAlign":1},{"__type__":"cc.Node","_name":"timeLab","_parent":{"__id__":99},"_components":[{"__id__":104}],"_prefab":{"__type__":"cc.PrefabInfo","root":{"__id__":1},"asset":{"__uuid__":"85tJzlgjJHXJk91J5gETw0"},"fileId":"8atACr8OtONKD44k0xCk+M"},"_contentSize":{"__type__":"cc.Size","height":25.2},"_trs":{"__type__":"TypedArray","ctor":"Float64Array","array":[-159.402,0,0,0,0,0,1,1,1,1]}},{"__type__":"cc.Label","node":{"__id__":103},"_materials":[{"__uuid__":"ecpdLyjvZBwrvm+cedCcQy"}],"_useOriginalSize":false,"_fontSize":16,"_lineHeight":20,"_N$file":{"__uuid__":"6cdYiskGtJJYGqTveEBiCW"},"_isSystemFontUsed":false,"_N$horizontalAlign":1,"_N$verticalAlign":1},{"__type__":"cc.Node","_name":"scoreLab","_parent":{"__id__":99},"_components":[{"__id__":106}],"_prefab":{"__type__":"cc.PrefabInfo","root":{"__id__":1},"asset":{"__uuid__":"85tJzlgjJHXJk91J5gETw0"},"fileId":"a8kGrc1RZJyY0KakEi6+iQ"},"_contentSize":{"__type__":"cc.Size","height":25.2},"_trs":{"__type__":"TypedArray","ctor":"Float64Array","array":[-33.156,0,0,0,0,0,1,1,1,1]}},{"__type__":"cc.Label","node":{"__id__":105},"_materials":[{"__uuid__":"ecpdLyjvZBwrvm+cedCcQy"}],"_useOriginalSize":false,"_fontSize":16,"_lineHeight":20,"_N$file":{"__uuid__":"6cdYiskGtJJYGqTveEBiCW"},"_isSystemFontUsed":false,"_N$horizontalAlign":1,"_N$verticalAlign":1},{"__type__":"cc.Node","_name":"scoreLab copy","_parent":{"__id__":99},"_active":false,"_components":[{"__id__":108}],"_prefab":{"__type__":"cc.PrefabInfo","root":{"__id__":1},"asset":{"__uuid__":"85tJzlgjJHXJk91J5gETw0"},"fileId":"d7h0ZW6PBEVJXf4So2JZZL"},"_contentSize":{"__type__":"cc.Size","height":25.2},"_trs":{"__type__":"TypedArray","ctor":"Float64Array","array":[-259.30000000000007,0,0,0,0,0,1,1,1,1]}},{"__type__":"cc.Label","node":{"__id__":107},"_materials":[{"__uuid__":"ecpdLyjvZBwrvm+cedCcQy"}],"_useOriginalSize":false,"_fontSize":16,"_lineHeight":20,"_N$file":{"__uuid__":"6cdYiskGtJJYGqTveEBiCW"},"_isSystemFontUsed":false,"_N$horizontalAlign":1,"_N$verticalAlign":1},{"__type__":"cc.Node","_name":"bankName","_parent":{"__id__":99},"_components":[{"__id__":110}],"_prefab":{"__type__":"cc.PrefabInfo","root":{"__id__":1},"asset":{"__uuid__":"85tJzlgjJHXJk91J5gETw0"},"fileId":"a2os5Ako9M/6u2Hrbg/SzU"},"_contentSize":{"__type__":"cc.Size","height":25.2},"_trs":{"__type__":"TypedArray","ctor":"Float64Array","array":[88.772,0,0,0,0,0,1,1,1,1]}},{"__type__":"cc.Label","node":{"__id__":109},"_materials":[{"__uuid__":"ecpdLyjvZBwrvm+cedCcQy"}],"_useOriginalSize":false,"_fontSize":16,"_lineHeight":20,"_N$file":{"__uuid__":"6cdYiskGtJJYGqTveEBiCW"},"_isSystemFontUsed":false,"_N$horizontalAlign":1,"_N$verticalAlign":1},{"__type__":"cc.Node","_name":"bankNum","_parent":{"__id__":99},"_components":[{"__id__":112}],"_prefab":{"__type__":"cc.PrefabInfo","root":{"__id__":1},"asset":{"__uuid__":"85tJzlgjJHXJk91J5gETw0"},"fileId":"f4BApWH3NNK7J9HED6xW3J"},"_contentSize":{"__type__":"cc.Size","height":25.2},"_trs":{"__type__":"TypedArray","ctor":"Float64Array","array":[196.437,0,0,0,0,0,1,1,1,1]}},{"__type__":"cc.Label","node":{"__id__":111},"_materials":[{"__uuid__":"ecpdLyjvZBwrvm+cedCcQy"}],"_useOriginalSize":false,"_fontSize":16,"_lineHeight":20,"_N$file":{"__uuid__":"6cdYiskGtJJYGqTveEBiCW"},"_isSystemFontUsed":false,"_N$horizontalAlign":1,"_N$verticalAlign":1},{"__type__":"cc.Node","_name":"bankPos","_parent":{"__id__":99},"_components":[{"__id__":114}],"_prefab":{"__type__":"cc.PrefabInfo","root":{"__id__":1},"asset":{"__uuid__":"85tJzlgjJHXJk91J5gETw0"},"fileId":"24UmI1An9HYqava+q2z6Xm"},"_contentSize":{"__type__":"cc.Size","height":25.2},"_trs":{"__type__":"TypedArray","ctor":"Float64Array","array":[312.953,0,0,0,0,0,1,1,1,1]}},{"__type__":"cc.Label","node":{"__id__":113},"_materials":[{"__uuid__":"ecpdLyjvZBwrvm+cedCcQy"}],"_useOriginalSize":false,"_fontSize":16,"_lineHeight":20,"_N$file":{"__uuid__":"6cdYiskGtJJYGqTveEBiCW"},"_isSystemFontUsed":false,"_N$horizontalAlign":1,"_N$verticalAlign":1},{"__type__":"cc.Node","_name":"status","_parent":{"__id__":99},"_children":[{"__id__":116}],"_components":[{"__id__":118}],"_prefab":{"__type__":"cc.PrefabInfo","root":{"__id__":1},"asset":{"__uuid__":"85tJzlgjJHXJk91J5gETw0"},"fileId":"a515T2gUVD9rA8Dgxkh5jO"},"_color":{"__type__":"cc.Color","r":252,"g":130,"b":24},"_contentSize":{"__type__":"cc.Size","height":25.2},"_trs":{"__type__":"TypedArray","ctor":"Float64Array","array":[423.569,0,0,0,0,0,1,1,1,1]}},{"__type__":"cc.Node","_name":"status2","_parent":{"__id__":115},"_components":[{"__id__":117},{"__type__":"cc.Button","node":{"__id__":116},"clickEvents":[{"__type__":"cc.ClickEvent","target":{"__id__":99},"_componentId":"ee4a8R7rAVDrosRaPjfd1rF","handler":"returnReason"}]}],"_prefab":{"__type__":"cc.PrefabInfo","root":{"__id__":1},"asset":{"__uuid__":"85tJzlgjJHXJk91J5gETw0"},"fileId":"93SG5jrNhGlpYgRgGXXjMK"},"_color":{"__type__":"cc.Color","r":255,"g":46},"_contentSize":{"__type__":"cc.Size","height":25.2},"_trs":{"__type__":"TypedArray","ctor":"Float64Array","array":[0,0,0,0,0,0,1,1,1,1]}},{"__type__":"cc.Label","node":{"__id__":116},"_materials":[{"__uuid__":"ecpdLyjvZBwrvm+cedCcQy"}],"_useOriginalSize":false,"_fontSize":16,"_lineHeight":20,"_N$file":{"__uuid__":"6cdYiskGtJJYGqTveEBiCW"},"_isSystemFontUsed":false,"_styleFlags":4,"_N$horizontalAlign":1,"_N$verticalAlign":1},{"__type__":"cc.Label","node":{"__id__":115},"_materials":[{"__uuid__":"ecpdLyjvZBwrvm+cedCcQy"}],"_useOriginalSize":false,"_fontSize":16,"_lineHeight":20,"_N$file":{"__uuid__":"6cdYiskGtJJYGqTveEBiCW"},"_isSystemFontUsed":false,"_N$horizontalAlign":1,"_N$verticalAlign":1},{"__type__":"cc.Node","_name":"recordItem","_parent":{"__id__":58},"_children":[{"__id__":120},{"__id__":121},{"__id__":123},{"__id__":125},{"__id__":127},{"__id__":129},{"__id__":131},{"__id__":133},{"__id__":135}],"_components":[{"__type__":"ee4a8R7rAVDrosRaPjfd1rF","node":{"__id__":119},"lineNumLab":{"__id__":122},"timeLab":{"__id__":124},"moneyLab":{"__id__":126},"tradeMoneyLab":{"__id__":128},"bankNameLab":{"__id__":130},"bankNumLab":{"__id__":132},"bankPosLab":{"__id__":134},"statusLab":{"__id__":138},"statusLab2":{"__id__":137}}],"_prefab":{"__type__":"cc.PrefabInfo","root":{"__id__":1},"asset":{"__uuid__":"85tJzlgjJHXJk91J5gETw0"},"fileId":"02pr4VJ65ImpZlRoZNlv5E"},"_contentSize":{"__type__":"cc.Size","width":946,"height":56},"_trs":{"__type__":"TypedArray","ctor":"Float64Array","array":[-83,-202,0,0,0,0,1,1,1,1]}},{"__type__":"cc.Node","_name":"bg","_parent":{"__id__":119},"_components":[{"__type__":"cc.Sprite","node":{"__id__":120},"_materials":[{"__uuid__":"ecpdLyjvZBwrvm+cedCcQy"}],"_spriteFrame":{"__uuid__":"f9BjRs4/NFz4J8t/aKywAJ"},"_type":1,"_sizeMode":0}],"_prefab":{"__type__":"cc.PrefabInfo","root":{"__id__":1},"asset":{"__uuid__":"85tJzlgjJHXJk91J5gETw0"},"fileId":"2cccnqBzlGfJTgk5zN9bWW"},"_opacity":214,"_contentSize":{"__type__":"cc.Size","width":788.6,"height":56},"_trs":{"__type__":"TypedArray","ctor":"Float64Array","array":[78.7,0,0,0,0,0,1,1,1,1]}},{"__type__":"cc.Node","_name":"lineNumLab","_parent":{"__id__":119},"_components":[{"__id__":122}],"_prefab":{"__type__":"cc.PrefabInfo","root":{"__id__":1},"asset":{"__uuid__":"85tJzlgjJHXJk91J5gETw0"},"fileId":"e9YX3SdmFIOI14wbpyqEz5"},"_contentSize":{"__type__":"cc.Size","height":25.2},"_trs":{"__type__":"TypedArray","ctor":"Float64Array","array":[-271.689,0,0,0,0,0,1,1,1,1]}},{"__type__":"cc.Label","node":{"__id__":121},"_materials":[{"__uuid__":"ecpdLyjvZBwrvm+cedCcQy"}],"_useOriginalSize":false,"_fontSize":16,"_lineHeight":20,"_N$file":{"__uuid__":"6cdYiskGtJJYGqTveEBiCW"},"_isSystemFontUsed":false,"_N$horizontalAlign":1,"_N$verticalAlign":1},{"__type__":"cc.Node","_name":"timeLab","_parent":{"__id__":119},"_components":[{"__id__":124}],"_prefab":{"__type__":"cc.PrefabInfo","root":{"__id__":1},"asset":{"__uuid__":"85tJzlgjJHXJk91J5gETw0"},"fileId":"2bfOkl7vhLX5Le70tAwH3W"},"_contentSize":{"__type__":"cc.Size","height":25.2},"_trs":{"__type__":"TypedArray","ctor":"Float64Array","array":[-159.402,0,0,0,0,0,1,1,1,1]}},{"__type__":"cc.Label","node":{"__id__":123},"_materials":[{"__uuid__":"ecpdLyjvZBwrvm+cedCcQy"}],"_useOriginalSize":false,"_fontSize":16,"_lineHeight":20,"_N$file":{"__uuid__":"6cdYiskGtJJYGqTveEBiCW"},"_isSystemFontUsed":false,"_N$horizontalAlign":1,"_N$verticalAlign":1},{"__type__":"cc.Node","_name":"scoreLab","_parent":{"__id__":119},"_components":[{"__id__":126}],"_prefab":{"__type__":"cc.PrefabInfo","root":{"__id__":1},"asset":{"__uuid__":"85tJzlgjJHXJk91J5gETw0"},"fileId":"54Y56Q2blCdJfwYZvLQ3RT"},"_contentSize":{"__type__":"cc.Size","height":25.2},"_trs":{"__type__":"TypedArray","ctor":"Float64Array","array":[-33.156,0,0,0,0,0,1,1,1,1]}},{"__type__":"cc.Label","node":{"__id__":125},"_materials":[{"__uuid__":"ecpdLyjvZBwrvm+cedCcQy"}],"_useOriginalSize":false,"_fontSize":16,"_lineHeight":20,"_N$file":{"__uuid__":"6cdYiskGtJJYGqTveEBiCW"},"_isSystemFontUsed":false,"_N$horizontalAlign":1,"_N$verticalAlign":1},{"__type__":"cc.Node","_name":"scoreLab copy","_parent":{"__id__":119},"_active":false,"_components":[{"__id__":128}],"_prefab":{"__type__":"cc.PrefabInfo","root":{"__id__":1},"asset":{"__uuid__":"85tJzlgjJHXJk91J5gETw0"},"fileId":"6dnQaQMaJMBrgLstAgUtXq"},"_contentSize":{"__type__":"cc.Size","height":25.2},"_trs":{"__type__":"TypedArray","ctor":"Float64Array","array":[-259.30000000000007,0,0,0,0,0,1,1,1,1]}},{"__type__":"cc.Label","node":{"__id__":127},"_materials":[{"__uuid__":"ecpdLyjvZBwrvm+cedCcQy"}],"_useOriginalSize":false,"_fontSize":16,"_lineHeight":20,"_N$file":{"__uuid__":"6cdYiskGtJJYGqTveEBiCW"},"_isSystemFontUsed":false,"_N$horizontalAlign":1,"_N$verticalAlign":1},{"__type__":"cc.Node","_name":"bankName","_parent":{"__id__":119},"_components":[{"__id__":130}],"_prefab":{"__type__":"cc.PrefabInfo","root":{"__id__":1},"asset":{"__uuid__":"85tJzlgjJHXJk91J5gETw0"},"fileId":"79aUhj/PdMGo/dBogH63Bi"},"_contentSize":{"__type__":"cc.Size","height":25.2},"_trs":{"__type__":"TypedArray","ctor":"Float64Array","array":[88.772,0,0,0,0,0,1,1,1,1]}},{"__type__":"cc.Label","node":{"__id__":129},"_materials":[{"__uuid__":"ecpdLyjvZBwrvm+cedCcQy"}],"_useOriginalSize":false,"_fontSize":16,"_lineHeight":20,"_N$file":{"__uuid__":"6cdYiskGtJJYGqTveEBiCW"},"_isSystemFontUsed":false,"_N$horizontalAlign":1,"_N$verticalAlign":1},{"__type__":"cc.Node","_name":"bankNum","_parent":{"__id__":119},"_components":[{"__id__":132}],"_prefab":{"__type__":"cc.PrefabInfo","root":{"__id__":1},"asset":{"__uuid__":"85tJzlgjJHXJk91J5gETw0"},"fileId":"bdhU1MK4hP1Z10zQOdvvwr"},"_contentSize":{"__type__":"cc.Size","height":25.2},"_trs":{"__type__":"TypedArray","ctor":"Float64Array","array":[196.437,0,0,0,0,0,1,1,1,1]}},{"__type__":"cc.Label","node":{"__id__":131},"_materials":[{"__uuid__":"ecpdLyjvZBwrvm+cedCcQy"}],"_useOriginalSize":false,"_fontSize":16,"_lineHeight":20,"_N$file":{"__uuid__":"6cdYiskGtJJYGqTveEBiCW"},"_isSystemFontUsed":false,"_N$horizontalAlign":1,"_N$verticalAlign":1},{"__type__":"cc.Node","_name":"bankPos","_parent":{"__id__":119},"_components":[{"__id__":134}],"_prefab":{"__type__":"cc.PrefabInfo","root":{"__id__":1},"asset":{"__uuid__":"85tJzlgjJHXJk91J5gETw0"},"fileId":"2bV7M1B0JFhoaJVfWMPUsd"},"_contentSize":{"__type__":"cc.Size","height":25.2},"_trs":{"__type__":"TypedArray","ctor":"Float64Array","array":[312.953,0,0,0,0,0,1,1,1,1]}},{"__type__":"cc.Label","node":{"__id__":133},"_materials":[{"__uuid__":"ecpdLyjvZBwrvm+cedCcQy"}],"_useOriginalSize":false,"_fontSize":16,"_lineHeight":20,"_N$file":{"__uuid__":"6cdYiskGtJJYGqTveEBiCW"},"_isSystemFontUsed":false,"_N$horizontalAlign":1,"_N$verticalAlign":1},{"__type__":"cc.Node","_name":"status","_parent":{"__id__":119},"_children":[{"__id__":136}],"_components":[{"__id__":138}],"_prefab":{"__type__":"cc.PrefabInfo","root":{"__id__":1},"asset":{"__uuid__":"85tJzlgjJHXJk91J5gETw0"},"fileId":"70ggufPydMD5Lnz7p8/wm7"},"_color":{"__type__":"cc.Color","r":252,"g":130,"b":24},"_contentSize":{"__type__":"cc.Size","height":25.2},"_trs":{"__type__":"TypedArray","ctor":"Float64Array","array":[423.569,0,0,0,0,0,1,1,1,1]}},{"__type__":"cc.Node","_name":"status2","_parent":{"__id__":135},"_components":[{"__id__":137},{"__type__":"cc.Button","node":{"__id__":136},"clickEvents":[{"__type__":"cc.ClickEvent","target":{"__id__":119},"_componentId":"ee4a8R7rAVDrosRaPjfd1rF","handler":"returnReason"}]}],"_prefab":{"__type__":"cc.PrefabInfo","root":{"__id__":1},"asset":{"__uuid__":"85tJzlgjJHXJk91J5gETw0"},"fileId":"85YZMM+OdESIxXNH9gT1Ug"},"_color":{"__type__":"cc.Color","r":255,"g":46},"_contentSize":{"__type__":"cc.Size","height":25.2},"_trs":{"__type__":"TypedArray","ctor":"Float64Array","array":[0,0,0,0,0,0,1,1,1,1]}},{"__type__":"cc.Label","node":{"__id__":136},"_materials":[{"__uuid__":"ecpdLyjvZBwrvm+cedCcQy"}],"_useOriginalSize":false,"_fontSize":16,"_lineHeight":20,"_N$file":{"__uuid__":"6cdYiskGtJJYGqTveEBiCW"},"_isSystemFontUsed":false,"_styleFlags":4,"_N$horizontalAlign":1,"_N$verticalAlign":1},{"__type__":"cc.Label","node":{"__id__":135},"_materials":[{"__uuid__":"ecpdLyjvZBwrvm+cedCcQy"}],"_useOriginalSize":false,"_fontSize":16,"_lineHeight":20,"_N$file":{"__uuid__":"6cdYiskGtJJYGqTveEBiCW"},"_isSystemFontUsed":false,"_N$horizontalAlign":1,"_N$verticalAlign":1},{"__type__":"cc.Node","_name":"recordItem","_parent":{"__id__":58},"_children":[{"__id__":140},{"__id__":141},{"__id__":143},{"__id__":145},{"__id__":147},{"__id__":149},{"__id__":151},{"__id__":153},{"__id__":155}],"_components":[{"__type__":"ee4a8R7rAVDrosRaPjfd1rF","node":{"__id__":139},"lineNumLab":{"__id__":142},"timeLab":{"__id__":144},"moneyLab":{"__id__":146},"tradeMoneyLab":{"__id__":148},"bankNameLab":{"__id__":150},"bankNumLab":{"__id__":152},"bankPosLab":{"__id__":154},"statusLab":{"__id__":158},"statusLab2":{"__id__":157}}],"_prefab":{"__type__":"cc.PrefabInfo","root":{"__id__":1},"asset":{"__uuid__":"85tJzlgjJHXJk91J5gETw0"},"fileId":"db4YHCBSZGaoulgiLYk7jI"},"_contentSize":{"__type__":"cc.Size","width":946,"height":56},"_trs":{"__type__":"TypedArray","ctor":"Float64Array","array":[-83,-260,0,0,0,0,1,1,1,1]}},{"__type__":"cc.Node","_name":"bg","_parent":{"__id__":139},"_components":[{"__type__":"cc.Sprite","node":{"__id__":140},"_materials":[{"__uuid__":"ecpdLyjvZBwrvm+cedCcQy"}],"_spriteFrame":{"__uuid__":"f9BjRs4/NFz4J8t/aKywAJ"},"_type":1,"_sizeMode":0}],"_prefab":{"__type__":"cc.PrefabInfo","root":{"__id__":1},"asset":{"__uuid__":"85tJzlgjJHXJk91J5gETw0"},"fileId":"56wv1nrKtAqIM/DYdOgYfK"},"_opacity":214,"_contentSize":{"__type__":"cc.Size","width":788.6,"height":56},"_trs":{"__type__":"TypedArray","ctor":"Float64Array","array":[78.7,0,0,0,0,0,1,1,1,1]}},{"__type__":"cc.Node","_name":"lineNumLab","_parent":{"__id__":139},"_components":[{"__id__":142}],"_prefab":{"__type__":"cc.PrefabInfo","root":{"__id__":1},"asset":{"__uuid__":"85tJzlgjJHXJk91J5gETw0"},"fileId":"5c3IfjvGlIW4XhCMk5++IG"},"_contentSize":{"__type__":"cc.Size","height":25.2},"_trs":{"__type__":"TypedArray","ctor":"Float64Array","array":[-271.689,0,0,0,0,0,1,1,1,1]}},{"__type__":"cc.Label","node":{"__id__":141},"_materials":[{"__uuid__":"ecpdLyjvZBwrvm+cedCcQy"}],"_useOriginalSize":false,"_fontSize":16,"_lineHeight":20,"_N$file":{"__uuid__":"6cdYiskGtJJYGqTveEBiCW"},"_isSystemFontUsed":false,"_N$horizontalAlign":1,"_N$verticalAlign":1},{"__type__":"cc.Node","_name":"timeLab","_parent":{"__id__":139},"_components":[{"__id__":144}],"_prefab":{"__type__":"cc.PrefabInfo","root":{"__id__":1},"asset":{"__uuid__":"85tJzlgjJHXJk91J5gETw0"},"fileId":"63b1QrMtVKaZ7AtHd636hj"},"_contentSize":{"__type__":"cc.Size","height":25.2},"_trs":{"__type__":"TypedArray","ctor":"Float64Array","array":[-159.402,0,0,0,0,0,1,1,1,1]}},{"__type__":"cc.Label","node":{"__id__":143},"_materials":[{"__uuid__":"ecpdLyjvZBwrvm+cedCcQy"}],"_useOriginalSize":false,"_fontSize":16,"_lineHeight":20,"_N$file":{"__uuid__":"6cdYiskGtJJYGqTveEBiCW"},"_isSystemFontUsed":false,"_N$horizontalAlign":1,"_N$verticalAlign":1},{"__type__":"cc.Node","_name":"scoreLab","_parent":{"__id__":139},"_components":[{"__id__":146}],"_prefab":{"__type__":"cc.PrefabInfo","root":{"__id__":1},"asset":{"__uuid__":"85tJzlgjJHXJk91J5gETw0"},"fileId":"e0BjS+L25Csaxr48CDcIMt"},"_contentSize":{"__type__":"cc.Size","height":25.2},"_trs":{"__type__":"TypedArray","ctor":"Float64Array","array":[-33.156,0,0,0,0,0,1,1,1,1]}},{"__type__":"cc.Label","node":{"__id__":145},"_materials":[{"__uuid__":"ecpdLyjvZBwrvm+cedCcQy"}],"_useOriginalSize":false,"_fontSize":16,"_lineHeight":20,"_N$file":{"__uuid__":"6cdYiskGtJJYGqTveEBiCW"},"_isSystemFontUsed":false,"_N$horizontalAlign":1,"_N$verticalAlign":1},{"__type__":"cc.Node","_name":"scoreLab copy","_parent":{"__id__":139},"_active":false,"_components":[{"__id__":148}],"_prefab":{"__type__":"cc.PrefabInfo","root":{"__id__":1},"asset":{"__uuid__":"85tJzlgjJHXJk91J5gETw0"},"fileId":"bbo26XnWNM74UqMm+hh8FX"},"_contentSize":{"__type__":"cc.Size","height":25.2},"_trs":{"__type__":"TypedArray","ctor":"Float64Array","array":[-259.30000000000007,0,0,0,0,0,1,1,1,1]}},{"__type__":"cc.Label","node":{"__id__":147},"_materials":[{"__uuid__":"ecpdLyjvZBwrvm+cedCcQy"}],"_useOriginalSize":false,"_fontSize":16,"_lineHeight":20,"_N$file":{"__uuid__":"6cdYiskGtJJYGqTveEBiCW"},"_isSystemFontUsed":false,"_N$horizontalAlign":1,"_N$verticalAlign":1},{"__type__":"cc.Node","_name":"bankName","_parent":{"__id__":139},"_components":[{"__id__":150}],"_prefab":{"__type__":"cc.PrefabInfo","root":{"__id__":1},"asset":{"__uuid__":"85tJzlgjJHXJk91J5gETw0"},"fileId":"ebmCIV++BA8Y6Y6FwK0icE"},"_contentSize":{"__type__":"cc.Size","height":25.2},"_trs":{"__type__":"TypedArray","ctor":"Float64Array","array":[88.772,0,0,0,0,0,1,1,1,1]}},{"__type__":"cc.Label","node":{"__id__":149},"_materials":[{"__uuid__":"ecpdLyjvZBwrvm+cedCcQy"}],"_useOriginalSize":false,"_fontSize":16,"_lineHeight":20,"_N$file":{"__uuid__":"6cdYiskGtJJYGqTveEBiCW"},"_isSystemFontUsed":false,"_N$horizontalAlign":1,"_N$verticalAlign":1},{"__type__":"cc.Node","_name":"bankNum","_parent":{"__id__":139},"_components":[{"__id__":152}],"_prefab":{"__type__":"cc.PrefabInfo","root":{"__id__":1},"asset":{"__uuid__":"85tJzlgjJHXJk91J5gETw0"},"fileId":"a3LG09EA9Jw6a4JsnSxdFb"},"_contentSize":{"__type__":"cc.Size","height":25.2},"_trs":{"__type__":"TypedArray","ctor":"Float64Array","array":[196.437,0,0,0,0,0,1,1,1,1]}},{"__type__":"cc.Label","node":{"__id__":151},"_materials":[{"__uuid__":"ecpdLyjvZBwrvm+cedCcQy"}],"_useOriginalSize":false,"_fontSize":16,"_lineHeight":20,"_N$file":{"__uuid__":"6cdYiskGtJJYGqTveEBiCW"},"_isSystemFontUsed":false,"_N$horizontalAlign":1,"_N$verticalAlign":1},{"__type__":"cc.Node","_name":"bankPos","_parent":{"__id__":139},"_components":[{"__id__":154}],"_prefab":{"__type__":"cc.PrefabInfo","root":{"__id__":1},"asset":{"__uuid__":"85tJzlgjJHXJk91J5gETw0"},"fileId":"edxLOHEKxDPIyXkqudWEtg"},"_contentSize":{"__type__":"cc.Size","height":25.2},"_trs":{"__type__":"TypedArray","ctor":"Float64Array","array":[312.953,0,0,0,0,0,1,1,1,1]}},{"__type__":"cc.Label","node":{"__id__":153},"_materials":[{"__uuid__":"ecpdLyjvZBwrvm+cedCcQy"}],"_useOriginalSize":false,"_fontSize":16,"_lineHeight":20,"_N$file":{"__uuid__":"6cdYiskGtJJYGqTveEBiCW"},"_isSystemFontUsed":false,"_N$horizontalAlign":1,"_N$verticalAlign":1},{"__type__":"cc.Node","_name":"status","_parent":{"__id__":139},"_children":[{"__id__":156}],"_components":[{"__id__":158}],"_prefab":{"__type__":"cc.PrefabInfo","root":{"__id__":1},"asset":{"__uuid__":"85tJzlgjJHXJk91J5gETw0"},"fileId":"e1Ak4b/wBNmZnhRKUkLub2"},"_color":{"__type__":"cc.Color","r":252,"g":130,"b":24},"_contentSize":{"__type__":"cc.Size","height":25.2},"_trs":{"__type__":"TypedArray","ctor":"Float64Array","array":[423.569,0,0,0,0,0,1,1,1,1]}},{"__type__":"cc.Node","_name":"status2","_parent":{"__id__":155},"_components":[{"__id__":157},{"__type__":"cc.Button","node":{"__id__":156},"clickEvents":[{"__type__":"cc.ClickEvent","target":{"__id__":139},"_componentId":"ee4a8R7rAVDrosRaPjfd1rF","handler":"returnReason"}]}],"_prefab":{"__type__":"cc.PrefabInfo","root":{"__id__":1},"asset":{"__uuid__":"85tJzlgjJHXJk91J5gETw0"},"fileId":"411ngvNUZJ1qU1RUKzkpeE"},"_color":{"__type__":"cc.Color","r":255,"g":46},"_contentSize":{"__type__":"cc.Size","height":25.2},"_trs":{"__type__":"TypedArray","ctor":"Float64Array","array":[0,0,0,0,0,0,1,1,1,1]}},{"__type__":"cc.Label","node":{"__id__":156},"_materials":[{"__uuid__":"ecpdLyjvZBwrvm+cedCcQy"}],"_useOriginalSize":false,"_fontSize":16,"_lineHeight":20,"_N$file":{"__uuid__":"6cdYiskGtJJYGqTveEBiCW"},"_isSystemFontUsed":false,"_styleFlags":4,"_N$horizontalAlign":1,"_N$verticalAlign":1},{"__type__":"cc.Label","node":{"__id__":155},"_materials":[{"__uuid__":"ecpdLyjvZBwrvm+cedCcQy"}],"_useOriginalSize":false,"_fontSize":16,"_lineHeight":20,"_N$file":{"__uuid__":"6cdYiskGtJJYGqTveEBiCW"},"_isSystemFontUsed":false,"_N$horizontalAlign":1,"_N$verticalAlign":1},{"__type__":"cc.Node","_name":"pagetBtnLayout","_parent":{"__id__":1},"_children":[{"__id__":160},{"__id__":161}],"_components":[{"__type__":"cc.Layout","node":{"__id__":159},"_layoutSize":{"__type__":"cc.Size","width":297,"height":50},"_resize":1,"_N$layoutType":1,"_N$spacingX":45},{"__type__":"cc.ToggleGroup","node":{"__id__":159},"_enabled":false}],"_prefab":{"__type__":"cc.PrefabInfo","root":{"__id__":1},"asset":{"__uuid__":"85tJzlgjJHXJk91J5gETw0"},"fileId":"cdtr17GC5E9a3gJgqSG3Wn"},"_contentSize":{"__type__":"cc.Size","width":297,"height":50},"_trs":{"__type__":"TypedArray","ctor":"Float64Array","array":[307.858,-207.712,0,0,0,0,1,1,1,1]}},{"__type__":"cc.Node","_name":"lastPageBtn","_parent":{"__id__":159},"_components":[{"__type__":"cc.Sprite","node":{"__id__":160},"_materials":[{"__uuid__":"ecpdLyjvZBwrvm+cedCcQy"}],"_spriteFrame":{"__uuid__":"18Ev7oOz5CF65UlSS/jUnl"}},{"__type__":"cc.Button","node":{"__id__":160},"_normalMaterial":{"__uuid__":"ecpdLyjvZBwrvm+cedCcQy"},"clickEvents":[{"__type__":"cc.ClickEvent","target":{"__id__":1},"_componentId":"0bcf1Y50s5OOpKwy6rL1MyQ","handler":"lastPage"}],"_N$transition":3,"transition":3}],"_prefab":{"__type__":"cc.PrefabInfo","root":{"__id__":1},"asset":{"__uuid__":"85tJzlgjJHXJk91J5gETw0"},"fileId":"056asah0ZGwLXoESa9L3fk"},"_contentSize":{"__type__":"cc.Size","width":126,"height":49},"_trs":{"__type__":"TypedArray","ctor":"Float64Array","array":[-85.5,0.62,0,0,0,0,1,1,1,1]}},{"__type__":"cc.Node","_name":"nextPageBtn","_parent":{"__id__":159},"_children":[{"__id__":162}],"_components":[{"__type__":"cc.Sprite","node":{"__id__":161},"_materials":[{"__uuid__":"ecpdLyjvZBwrvm+cedCcQy"}],"_spriteFrame":{"__uuid__":"fceWhJvj9EfZAsLnlz76ju"},"_sizeMode":0},{"__type__":"cc.Button","node":{"__id__":161},"_normalMaterial":{"__uuid__":"ecpdLyjvZBwrvm+cedCcQy"},"clickEvents":[{"__type__":"cc.ClickEvent","target":{"__id__":1},"_componentId":"0bcf1Y50s5OOpKwy6rL1MyQ","handler":"nextPage"}],"_N$transition":3,"transition":3}],"_prefab":{"__type__":"cc.PrefabInfo","root":{"__id__":1},"asset":{"__uuid__":"85tJzlgjJHXJk91J5gETw0"},"fileId":"23+qu1sadABqGMplrMgVfT"},"_contentSize":{"__type__":"cc.Size","width":126,"height":49},"_trs":{"__type__":"TypedArray","ctor":"Float64Array","array":[85.5,2.064,0,0,0,0,1,1,1,1]}},{"__type__":"cc.Node","_name":"label","_parent":{"__id__":161},"_components":[{"__type__":"cc.Label","node":{"__id__":162},"_materials":[{"__uuid__":"ecpdLyjvZBwrvm+cedCcQy"}],"_useOriginalSize":false,"_string":"下 一 页","_N$string":"下 一 页","_fontSize":18,"_N$file":{"__uuid__":"6cdYiskGtJJYGqTveEBiCW"},"_isSystemFontUsed":false,"_N$horizontalAlign":1,"_N$verticalAlign":1}],"_prefab":{"__type__":"cc.PrefabInfo","root":{"__id__":1},"asset":{"__uuid__":"85tJzlgjJHXJk91J5gETw0"},"fileId":"d46y23BqZAELjDOsD03c4G"},"_contentSize":{"__type__":"cc.Size","width":65.99,"height":50.4},"_trs":{"__type__":"TypedArray","ctor":"Float64Array","array":[0,0,0,0,0,0,1,1,1,1]}}],{"__type__":"cc.SpriteFrame","content":{"name":"tixianjilu","texture":"cfCpKgTV5PO4J+8KRBAv+M","rect":[82,2,351,75],"offset":[0,0],"originalSize":[351,75],"rotated":1,"capInsets":[0,0,0,0]}},{"__type__":"cc.SpriteFrame","content":{"name":"record_bg","texture":"cfCpKgTV5PO4J+8KRBAv+M","rect":[335,990,30,26],"offset":[0,0],"originalSize":[30,26],"rotated":1,"capInsets":[8,0,8,0]}},{"__type__":"cc.SpriteFrame","content":{"name":"normal_btn_1","texture":"cfCpKgTV5PO4J+8KRBAv+M","rect":[2,884,138,53],"offset":[0,0],"originalSize":[138,53],"rotated":1,"capInsets":[39,0,50,0]}}]