[{"__type__":"cc.SpriteFrame","content":{"name":"top_bg","texture":"a4+Wm77SpBk6/vu1ayVGW7","rect":[0,0,1136,83],"offset":[0,0],"originalSize":[1136,83],"capInsets":[530,0,555,0]}},{"__type__":"cc.SpriteFrame","content":{"name":"bank_pwd_btn","texture":"e1yQmXXQ9O3bS0pzleANtn","rect":[380,931,118,37],"offset":[0,0],"originalSize":[118,37],"capInsets":[0,0,0,0]}},{"__type__":"cc.SpriteFrame","content":{"name":"heidi_jing","texture":"cfCpKgTV5PO4J+8KRBAv+M","rect":[280,496,19,20],"offset":[0,0],"originalSize":[19,20],"capInsets":[5,5,4,4]}},{"__type__":"cc.SpriteFrame","content":{"name":"normal_tip_bg","texture":"cfCpKgTV5PO4J+8KRBAv+M","rect":[2,2,78,527],"offset":[0,0],"originalSize":[78,527],"capInsets":[26,0,24,0]}},{"__type__":"cc.SpriteFrame","content":{"name":"arraw_down","texture":"cfCpKgTV5PO4J+8KRBAv+M","rect":[214,500,27,16],"offset":[0,0],"originalSize":[27,16],"capInsets":[0,0,0,0]}},{"__type__":"cc.SpriteFrame","content":{"name":"bank_card_manage","texture":"cfCpKgTV5PO4J+8KRBAv+M","rect":[463,707,118,37],"offset":[0,0],"originalSize":[118,37],"rotated":1,"capInsets":[0,0,0,0]}},{"__type__":"cc.SpriteFrame","content":{"name":"close_btn","texture":"cfCpKgTV5PO4J+8KRBAv+M","rect":[578,812,81,78],"offset":[0,0],"originalSize":[81,78],"rotated":1,"capInsets":[0,0,0,0]}},{"__type__":"cc.SpriteFrame","content":{"name":"bank_modify_btn","texture":"e1yQmXXQ9O3bS0pzleANtn","rect":[260,931,118,37],"offset":[0,0],"originalSize":[118,37],"capInsets":[0,0,0,0]}},[{"__type__":"cc.Prefab","_name":"WithDrawView","data":{"__id__":1}},{"__type__":"cc.Node","_name":"WithDrawView","_children":[{"__id__":2},{"__id__":3},{"__id__":4},{"__id__":5},{"__id__":6},{"__id__":7},{"__id__":53},{"__id__":75}],"_components":[{"__type__":"cc.Widget","node":{"__id__":1},"alignMode":2,"_alignFlags":45},{"__type__":"84f85h+LW1GjKxUvwjnsKdz","node":{"__id__":1},"isCloseSceneCamera":true,"userNameLab":{"__id__":13},"remainMoneyLab":{"__id__":17},"withDrawInput":{"__id__":32},"cardInfoLab":{"__id__":49},"bankCardManagerView":{"__id__":75},"withDrawPswInput":{"__id__":65},"confirmPswInput":{"__id__":73},"confirmPswPanel":{"__id__":53},"bankNameInput":{"__id__":91},"userNameInput":{"__id__":99},"bankCardNumberInput":{"__id__":107},"bankCard":{"__id__":21},"drawPwdInput":{"__id__":42}}],"_prefab":{"__type__":"cc.PrefabInfo","root":{"__id__":1},"asset":{"__uuid__":"51Nk3t2EROha6H8wwdSEWX"},"fileId":"b0J1cC8zxMgZpiZEA6H7TQ"},"_contentSize":{"__type__":"cc.Size","width":1136,"height":640},"_trs":{"__type__":"TypedArray","ctor":"Float64Array","array":[568,320,0,0,0,0,1,1,1,1]}},{"__type__":"cc.Node","_name":"bg","_parent":{"__id__":1},"_components":[{"__type__":"cc.Sprite","node":{"__id__":2},"_materials":[{"__uuid__":"ecpdLyjvZBwrvm+cedCcQy"}],"_spriteFrame":{"__uuid__":"a0GuSjgKVAPatuCPEq+grf"},"_sizeMode":0},{"__type__":"cc.Widget","node":{"__id__":2},"alignMode":2,"_alignFlags":45,"_originalWidth":100,"_originalHeight":100}],"_prefab":{"__type__":"cc.PrefabInfo","root":{"__id__":1},"asset":{"__uuid__":"51Nk3t2EROha6H8wwdSEWX"},"fileId":"d4kspFYfJLhYGJY1iX2DXt"},"_contentSize":{"__type__":"cc.Size","width":1136,"height":640},"_trs":{"__type__":"TypedArray","ctor":"Float64Array","array":[0,0,0,0,0,0,1,1,1,1]}},{"__type__":"cc.Node","_name":"topBg","_parent":{"__id__":1},"_components":[{"__type__":"cc.Sprite","node":{"__id__":3},"_materials":[{"__uuid__":"ecpdLyjvZBwrvm+cedCcQy"}],"_spriteFrame":{"__uuid__":"04oOJuThRHRrEOtzEAGsiV"},"_sizeMode":0},{"__type__":"cc.Widget","node":{"__id__":3},"alignMode":2,"_alignFlags":41,"_bottom":518.6095,"_originalWidth":1136,"_originalHeight":100}],"_prefab":{"__type__":"cc.PrefabInfo","root":{"__id__":1},"asset":{"__uuid__":"51Nk3t2EROha6H8wwdSEWX"},"fileId":"cfhI0N31pBO5QAhWRgn5P+"},"_contentSize":{"__type__":"cc.Size","width":1136,"height":100},"_trs":{"__type__":"TypedArray","ctor":"Float64Array","array":[0,270,0,0,0,0,1,1,1,1]}},{"__type__":"cc.Node","_name":"title","_parent":{"__id__":1},"_components":[{"__type__":"cc.Sprite","node":{"__id__":4},"_materials":[{"__uuid__":"ecpdLyjvZBwrvm+cedCcQy"}],"_spriteFrame":{"__uuid__":"a25vRlr65MJ4h+Gh+H5rd/"}},{"__type__":"cc.Widget","node":{"__id__":4},"_alignFlags":9,"_left":50,"_top":20}],"_prefab":{"__type__":"cc.PrefabInfo","root":{"__id__":1},"asset":{"__uuid__":"51Nk3t2EROha6H8wwdSEWX"},"fileId":"3fSE7/CRdAXoHeSHzWQcGY"},"_contentSize":{"__type__":"cc.Size","width":103,"height":54},"_trs":{"__type__":"TypedArray","ctor":"Float64Array","array":[-466.5,273,0,0,0,0,1,1,1,1]}},{"__type__":"cc.Node","_name":"exit","_parent":{"__id__":1},"_components":[{"__type__":"cc.Sprite","node":{"__id__":5},"_materials":[{"__uuid__":"ecpdLyjvZBwrvm+cedCcQy"}],"_spriteFrame":{"__uuid__":"deIrTLDj9Ds7tOYtqi589P"}},{"__type__":"cc.Widget","node":{"__id__":5},"_alignFlags":33},{"__type__":"cc.Button","node":{"__id__":5},"clickEvents":[{"__type__":"cc.ClickEvent","target":{"__id__":1},"_componentId":"84f85h+LW1GjKxUvwjnsKdz","handler":"closePanel"}]}],"_prefab":{"__type__":"cc.PrefabInfo","root":{"__id__":1},"asset":{"__uuid__":"51Nk3t2EROha6H8wwdSEWX"},"fileId":"5bn1zMVYhPSYsxlcS6TKOo"},"_contentSize":{"__type__":"cc.Size","width":147,"height":70},"_trs":{"__type__":"TypedArray","ctor":"Float64Array","array":[494.5,285,0,0,0,0,1,1,1,1]}},{"__type__":"cc.Node","_name":"bankManagerBtn","_parent":{"__id__":1},"_active":false,"_components":[{"__type__":"cc.Sprite","node":{"__id__":6},"_materials":[{"__uuid__":"ecpdLyjvZBwrvm+cedCcQy"}],"_spriteFrame":{"__uuid__":"2bbptWuhREmLbVNVbtchdC"}},{"__type__":"cc.Button","node":{"__id__":6},"clickEvents":[{"__type__":"cc.ClickEvent","target":{"__id__":1},"_componentId":"84f85h+LW1GjKxUvwjnsKdz","handler":"openBankCardManagerView"}],"_N$transition":3,"transition":3}],"_prefab":{"__type__":"cc.PrefabInfo","root":{"__id__":1},"asset":{"__uuid__":"51Nk3t2EROha6H8wwdSEWX"},"fileId":"f98lLwYeZKEqv/BLLjmPX4"},"_contentSize":{"__type__":"cc.Size","width":118,"height":37},"_trs":{"__type__":"TypedArray","ctor":"Float64Array","array":[334.926,287.935,0,0,0,0,1,1,1,1]}},{"__type__":"cc.Node","_name":"ScrollView","_parent":{"__id__":1},"_children":[{"__id__":8}],"_components":[{"__type__":"cc.ScrollView","node":{"__id__":7},"horizontal":false,"brake":0.75,"bounceDuration":0.23,"_N$content":{"__id__":9},"content":{"__id__":9},"_N$horizontalScrollBar":null,"_N$verticalScrollBar":null},{"__type__":"cc.Widget","node":{"__id__":7},"_alignFlags":45,"_left":18,"_right":18,"_top":120,"_bottom":30,"_originalWidth":1127,"_originalHeight":534}],"_prefab":{"__type__":"cc.PrefabInfo","root":{"__id__":1},"asset":{"__uuid__":"51Nk3t2EROha6H8wwdSEWX"},"fileId":"dfTyecshVBrL09jCmXdILm"},"_contentSize":{"__type__":"cc.Size","width":1100,"height":490},"_trs":{"__type__":"TypedArray","ctor":"Float64Array","array":[0,-45,0,0,0,0,1,1,1,1]}},{"__type__":"cc.Node","_name":"view","_parent":{"__id__":7},"_children":[{"__id__":9}],"_components":[{"__type__":"cc.Mask","node":{"__id__":8},"_materials":[{"__uuid__":"ecpdLyjvZBwrvm+cedCcQy"}],"_N$alphaThreshold":0},{"__type__":"cc.Widget","node":{"__id__":8},"_alignFlags":45,"_originalWidth":240,"_originalHeight":250}],"_prefab":{"__type__":"cc.PrefabInfo","root":{"__id__":1},"asset":{"__uuid__":"51Nk3t2EROha6H8wwdSEWX"},"fileId":"ab6oGhV35PQYekLN6u9Ghu"},"_contentSize":{"__type__":"cc.Size","width":1100,"height":490},"_trs":{"__type__":"TypedArray","ctor":"Float64Array","array":[0,0,0,0,0,0,1,1,1,1]}},{"__type__":"cc.Node","_name":"content","_parent":{"__id__":8},"_children":[{"__id__":10},{"__id__":23},{"__id__":25},{"__id__":33},{"__id__":34},{"__id__":43},{"__id__":45},{"__id__":46},{"__id__":51}],"_components":[{"__type__":"cc.Widget","node":{"__id__":9},"_alignFlags":41,"_bottom":277,"_originalWidth":1107,"_originalHeight":653},{"__type__":"cc.Layout","node":{"__id__":9},"_layoutSize":{"__type__":"cc.Size","width":1100,"height":676.6},"_resize":1,"_N$layoutType":2,"_N$paddingBottom":50,"_N$spacingY":20}],"_prefab":{"__type__":"cc.PrefabInfo","root":{"__id__":1},"asset":{"__uuid__":"51Nk3t2EROha6H8wwdSEWX"},"fileId":"65VvyhkWVF5b5B9nX0Bv3u"},"_contentSize":{"__type__":"cc.Size","width":1100,"height":676.6},"_anchorPoint":{"__type__":"cc.Vec2","x":0.5,"y":1},"_trs":{"__type__":"TypedArray","ctor":"Float64Array","array":[0,245,0,0,0,0,1,1,1,1]}},{"__type__":"cc.Node","_name":"userInfoBg","_parent":{"__id__":9},"_children":[{"__id__":11},{"__id__":14},{"__id__":15},{"__id__":18},{"__id__":19}],"_components":[{"__type__":"cc.Sprite","node":{"__id__":10},"_materials":[{"__uuid__":"ecpdLyjvZBwrvm+cedCcQy"}],"_spriteFrame":{"__uuid__":"dfY1tw0elH6rzhl7xzNnRZ"},"_type":1,"_sizeMode":0},{"__type__":"cc.Layout","node":{"__id__":10},"_layoutSize":{"__type__":"cc.Size","width":1100.9,"height":228.79999999999998},"_resize":1,"_N$layoutType":2}],"_prefab":{"__type__":"cc.PrefabInfo","root":{"__id__":1},"asset":{"__uuid__":"51Nk3t2EROha6H8wwdSEWX"},"fileId":"c7cyH1SetFBp3Lc2V7DZXC"},"_contentSize":{"__type__":"cc.Size","width":1100.9,"height":228.79999999999998},"_trs":{"__type__":"TypedArray","ctor":"Float64Array","array":[-1.7,-114.39999999999999,0,0,0,0,1,1,1,1]}},{"__type__":"cc.Node","_name":"accountLab","_parent":{"__id__":10},"_children":[{"__id__":12}],"_components":[{"__type__":"cc.Label","node":{"__id__":11},"_materials":[{"__uuid__":"ecpdLyjvZBwrvm+cedCcQy"}],"_useOriginalSize":false,"_string":"用户名：","_N$string":"用户名：","_fontSize":25,"_lineHeight":60,"_N$file":{"__uuid__":"a6GFdfihpIQY/CU35PyGmw"},"_isSystemFontUsed":false,"_N$horizontalAlign":1,"_N$verticalAlign":1}],"_prefab":{"__type__":"cc.PrefabInfo","root":{"__id__":1},"asset":{"__uuid__":"51Nk3t2EROha6H8wwdSEWX"},"fileId":"50oACCMPJPDqkvBZXPlyOd"},"_contentSize":{"__type__":"cc.Size","width":100,"height":75.6},"_anchorPoint":{"__type__":"cc.Vec2","y":0.5},"_trs":{"__type__":"TypedArray","ctor":"Float64Array","array":[-525.216,76.6,0,0,0,0,1,1,1,1]}},{"__type__":"cc.Node","_name":"accountName","_parent":{"__id__":11},"_components":[{"__id__":13}],"_prefab":{"__type__":"cc.PrefabInfo","root":{"__id__":1},"asset":{"__uuid__":"51Nk3t2EROha6H8wwdSEWX"},"fileId":"d2dDESWXhDibeefwwM4zYP"},"_contentSize":{"__type__":"cc.Size","width":112.34,"height":44.1},"_anchorPoint":{"__type__":"cc.Vec2","y":0.5},"_trs":{"__type__":"TypedArray","ctor":"Float64Array","array":[135.385,0,0,0,0,0,1,1,1,1]}},{"__type__":"cc.Label","node":{"__id__":12},"_materials":[{"__uuid__":"ecpdLyjvZBwrvm+cedCcQy"}],"_useOriginalSize":false,"_string":"abdsfsdfsdf","_N$string":"abdsfsdfsdf","_fontSize":20,"_lineHeight":35,"_N$file":{"__uuid__":"a6GFdfihpIQY/CU35PyGmw"},"_isSystemFontUsed":false,"_N$horizontalAlign":1,"_N$verticalAlign":1},{"__type__":"cc.Node","_name":"line","_parent":{"__id__":10},"_components":[{"__type__":"cc.Sprite","node":{"__id__":14},"_materials":[{"__uuid__":"ecpdLyjvZBwrvm+cedCcQy"}],"_spriteFrame":{"__uuid__":"a2MjXRFdtLlYQ5ouAFv/+R"},"_sizeMode":0}],"_prefab":{"__type__":"cc.PrefabInfo","root":{"__id__":1},"asset":{"__uuid__":"51Nk3t2EROha6H8wwdSEWX"},"fileId":"70KQPpN8VFIYfy1VAMZbXU"},"_color":{"__type__":"cc.Color","r":100,"g":100,"b":100},"_contentSize":{"__type__":"cc.Size","width":1055.71,"height":1},"_trs":{"__type__":"TypedArray","ctor":"Float64Array","array":[-0.65,38.3,0,0,0,0,1,1,1,1]}},{"__type__":"cc.Node","_name":"remainMoneyLab","_parent":{"__id__":10},"_children":[{"__id__":16}],"_components":[{"__type__":"cc.Label","node":{"__id__":15},"_materials":[{"__uuid__":"ecpdLyjvZBwrvm+cedCcQy"}],"_useOriginalSize":false,"_string":"账户余额(元)：","_N$string":"账户余额(元)：","_fontSize":23,"_lineHeight":60,"_N$file":{"__uuid__":"a6GFdfihpIQY/CU35PyGmw"},"_isSystemFontUsed":false,"_N$horizontalAlign":1,"_N$verticalAlign":1}],"_prefab":{"__type__":"cc.PrefabInfo","root":{"__id__":1},"asset":{"__uuid__":"51Nk3t2EROha6H8wwdSEWX"},"fileId":"53viZhepRPD6ninOssE5dj"},"_contentSize":{"__type__":"cc.Size","width":154.53,"height":75.6},"_anchorPoint":{"__type__":"cc.Vec2","y":0.5},"_trs":{"__type__":"TypedArray","ctor":"Float64Array","array":[-525.201,0,0,0,0,0,1,1,1,1]}},{"__type__":"cc.Node","_name":"money","_parent":{"__id__":15},"_components":[{"__id__":17}],"_prefab":{"__type__":"cc.PrefabInfo","root":{"__id__":1},"asset":{"__uuid__":"51Nk3t2EROha6H8wwdSEWX"},"fileId":"22QXdo9nNHFogNdr8bGQnC"},"_contentSize":{"__type__":"cc.Size","width":54.38,"height":44.1},"_anchorPoint":{"__type__":"cc.Vec2","y":0.5},"_trs":{"__type__":"TypedArray","ctor":"Float64Array","array":[180,0,0,0,0,0,1,1,1,1]}},{"__type__":"cc.Label","node":{"__id__":16},"_materials":[{"__uuid__":"ecpdLyjvZBwrvm+cedCcQy"}],"_useOriginalSize":false,"_string":"200","_N$string":"200","_fontSize":30,"_lineHeight":35,"_N$file":{"__uuid__":"a6GFdfihpIQY/CU35PyGmw"},"_isSystemFontUsed":false,"_N$horizontalAlign":1,"_N$verticalAlign":1},{"__type__":"cc.Node","_name":"line","_parent":{"__id__":10},"_components":[{"__type__":"cc.Sprite","node":{"__id__":18},"_materials":[{"__uuid__":"ecpdLyjvZBwrvm+cedCcQy"}],"_spriteFrame":{"__uuid__":"a2MjXRFdtLlYQ5ouAFv/+R"},"_sizeMode":0}],"_prefab":{"__type__":"cc.PrefabInfo","root":{"__id__":1},"asset":{"__uuid__":"51Nk3t2EROha6H8wwdSEWX"},"fileId":"27+4284IRFc6QKwp/PR32y"},"_color":{"__type__":"cc.Color","r":100,"g":100,"b":100},"_contentSize":{"__type__":"cc.Size","width":1055.71,"height":1},"_trs":{"__type__":"TypedArray","ctor":"Float64Array","array":[-0.65,-38.3,0,0,0,0,1,1,1,1]}},{"__type__":"cc.Node","_name":"bankCard","_parent":{"__id__":10},"_children":[{"__id__":20},{"__id__":22}],"_components":[{"__type__":"cc.Label","node":{"__id__":19},"_materials":[{"__uuid__":"ecpdLyjvZBwrvm+cedCcQy"}],"_useOriginalSize":false,"_string":"收款银行账号：","_N$string":"收款银行账号：","_fontSize":23,"_lineHeight":60,"_N$file":{"__uuid__":"a6GFdfihpIQY/CU35PyGmw"},"_isSystemFontUsed":false,"_N$horizontalAlign":1,"_N$verticalAlign":1}],"_prefab":{"__type__":"cc.PrefabInfo","root":{"__id__":1},"asset":{"__uuid__":"51Nk3t2EROha6H8wwdSEWX"},"fileId":"47SiMj7uRHi58AFR2ksXvz"},"_contentSize":{"__type__":"cc.Size","width":161,"height":75.6},"_anchorPoint":{"__type__":"cc.Vec2","y":0.5},"_trs":{"__type__":"TypedArray","ctor":"Float64Array","array":[-525.201,-76.6,0,0,0,0,1,1,1,1]}},{"__type__":"cc.Node","_name":"cardNum","_parent":{"__id__":19},"_components":[{"__id__":21}],"_prefab":{"__type__":"cc.PrefabInfo","root":{"__id__":1},"asset":{"__uuid__":"51Nk3t2EROha6H8wwdSEWX"},"fileId":"28xYvaLTxP16mB0drkV5pz"},"_contentSize":{"__type__":"cc.Size","width":54.38,"height":44.1},"_anchorPoint":{"__type__":"cc.Vec2","y":0.5},"_trs":{"__type__":"TypedArray","ctor":"Float64Array","array":[180,0,0,0,0,0,1,1,1,1]}},{"__type__":"cc.Label","node":{"__id__":20},"_materials":[{"__uuid__":"ecpdLyjvZBwrvm+cedCcQy"}],"_useOriginalSize":false,"_string":"200","_N$string":"200","_fontSize":30,"_lineHeight":35,"_N$file":{"__uuid__":"a6GFdfihpIQY/CU35PyGmw"},"_isSystemFontUsed":false,"_N$horizontalAlign":1,"_N$verticalAlign":1},{"__type__":"cc.Node","_name":"bank_modify_btn","_parent":{"__id__":19},"_components":[{"__type__":"cc.Sprite","node":{"__id__":22},"_materials":[{"__uuid__":"ecpdLyjvZBwrvm+cedCcQy"}],"_spriteFrame":{"__uuid__":"48C1wuy3JJspUOJxeUDOGt"}},{"__type__":"cc.Widget","node":{"__id__":22},"_target":{"__id__":10},"_alignFlags":32,"_right":30},{"__type__":"cc.Button","node":{"__id__":22},"clickEvents":[{"__type__":"cc.ClickEvent","target":{"__id__":1},"_componentId":"84f85h+LW1GjKxUvwjnsKdz","handler":"openModifyCard"}]}],"_prefab":{"__type__":"cc.PrefabInfo","root":{"__id__":1},"asset":{"__uuid__":"51Nk3t2EROha6H8wwdSEWX"},"fileId":"5aLfDglHhALLl0LSXMgwx4"},"_contentSize":{"__type__":"cc.Size","width":118,"height":37},"_trs":{"__type__":"TypedArray","ctor":"Float64Array","array":[986.6510000000001,0,0,0,0,0,1,1,1,1]}},{"__type__":"cc.Node","_name":"withDrawTitleLab","_parent":{"__id__":9},"_children":[{"__id__":24}],"_components":[{"__type__":"cc.Label","node":{"__id__":23},"_materials":[{"__uuid__":"ecpdLyjvZBwrvm+cedCcQy"}],"_useOriginalSize":false,"_string":"提现金额","_N$string":"提现金额","_fontSize":35,"_lineHeight":35,"_N$file":{"__uuid__":"a6GFdfihpIQY/CU35PyGmw"},"_isSystemFontUsed":false,"_N$horizontalAlign":1,"_N$verticalAlign":1}],"_prefab":{"__type__":"cc.PrefabInfo","root":{"__id__":1},"asset":{"__uuid__":"51Nk3t2EROha6H8wwdSEWX"},"fileId":"90Mhi0yi1PVKQUvQi0GgNP"},"_contentSize":{"__type__":"cc.Size","width":140,"height":44.1},"_anchorPoint":{"__type__":"cc.Vec2","y":0.5},"_trs":{"__type__":"TypedArray","ctor":"Float64Array","array":[-544.44,-270.85,0,0,0,0,1,1,1,1]}},{"__type__":"cc.Node","_name":"money","_parent":{"__id__":23},"_components":[{"__type__":"cc.Label","node":{"__id__":24},"_materials":[{"__uuid__":"ecpdLyjvZBwrvm+cedCcQy"}],"_useOriginalSize":false,"_string":"(最小可提现金额100)","_N$string":"(最小可提现金额100)","_fontSize":26,"_lineHeight":35,"_N$file":{"__uuid__":"a6GFdfihpIQY/CU35PyGmw"},"_isSystemFontUsed":false,"_N$horizontalAlign":1,"_N$verticalAlign":1}],"_prefab":{"__type__":"cc.PrefabInfo","root":{"__id__":1},"asset":{"__uuid__":"51Nk3t2EROha6H8wwdSEWX"},"fileId":"efWP0s48tJv7mvzNZDK+VJ"},"_contentSize":{"__type__":"cc.Size","width":248.22,"height":44.1},"_anchorPoint":{"__type__":"cc.Vec2","y":0.5},"_trs":{"__type__":"TypedArray","ctor":"Float64Array","array":[150,0,0,0,0,0,1,1,1,1]}},{"__type__":"cc.Node","_name":"drawMoneyInput","_parent":{"__id__":9},"_children":[{"__id__":26},{"__id__":28},{"__id__":30}],"_components":[{"__id__":32}],"_prefab":{"__type__":"cc.PrefabInfo","root":{"__id__":1},"asset":{"__uuid__":"51Nk3t2EROha6H8wwdSEWX"},"fileId":"7dSg3CPvBHprcSJuE/x2bh"},"_contentSize":{"__type__":"cc.Size","width":1099.8,"height":67.8},"_trs":{"__type__":"TypedArray","ctor":"Float64Array","array":[-1.9,-346.8,0,0,0,0,1,1,1,1]}},{"__type__":"cc.Node","_name":"BACKGROUND_SPRITE","_parent":{"__id__":25},"_components":[{"__id__":27},{"__type__":"cc.Widget","node":{"__id__":26},"alignMode":0,"_alignFlags":45,"_originalWidth":160,"_originalHeight":40}],"_prefab":{"__type__":"cc.PrefabInfo","root":{"__id__":1},"asset":{"__uuid__":"51Nk3t2EROha6H8wwdSEWX"},"fileId":"18qmH6eYRIo4XlBqKvrExC"},"_contentSize":{"__type__":"cc.Size","width":1099.8,"height":67.8},"_trs":{"__type__":"TypedArray","ctor":"Float64Array","array":[0,0,0,0,0,0,1,1,1,1]}},{"__type__":"cc.Sprite","node":{"__id__":26},"_materials":[{"__uuid__":"ecpdLyjvZBwrvm+cedCcQy"}],"_spriteFrame":{"__uuid__":"dfY1tw0elH6rzhl7xzNnRZ"},"_type":1,"_sizeMode":0},{"__type__":"cc.Node","_name":"TEXT_LABEL","_parent":{"__id__":25},"_active":false,"_components":[{"__id__":29},{"__type__":"cc.Widget","node":{"__id__":28},"alignMode":0,"_alignFlags":45,"_left":2,"_originalWidth":158,"_originalHeight":40}],"_prefab":{"__type__":"cc.PrefabInfo","root":{"__id__":1},"asset":{"__uuid__":"51Nk3t2EROha6H8wwdSEWX"},"fileId":"1ab6vCvEZFGair/1WXxb9Y"},"_contentSize":{"__type__":"cc.Size","width":158,"height":40},"_anchorPoint":{"__type__":"cc.Vec2","y":1},"_trs":{"__type__":"TypedArray","ctor":"Float64Array","array":[-78,20,0,0,0,0,1,1,1,1]}},{"__type__":"cc.Label","node":{"__id__":28},"_fontSize":20,"_lineHeight":25,"_enableWrapText":false,"_N$verticalAlign":1,"_N$overflow":1},{"__type__":"cc.Node","_name":"PLACEHOLDER_LABEL","_parent":{"__id__":25},"_components":[{"__id__":31},{"__type__":"cc.Widget","node":{"__id__":30},"alignMode":0,"_alignFlags":45,"_left":2,"_right":200,"_originalWidth":158,"_originalHeight":40}],"_prefab":{"__type__":"cc.PrefabInfo","root":{"__id__":1},"asset":{"__uuid__":"51Nk3t2EROha6H8wwdSEWX"},"fileId":"5368ixdQhN8K/MYyu34aO1"},"_color":{"__type__":"cc.Color","r":143,"g":140,"b":156},"_contentSize":{"__type__":"cc.Size","width":897.8,"height":67.8},"_anchorPoint":{"__type__":"cc.Vec2","y":1},"_trs":{"__type__":"TypedArray","ctor":"Float64Array","array":[-547.9,33.9,0,0,0,0,1,1,1,1]}},{"__type__":"cc.Label","node":{"__id__":30},"_materials":[{"__uuid__":"ecpdLyjvZBwrvm+cedCcQy"}],"_string":"  请输入提现金额","_N$string":"  请输入提现金额","_fontSize":20,"_lineHeight":25,"_enableWrapText":false,"_N$file":{"__uuid__":"a6GFdfihpIQY/CU35PyGmw"},"_isSystemFontUsed":false,"_N$verticalAlign":1,"_N$overflow":1},{"__type__":"cc.EditBox","node":{"__id__":25},"_useOriginalSize":false,"maxLength":8,"_N$textLabel":{"__id__":29},"_N$placeholderLabel":{"__id__":31},"_N$background":{"__id__":27},"_N$inputMode":6},{"__type__":"cc.Node","_name":"withDrawPwd","_parent":{"__id__":9},"_components":[{"__type__":"cc.Label","node":{"__id__":33},"_materials":[{"__uuid__":"ecpdLyjvZBwrvm+cedCcQy"}],"_useOriginalSize":false,"_string":"提现密码","_N$string":"提现密码","_fontSize":35,"_lineHeight":35,"_N$file":{"__uuid__":"a6GFdfihpIQY/CU35PyGmw"},"_isSystemFontUsed":false,"_N$horizontalAlign":1,"_N$verticalAlign":1}],"_prefab":{"__type__":"cc.PrefabInfo","root":{"__id__":1},"asset":{"__uuid__":"51Nk3t2EROha6H8wwdSEWX"},"fileId":"94d7FhnGtFab2E5BBPmkps"},"_contentSize":{"__type__":"cc.Size","width":140,"height":44.1},"_anchorPoint":{"__type__":"cc.Vec2","y":0.5},"_trs":{"__type__":"TypedArray","ctor":"Float64Array","array":[-544.44,-422.75,0,0,0,0,1,1,1,1]}},{"__type__":"cc.Node","_name":"drawPwdInput","_parent":{"__id__":9},"_children":[{"__id__":35},{"__id__":37},{"__id__":39},{"__id__":41}],"_components":[{"__id__":42}],"_prefab":{"__type__":"cc.PrefabInfo","root":{"__id__":1},"asset":{"__uuid__":"51Nk3t2EROha6H8wwdSEWX"},"fileId":"bdlMScZKhKxLuGgaozc6eg"},"_contentSize":{"__type__":"cc.Size","width":1099.8,"height":67.8},"_trs":{"__type__":"TypedArray","ctor":"Float64Array","array":[-1.9,-498.7,0,0,0,0,1,1,1,1]}},{"__type__":"cc.Node","_name":"BACKGROUND_SPRITE","_parent":{"__id__":34},"_components":[{"__id__":36},{"__type__":"cc.Widget","node":{"__id__":35},"alignMode":0,"_alignFlags":45,"_originalWidth":160,"_originalHeight":40}],"_prefab":{"__type__":"cc.PrefabInfo","root":{"__id__":1},"asset":{"__uuid__":"51Nk3t2EROha6H8wwdSEWX"},"fileId":"192eVRRgROc6w8wLPI0kKx"},"_contentSize":{"__type__":"cc.Size","width":1099.8,"height":67.8},"_trs":{"__type__":"TypedArray","ctor":"Float64Array","array":[0,0,0,0,0,0,1,1,1,1]}},{"__type__":"cc.Sprite","node":{"__id__":35},"_materials":[{"__uuid__":"ecpdLyjvZBwrvm+cedCcQy"}],"_spriteFrame":{"__uuid__":"dfY1tw0elH6rzhl7xzNnRZ"},"_type":1,"_sizeMode":0},{"__type__":"cc.Node","_name":"TEXT_LABEL","_parent":{"__id__":34},"_active":false,"_components":[{"__id__":38},{"__type__":"cc.Widget","node":{"__id__":37},"alignMode":0,"_alignFlags":45,"_left":2,"_originalWidth":158,"_originalHeight":40}],"_prefab":{"__type__":"cc.PrefabInfo","root":{"__id__":1},"asset":{"__uuid__":"51Nk3t2EROha6H8wwdSEWX"},"fileId":"edBFZLRhVPpIPqi0/rZuTR"},"_contentSize":{"__type__":"cc.Size","width":158,"height":40},"_anchorPoint":{"__type__":"cc.Vec2","y":1},"_trs":{"__type__":"TypedArray","ctor":"Float64Array","array":[-78,20,0,0,0,0,1,1,1,1]}},{"__type__":"cc.Label","node":{"__id__":37},"_fontSize":20,"_lineHeight":25,"_enableWrapText":false,"_N$verticalAlign":1,"_N$overflow":1},{"__type__":"cc.Node","_name":"PLACEHOLDER_LABEL","_parent":{"__id__":34},"_components":[{"__id__":40},{"__type__":"cc.Widget","node":{"__id__":39},"alignMode":0,"_alignFlags":45,"_left":2,"_right":200,"_originalWidth":158,"_originalHeight":40}],"_prefab":{"__type__":"cc.PrefabInfo","root":{"__id__":1},"asset":{"__uuid__":"51Nk3t2EROha6H8wwdSEWX"},"fileId":"65M9d6MqpNe4iDS42cxwNe"},"_color":{"__type__":"cc.Color","r":143,"g":140,"b":156},"_contentSize":{"__type__":"cc.Size","width":897.8,"height":67.8},"_anchorPoint":{"__type__":"cc.Vec2","y":1},"_trs":{"__type__":"TypedArray","ctor":"Float64Array","array":[-547.9,33.9,0,0,0,0,1,1,1,1]}},{"__type__":"cc.Label","node":{"__id__":39},"_materials":[{"__uuid__":"ecpdLyjvZBwrvm+cedCcQy"}],"_string":"  请输入提现密码","_N$string":"  请输入提现密码","_fontSize":20,"_lineHeight":25,"_enableWrapText":false,"_N$file":{"__uuid__":"a6GFdfihpIQY/CU35PyGmw"},"_isSystemFontUsed":false,"_N$verticalAlign":1,"_N$overflow":1},{"__type__":"cc.Node","_name":"bank_pwd_btn","_parent":{"__id__":34},"_components":[{"__type__":"cc.Sprite","node":{"__id__":41},"_materials":[{"__uuid__":"ecpdLyjvZBwrvm+cedCcQy"}],"_spriteFrame":{"__uuid__":"05HGDIaFZL9ZujnWd4lYye"}},{"__type__":"cc.Widget","node":{"__id__":41},"_alignFlags":32,"_right":30},{"__type__":"cc.Button","node":{"__id__":41},"clickEvents":[{"__type__":"cc.ClickEvent","target":{"__id__":1},"_componentId":"84f85h+LW1GjKxUvwjnsKdz","handler":"openModifyCard"}]}],"_prefab":{"__type__":"cc.PrefabInfo","root":{"__id__":1},"asset":{"__uuid__":"51Nk3t2EROha6H8wwdSEWX"},"fileId":"36v7WD7hRH8Z+Z7+ctxiGH"},"_contentSize":{"__type__":"cc.Size","width":118,"height":37},"_trs":{"__type__":"TypedArray","ctor":"Float64Array","array":[460.9,0,0,0,0,0,1,1,1,1]}},{"__type__":"cc.EditBox","node":{"__id__":34},"_useOriginalSize":false,"maxLength":8,"_N$textLabel":{"__id__":38},"_N$placeholderLabel":{"__id__":40},"_N$background":{"__id__":36},"_N$inputMode":6},{"__type__":"cc.Node","_name":"drawMoneyTipBg","_parent":{"__id__":9},"_children":[{"__id__":44}],"_active":false,"_components":[{"__type__":"cc.Sprite","node":{"__id__":43},"_materials":[{"__uuid__":"ecpdLyjvZBwrvm+cedCcQy"}],"_spriteFrame":{"__uuid__":"b0kksSkW1G3IooN6KWoXvc"},"_type":1,"_sizeMode":0}],"_prefab":{"__type__":"cc.PrefabInfo","root":{"__id__":1},"asset":{"__uuid__":"51Nk3t2EROha6H8wwdSEWX"},"fileId":"4f+x38TvdAvYefpzK7Uhhe"},"_contentSize":{"__type__":"cc.Size","width":1099,"height":67.1},"_trs":{"__type__":"TypedArray","ctor":"Float64Array","array":[-2.3,-464.25,0,0,0,0,1,1,1,1]}},{"__type__":"cc.Node","_name":"drawMoneyTipLab","_parent":{"__id__":43},"_components":[{"__type__":"cc.Label","node":{"__id__":44},"_materials":[{"__uuid__":"ecpdLyjvZBwrvm+cedCcQy"}],"_useOriginalSize":false,"_string":"手续费说明：提现10000以下收取2%手续费，提现10000以上收取1%手续费，如有疑问请联系客服","_N$string":"手续费说明：提现10000以下收取2%手续费，提现10000以上收取1%手续费，如有疑问请联系客服","_fontSize":20,"_lineHeight":35,"_N$file":{"__uuid__":"6cdYiskGtJJYGqTveEBiCW"},"_isSystemFontUsed":false,"_N$horizontalAlign":1,"_N$verticalAlign":1}],"_prefab":{"__type__":"cc.PrefabInfo","root":{"__id__":1},"asset":{"__uuid__":"51Nk3t2EROha6H8wwdSEWX"},"fileId":"b5Xx2n/dpNYIfp3NzC4axD"},"_color":{"__type__":"cc.Color","r":143,"g":140,"b":156},"_contentSize":{"__type__":"cc.Size","width":876.33,"height":44.1},"_anchorPoint":{"__type__":"cc.Vec2","y":0.5},"_trs":{"__type__":"TypedArray","ctor":"Float64Array","array":[-533.713,0.787,0,0,0,0,1,1,1,1]}},{"__type__":"cc.Node","_name":"chargeMoneyLab","_parent":{"__id__":9},"_active":false,"_components":[{"__type__":"cc.Label","node":{"__id__":45},"_materials":[{"__uuid__":"ecpdLyjvZBwrvm+cedCcQy"}],"_useOriginalSize":false,"_string":"银行卡","_N$string":"银行卡","_fontSize":35,"_lineHeight":35,"_N$file":{"__uuid__":"a6GFdfihpIQY/CU35PyGmw"},"_isSystemFontUsed":false,"_N$horizontalAlign":1,"_N$verticalAlign":1}],"_prefab":{"__type__":"cc.PrefabInfo","root":{"__id__":1},"asset":{"__uuid__":"51Nk3t2EROha6H8wwdSEWX"},"fileId":"4eQJwzpIlEC7yruXwrsE4d"},"_contentSize":{"__type__":"cc.Size","width":105,"height":44.1},"_anchorPoint":{"__type__":"cc.Vec2","y":0.5},"_trs":{"__type__":"TypedArray","ctor":"Float64Array","array":[-544.58,-452.75,0,0,0,0,1,1,1,1]}},{"__type__":"cc.Node","_name":"accountInput","_parent":{"__id__":9},"_children":[{"__id__":47},{"__id__":48},{"__id__":50}],"_active":false,"_prefab":{"__type__":"cc.PrefabInfo","root":{"__id__":1},"asset":{"__uuid__":"51Nk3t2EROha6H8wwdSEWX"},"fileId":"616oHUYlVNIpMHPVqgQLQ3"},"_contentSize":{"__type__":"cc.Size","width":1100.4,"height":45.7},"_trs":{"__type__":"TypedArray","ctor":"Float64Array","array":[-2,-453.55,0,0,0,0,1,1,1,1]}},{"__type__":"cc.Node","_name":"BACKGROUND_SPRITE","_parent":{"__id__":46},"_components":[{"__type__":"cc.Sprite","node":{"__id__":47},"_materials":[{"__uuid__":"ecpdLyjvZBwrvm+cedCcQy"}],"_spriteFrame":{"__uuid__":"b0kksSkW1G3IooN6KWoXvc"},"_type":1,"_sizeMode":0},{"__type__":"cc.Widget","node":{"__id__":47},"alignMode":0,"_alignFlags":45,"_originalWidth":160,"_originalHeight":40}],"_prefab":{"__type__":"cc.PrefabInfo","root":{"__id__":1},"asset":{"__uuid__":"51Nk3t2EROha6H8wwdSEWX"},"fileId":"4dRJVUlXRNTZdn5u0wjWnB"},"_contentSize":{"__type__":"cc.Size","width":1100.4,"height":45.7},"_trs":{"__type__":"TypedArray","ctor":"Float64Array","array":[0,0,0,0,0,0,1,1,1,1]}},{"__type__":"cc.Node","_name":"cardInfo","_parent":{"__id__":46},"_components":[{"__id__":49},{"__type__":"cc.Widget","node":{"__id__":48},"alignMode":0,"_alignFlags":45,"_left":2,"_originalWidth":158,"_originalHeight":40}],"_prefab":{"__type__":"cc.PrefabInfo","root":{"__id__":1},"asset":{"__uuid__":"51Nk3t2EROha6H8wwdSEWX"},"fileId":"4fbLMh7IZCuLJ+GItsxI0x"},"_contentSize":{"__type__":"cc.Size","width":1098.4,"height":45.7},"_anchorPoint":{"__type__":"cc.Vec2","y":1},"_trs":{"__type__":"TypedArray","ctor":"Float64Array","array":[-548.2,22.85,0,0,0,0,1,1,1,1]}},{"__type__":"cc.Label","node":{"__id__":48},"_materials":[{"__uuid__":"ecpdLyjvZBwrvm+cedCcQy"}],"_string":"  请选择银行卡","_N$string":"  请选择银行卡","_fontSize":20,"_lineHeight":25,"_enableWrapText":false,"_N$file":{"__uuid__":"6cdYiskGtJJYGqTveEBiCW"},"_isSystemFontUsed":false,"_N$verticalAlign":1,"_N$overflow":1},{"__type__":"cc.Node","_name":"arraw","_parent":{"__id__":46},"_components":[{"__type__":"cc.Sprite","node":{"__id__":50},"_materials":[{"__uuid__":"ecpdLyjvZBwrvm+cedCcQy"}],"_spriteFrame":{"__uuid__":"26LG191K5F8b3cj4Eawwjl"}}],"_prefab":{"__type__":"cc.PrefabInfo","root":{"__id__":1},"asset":{"__uuid__":"51Nk3t2EROha6H8wwdSEWX"},"fileId":"f8PuA5KotF5psZOx0JKTz7"},"_contentSize":{"__type__":"cc.Size","width":27,"height":16},"_trs":{"__type__":"TypedArray","ctor":"Float64Array","array":[523.287,-4.867,0,0,0,0,1,1,1,1]}},{"__type__":"cc.Node","_name":"drawBtn","_parent":{"__id__":9},"_children":[{"__id__":52}],"_components":[{"__type__":"cc.Sprite","node":{"__id__":51},"_materials":[{"__uuid__":"ecpdLyjvZBwrvm+cedCcQy"}],"_spriteFrame":{"__uuid__":"b6krxEkg9D+aEWn1HdeMhu"},"_type":1,"_sizeMode":0},{"__type__":"cc.Button","node":{"__id__":51},"clickEvents":[{"__type__":"cc.ClickEvent","target":{"__id__":1},"_componentId":"84f85h+LW1GjKxUvwjnsKdz","handler":"onWithDraw"}],"_N$transition":3,"transition":3}],"_prefab":{"__type__":"cc.PrefabInfo","root":{"__id__":1},"asset":{"__uuid__":"51Nk3t2EROha6H8wwdSEWX"},"fileId":"16j5MGdVdBd6ee3g2i17Uq"},"_contentSize":{"__type__":"cc.Size","width":1102,"height":74},"_trs":{"__type__":"TypedArray","ctor":"Float64Array","array":[-2,-589.6,0,0,0,0,1,1,1,1]}},{"__type__":"cc.Node","_name":"New Label","_parent":{"__id__":51},"_components":[{"__type__":"cc.Label","node":{"__id__":52},"_materials":[{"__uuid__":"ecpdLyjvZBwrvm+cedCcQy"}],"_useOriginalSize":false,"_string":"确认提现","_N$string":"确认提现","_fontSize":35,"_N$file":{"__uuid__":"a6GFdfihpIQY/CU35PyGmw"},"_isSystemFontUsed":false,"_N$horizontalAlign":1,"_N$verticalAlign":1}],"_prefab":{"__type__":"cc.PrefabInfo","root":{"__id__":1},"asset":{"__uuid__":"51Nk3t2EROha6H8wwdSEWX"},"fileId":"31tjcbksJBvKcBe709kJVL"},"_color":{"__type__":"cc.Color"},"_contentSize":{"__type__":"cc.Size","width":140,"height":50.4},"_trs":{"__type__":"TypedArray","ctor":"Float64Array","array":[0,0,0,0,0,0,1,1,1,1]}},{"__type__":"cc.Node","_name":"confirmPswPanel","_parent":{"__id__":1},"_children":[{"__id__":54},{"__id__":55},{"__id__":56},{"__id__":57},{"__id__":58},{"__id__":66},{"__id__":74}],"_active":false,"_prefab":{"__type__":"cc.PrefabInfo","root":{"__id__":1},"asset":{"__uuid__":"51Nk3t2EROha6H8wwdSEWX"},"fileId":"eb4zBjVuRFIKjB+TfTkdXT"},"_contentSize":{"__type__":"cc.Size","width":1136,"height":640},"_trs":{"__type__":"TypedArray","ctor":"Float64Array","array":[0,0,0,0,0,0,1,1,1,1]}},{"__type__":"cc.Node","_name":"mask","_parent":{"__id__":53},"_components":[{"__type__":"cc.Sprite","node":{"__id__":54},"_materials":[{"__uuid__":"ecpdLyjvZBwrvm+cedCcQy"}],"_spriteFrame":{"__uuid__":"a2MjXRFdtLlYQ5ouAFv/+R"},"_sizeMode":0},{"__type__":"cc.Button","node":{"__id__":54}}],"_prefab":{"__type__":"cc.PrefabInfo","root":{"__id__":1},"asset":{"__uuid__":"51Nk3t2EROha6H8wwdSEWX"},"fileId":"75MU5OKg1FxJGzwoSYANlS"},"_opacity":150,"_color":{"__type__":"cc.Color"},"_contentSize":{"__type__":"cc.Size","width":1500,"height":1500},"_trs":{"__type__":"TypedArray","ctor":"Float64Array","array":[0,0,0,0,0,0,1,1,1,1]}},{"__type__":"cc.Node","_name":"bg","_parent":{"__id__":53},"_components":[{"__type__":"cc.Sprite","node":{"__id__":55},"_materials":[{"__uuid__":"ecpdLyjvZBwrvm+cedCcQy"}],"_spriteFrame":{"__uuid__":"24yWtuBDVKdYg4jjClu6j7"},"_type":1,"_sizeMode":0},{"__type__":"cc.Button","node":{"__id__":55}}],"_prefab":{"__type__":"cc.PrefabInfo","root":{"__id__":1},"asset":{"__uuid__":"51Nk3t2EROha6H8wwdSEWX"},"fileId":"a5S5ScfyFIrpiZzro3Bj13"},"_contentSize":{"__type__":"cc.Size","width":470,"height":432},"_trs":{"__type__":"TypedArray","ctor":"Float64Array","array":[0,-4.504,0,0,0,0,1,1,1,1]}},{"__type__":"cc.Node","_name":"exitBtn","_parent":{"__id__":53},"_components":[{"__type__":"cc.Sprite","node":{"__id__":56},"_materials":[{"__uuid__":"ecpdLyjvZBwrvm+cedCcQy"}],"_spriteFrame":{"__uuid__":"30Hcj40p5IxKuqJSTx5a7F"}},{"__type__":"cc.Button","node":{"__id__":56},"clickEvents":[{"__type__":"cc.ClickEvent","target":{"__id__":1},"_componentId":"84f85h+LW1GjKxUvwjnsKdz","handler":"closeConfirmPanel"}],"_N$transition":3,"transition":3}],"_prefab":{"__type__":"cc.PrefabInfo","root":{"__id__":1},"asset":{"__uuid__":"51Nk3t2EROha6H8wwdSEWX"},"fileId":"6biZLIHi5Nt4XJKfFl7ZZf"},"_contentSize":{"__type__":"cc.Size","width":81,"height":78},"_trs":{"__type__":"TypedArray","ctor":"Float64Array","array":[233.437,169.636,0,0,0,0,1,1,1,1]}},{"__type__":"cc.Node","_name":"title_Lab","_parent":{"__id__":53},"_components":[{"__type__":"cc.Label","node":{"__id__":57},"_materials":[{"__uuid__":"ecpdLyjvZBwrvm+cedCcQy"}],"_useOriginalSize":false,"_string":"确认提现密码","_N$string":"确认提现密码","_fontSize":25,"_lineHeight":25,"_N$file":{"__uuid__":"bcrfDxrhZMG61uRL1F6Fu9"},"_isSystemFontUsed":false,"_N$horizontalAlign":1,"_N$verticalAlign":1}],"_prefab":{"__type__":"cc.PrefabInfo","root":{"__id__":1},"asset":{"__uuid__":"51Nk3t2EROha6H8wwdSEWX"},"fileId":"bcUViqy/pFJInLRuVN2Cvf"},"_color":{"__type__":"cc.Color","r":251,"g":244,"b":207},"_contentSize":{"__type__":"cc.Size","width":150,"height":31.5},"_trs":{"__type__":"TypedArray","ctor":"Float64Array","array":[-79.914,111.342,0,0,0,0,1,1,1,1]}},{"__type__":"cc.Node","_name":"inputPsw","_parent":{"__id__":53},"_children":[{"__id__":59},{"__id__":61},{"__id__":63}],"_components":[{"__id__":65}],"_prefab":{"__type__":"cc.PrefabInfo","root":{"__id__":1},"asset":{"__uuid__":"51Nk3t2EROha6H8wwdSEWX"},"fileId":"1b2SolkjFJl7GZV4Vf/w00"},"_contentSize":{"__type__":"cc.Size","width":298,"height":40},"_trs":{"__type__":"TypedArray","ctor":"Float64Array","array":[-8.9,48.353,0,0,0,0,1,1,1,1]}},{"__type__":"cc.Node","_name":"BACKGROUND_SPRITE","_parent":{"__id__":58},"_components":[{"__id__":60},{"__type__":"cc.Widget","node":{"__id__":59},"alignMode":0,"_alignFlags":45,"_originalWidth":160,"_originalHeight":40}],"_prefab":{"__type__":"cc.PrefabInfo","root":{"__id__":1},"asset":{"__uuid__":"51Nk3t2EROha6H8wwdSEWX"},"fileId":"81pP+8HaxLEZz8E2at/fIT"},"_contentSize":{"__type__":"cc.Size","width":298,"height":40},"_trs":{"__type__":"TypedArray","ctor":"Float64Array","array":[0,0,0,0,0,0,1,1,1,1]}},{"__type__":"cc.Sprite","node":{"__id__":59},"_materials":[{"__uuid__":"ecpdLyjvZBwrvm+cedCcQy"}],"_spriteFrame":{"__uuid__":"b0kksSkW1G3IooN6KWoXvc"},"_type":1,"_sizeMode":0},{"__type__":"cc.Node","_name":"TEXT_LABEL","_parent":{"__id__":58},"_active":false,"_components":[{"__id__":62},{"__type__":"cc.Widget","node":{"__id__":61},"alignMode":0,"_alignFlags":45,"_left":2,"_originalWidth":158,"_originalHeight":40}],"_prefab":{"__type__":"cc.PrefabInfo","root":{"__id__":1},"asset":{"__uuid__":"51Nk3t2EROha6H8wwdSEWX"},"fileId":"f34f+wNGFLeKfUGBEou2ty"},"_contentSize":{"__type__":"cc.Size","width":158,"height":40},"_anchorPoint":{"__type__":"cc.Vec2","y":1},"_trs":{"__type__":"TypedArray","ctor":"Float64Array","array":[-78,20,0,0,0,0,1,1,1,1]}},{"__type__":"cc.Label","node":{"__id__":61},"_fontSize":20,"_lineHeight":25,"_enableWrapText":false,"_N$verticalAlign":1,"_N$overflow":1},{"__type__":"cc.Node","_name":"PLACEHOLDER_LABEL","_parent":{"__id__":58},"_components":[{"__id__":64},{"__type__":"cc.Widget","node":{"__id__":63},"alignMode":0,"_alignFlags":45,"_left":2,"_originalWidth":158,"_originalHeight":40}],"_prefab":{"__type__":"cc.PrefabInfo","root":{"__id__":1},"asset":{"__uuid__":"51Nk3t2EROha6H8wwdSEWX"},"fileId":"9eDpd7nm1CWKsNlQAno1DO"},"_contentSize":{"__type__":"cc.Size","width":296,"height":40},"_anchorPoint":{"__type__":"cc.Vec2","y":1},"_trs":{"__type__":"TypedArray","ctor":"Float64Array","array":[-147,20,0,0,0,0,1,1,1,1]}},{"__type__":"cc.Label","node":{"__id__":63},"_materials":[{"__uuid__":"ecpdLyjvZBwrvm+cedCcQy"}],"_string":" 输入提现密码","_N$string":" 输入提现密码","_fontSize":20,"_lineHeight":25,"_enableWrapText":false,"_N$file":{"__uuid__":"bcrfDxrhZMG61uRL1F6Fu9"},"_isSystemFontUsed":false,"_N$verticalAlign":1,"_N$overflow":1},{"__type__":"cc.EditBox","node":{"__id__":58},"_useOriginalSize":false,"maxLength":8,"_N$textLabel":{"__id__":62},"_N$placeholderLabel":{"__id__":64},"_N$background":{"__id__":60},"_N$inputFlag":0,"_N$inputMode":6},{"__type__":"cc.Node","_name":"comfirmPsw","_parent":{"__id__":53},"_children":[{"__id__":67},{"__id__":69},{"__id__":71}],"_components":[{"__id__":73}],"_prefab":{"__type__":"cc.PrefabInfo","root":{"__id__":1},"asset":{"__uuid__":"51Nk3t2EROha6H8wwdSEWX"},"fileId":"48yypz+AFMsLC64hFoWLAd"},"_contentSize":{"__type__":"cc.Size","width":298,"height":40},"_trs":{"__type__":"TypedArray","ctor":"Float64Array","array":[-8.9,-18.025,0,0,0,0,1,1,1,1]}},{"__type__":"cc.Node","_name":"BACKGROUND_SPRITE","_parent":{"__id__":66},"_components":[{"__id__":68},{"__type__":"cc.Widget","node":{"__id__":67},"alignMode":0,"_alignFlags":45,"_originalWidth":160,"_originalHeight":40}],"_prefab":{"__type__":"cc.PrefabInfo","root":{"__id__":1},"asset":{"__uuid__":"51Nk3t2EROha6H8wwdSEWX"},"fileId":"1blwitWS9MOJus2OUNejcV"},"_contentSize":{"__type__":"cc.Size","width":298,"height":40},"_trs":{"__type__":"TypedArray","ctor":"Float64Array","array":[0,0,0,0,0,0,1,1,1,1]}},{"__type__":"cc.Sprite","node":{"__id__":67},"_materials":[{"__uuid__":"ecpdLyjvZBwrvm+cedCcQy"}],"_spriteFrame":{"__uuid__":"b0kksSkW1G3IooN6KWoXvc"},"_type":1,"_sizeMode":0},{"__type__":"cc.Node","_name":"TEXT_LABEL","_parent":{"__id__":66},"_active":false,"_components":[{"__id__":70},{"__type__":"cc.Widget","node":{"__id__":69},"alignMode":0,"_alignFlags":45,"_left":2,"_originalWidth":158,"_originalHeight":40}],"_prefab":{"__type__":"cc.PrefabInfo","root":{"__id__":1},"asset":{"__uuid__":"51Nk3t2EROha6H8wwdSEWX"},"fileId":"cbnpLs0qRFhYCcrqNKo9Y/"},"_contentSize":{"__type__":"cc.Size","width":158,"height":40},"_anchorPoint":{"__type__":"cc.Vec2","y":1},"_trs":{"__type__":"TypedArray","ctor":"Float64Array","array":[-78,20,0,0,0,0,1,1,1,1]}},{"__type__":"cc.Label","node":{"__id__":69},"_fontSize":20,"_lineHeight":25,"_enableWrapText":false,"_N$verticalAlign":1,"_N$overflow":1},{"__type__":"cc.Node","_name":"PLACEHOLDER_LABEL","_parent":{"__id__":66},"_components":[{"__id__":72},{"__type__":"cc.Widget","node":{"__id__":71},"alignMode":0,"_alignFlags":45,"_left":2,"_originalWidth":158,"_originalHeight":40}],"_prefab":{"__type__":"cc.PrefabInfo","root":{"__id__":1},"asset":{"__uuid__":"51Nk3t2EROha6H8wwdSEWX"},"fileId":"44mMSgVvhCJ66rYJVQaEmt"},"_contentSize":{"__type__":"cc.Size","width":296,"height":40},"_anchorPoint":{"__type__":"cc.Vec2","y":1},"_trs":{"__type__":"TypedArray","ctor":"Float64Array","array":[-147,20,0,0,0,0,1,1,1,1]}},{"__type__":"cc.Label","node":{"__id__":71},"_materials":[{"__uuid__":"ecpdLyjvZBwrvm+cedCcQy"}],"_string":" 确认提现密码","_N$string":" 确认提现密码","_fontSize":20,"_lineHeight":25,"_enableWrapText":false,"_N$file":{"__uuid__":"bcrfDxrhZMG61uRL1F6Fu9"},"_isSystemFontUsed":false,"_N$verticalAlign":1,"_N$overflow":1},{"__type__":"cc.EditBox","node":{"__id__":66},"_useOriginalSize":false,"maxLength":8,"_N$textLabel":{"__id__":70},"_N$placeholderLabel":{"__id__":72},"_N$background":{"__id__":68},"_N$inputFlag":0,"_N$inputMode":6},{"__type__":"cc.Node","_name":"confirm_btn","_parent":{"__id__":53},"_components":[{"__type__":"cc.Sprite","node":{"__id__":74},"_materials":[{"__uuid__":"ecpdLyjvZBwrvm+cedCcQy"}],"_spriteFrame":{"__uuid__":"8ahGpUh1xHnK2iqSg9FFXn"}},{"__type__":"cc.Button","node":{"__id__":74},"clickEvents":[{"__type__":"cc.ClickEvent","target":{"__id__":1},"_componentId":"84f85h+LW1GjKxUvwjnsKdz","handler":"senToServer"}],"_N$transition":3,"transition":3}],"_prefab":{"__type__":"cc.PrefabInfo","root":{"__id__":1},"asset":{"__uuid__":"51Nk3t2EROha6H8wwdSEWX"},"fileId":"361jM75qFM1IJ0e9Y7D9pF"},"_contentSize":{"__type__":"cc.Size","width":163,"height":53},"_trs":{"__type__":"TypedArray","ctor":"Float64Array","array":[0,-119.947,0,0,0,0,1,1,1,1]}},{"__type__":"cc.Node","_name":"BankManagerView","_parent":{"__id__":1},"_children":[{"__id__":76},{"__id__":77},{"__id__":78},{"__id__":79},{"__id__":80}],"_active":false,"_components":[{"__type__":"cc.Widget","node":{"__id__":75},"_alignFlags":45}],"_prefab":{"__type__":"cc.PrefabInfo","root":{"__id__":1},"asset":{"__uuid__":"51Nk3t2EROha6H8wwdSEWX"},"fileId":"05/uIfHtRLCov9V2qH7mO5"},"_contentSize":{"__type__":"cc.Size","width":1136,"height":640},"_trs":{"__type__":"TypedArray","ctor":"Float64Array","array":[0,0,0,0,0,0,1,1,1,1]}},{"__type__":"cc.Node","_name":"bg","_parent":{"__id__":75},"_components":[{"__type__":"cc.Sprite","node":{"__id__":76},"_materials":[{"__uuid__":"ecpdLyjvZBwrvm+cedCcQy"}],"_spriteFrame":{"__uuid__":"a0GuSjgKVAPatuCPEq+grf"}},{"__type__":"cc.Widget","node":{"__id__":76},"alignMode":2,"_alignFlags":45,"_originalWidth":100,"_originalHeight":100}],"_prefab":{"__type__":"cc.PrefabInfo","root":{"__id__":1},"asset":{"__uuid__":"51Nk3t2EROha6H8wwdSEWX"},"fileId":"8337BaxRZFiJosXQ5Doydb"},"_contentSize":{"__type__":"cc.Size","width":1136,"height":640},"_trs":{"__type__":"TypedArray","ctor":"Float64Array","array":[0,0,0,0,0,0,1,1,1,1]}},{"__type__":"cc.Node","_name":"topBg","_parent":{"__id__":75},"_components":[{"__type__":"cc.Sprite","node":{"__id__":77},"_materials":[{"__uuid__":"ecpdLyjvZBwrvm+cedCcQy"}],"_spriteFrame":{"__uuid__":"04oOJuThRHRrEOtzEAGsiV"}},{"__type__":"cc.Widget","node":{"__id__":77},"alignMode":2,"_alignFlags":41,"_bottom":518.6095,"_originalWidth":1136,"_originalHeight":100}],"_prefab":{"__type__":"cc.PrefabInfo","root":{"__id__":1},"asset":{"__uuid__":"51Nk3t2EROha6H8wwdSEWX"},"fileId":"de0x09uI5OKILvtlI6uFAT"},"_contentSize":{"__type__":"cc.Size","width":1136,"height":83},"_trs":{"__type__":"TypedArray","ctor":"Float64Array","array":[0,278.5,0,0,0,0,1,1,1,1]}},{"__type__":"cc.Node","_name":"title","_parent":{"__id__":75},"_components":[{"__type__":"cc.Sprite","node":{"__id__":78},"_materials":[{"__uuid__":"ecpdLyjvZBwrvm+cedCcQy"}],"_spriteFrame":{"__uuid__":"f8kylidiNNKIgc0t6l1q/Q"}},{"__type__":"cc.Widget","node":{"__id__":78},"_alignFlags":9,"_left":44.95100000000002,"_top":16.101999999999975}],"_prefab":{"__type__":"cc.PrefabInfo","root":{"__id__":1},"asset":{"__uuid__":"51Nk3t2EROha6H8wwdSEWX"},"fileId":"63JxYZ63VE2p32PjXFBwWo"},"_contentSize":{"__type__":"cc.Size","width":127,"height":32},"_trs":{"__type__":"TypedArray","ctor":"Float64Array","array":[-427.799,279.898,0,0,0,0,1,1.5,1.5,1]}},{"__type__":"cc.Node","_name":"exit","_parent":{"__id__":75},"_components":[{"__type__":"cc.Sprite","node":{"__id__":79},"_materials":[{"__uuid__":"ecpdLyjvZBwrvm+cedCcQy"}],"_spriteFrame":{"__uuid__":"deIrTLDj9Ds7tOYtqi589P"}},{"__type__":"cc.Widget","node":{"__id__":79},"alignMode":2,"_alignFlags":33},{"__type__":"cc.Button","node":{"__id__":79},"clickEvents":[{"__type__":"cc.ClickEvent","target":{"__id__":1},"_componentId":"84f85h+LW1GjKxUvwjnsKdz","handler":"closeBankCardManagerView"}]}],"_prefab":{"__type__":"cc.PrefabInfo","root":{"__id__":1},"asset":{"__uuid__":"51Nk3t2EROha6H8wwdSEWX"},"fileId":"2dx70PVjxMzbQ0wSVAuCpF"},"_contentSize":{"__type__":"cc.Size","width":147,"height":70},"_trs":{"__type__":"TypedArray","ctor":"Float64Array","array":[494.5,285,0,0,0,0,1,1,1,1]}},{"__type__":"cc.Node","_name":"content","_parent":{"__id__":75},"_children":[{"__id__":81},{"__id__":82},{"__id__":83},{"__id__":84},{"__id__":92},{"__id__":100},{"__id__":108}],"_prefab":{"__type__":"cc.PrefabInfo","root":{"__id__":1},"asset":{"__uuid__":"51Nk3t2EROha6H8wwdSEWX"},"fileId":"92OJ2HgzZGBrNfbM6bgALH"},"_contentSize":{"__type__":"cc.Size","width":1107,"height":653},"_anchorPoint":{"__type__":"cc.Vec2","x":0.5,"y":1},"_trs":{"__type__":"TypedArray","ctor":"Float64Array","array":[4,234,0,0,0,0,1,1,1,1]}},{"__type__":"cc.Node","_name":"bankName","_parent":{"__id__":80},"_components":[{"__type__":"cc.Label","node":{"__id__":81},"_materials":[{"__uuid__":"ecpdLyjvZBwrvm+cedCcQy"}],"_useOriginalSize":false,"_string":"开户银行","_N$string":"开户银行","_fontSize":30,"_lineHeight":35,"_N$file":{"__uuid__":"a6GFdfihpIQY/CU35PyGmw"},"_isSystemFontUsed":false,"_N$horizontalAlign":1,"_N$verticalAlign":1}],"_prefab":{"__type__":"cc.PrefabInfo","root":{"__id__":1},"asset":{"__uuid__":"51Nk3t2EROha6H8wwdSEWX"},"fileId":"59x9XLgDtPA5DfccTPmhzD"},"_contentSize":{"__type__":"cc.Size","width":120,"height":44.1},"_anchorPoint":{"__type__":"cc.Vec2","y":0.5},"_trs":{"__type__":"TypedArray","ctor":"Float64Array","array":[-479.359,-84.248,0,0,0,0,1,1,1,1]}},{"__type__":"cc.Node","_name":"userName","_parent":{"__id__":80},"_components":[{"__type__":"cc.Label","node":{"__id__":82},"_materials":[{"__uuid__":"ecpdLyjvZBwrvm+cedCcQy"}],"_useOriginalSize":false,"_string":"开户姓名","_N$string":"开户姓名","_fontSize":30,"_lineHeight":35,"_N$file":{"__uuid__":"a6GFdfihpIQY/CU35PyGmw"},"_isSystemFontUsed":false,"_N$horizontalAlign":1,"_N$verticalAlign":1}],"_prefab":{"__type__":"cc.PrefabInfo","root":{"__id__":1},"asset":{"__uuid__":"51Nk3t2EROha6H8wwdSEWX"},"fileId":"b2AMygbE1M9Z2MUQvwxTvS"},"_contentSize":{"__type__":"cc.Size","width":120,"height":44.1},"_anchorPoint":{"__type__":"cc.Vec2","y":0.5},"_trs":{"__type__":"TypedArray","ctor":"Float64Array","array":[-479.359,-197.421,0,0,0,0,1,1,1,1]}},{"__type__":"cc.Node","_name":"bankCardNumber","_parent":{"__id__":80},"_components":[{"__type__":"cc.Label","node":{"__id__":83},"_materials":[{"__uuid__":"ecpdLyjvZBwrvm+cedCcQy"}],"_useOriginalSize":false,"_string":"银行卡号","_N$string":"银行卡号","_fontSize":30,"_lineHeight":35,"_N$file":{"__uuid__":"a6GFdfihpIQY/CU35PyGmw"},"_isSystemFontUsed":false,"_N$horizontalAlign":1,"_N$verticalAlign":1}],"_prefab":{"__type__":"cc.PrefabInfo","root":{"__id__":1},"asset":{"__uuid__":"51Nk3t2EROha6H8wwdSEWX"},"fileId":"6eotoMWP9ASKWpMIbEg4D9"},"_contentSize":{"__type__":"cc.Size","width":120,"height":44.1},"_anchorPoint":{"__type__":"cc.Vec2","y":0.5},"_trs":{"__type__":"TypedArray","ctor":"Float64Array","array":[-479.359,-312.513,0,0,0,0,1,1,1,1]}},{"__type__":"cc.Node","_name":"bankerNameInput","_parent":{"__id__":80},"_children":[{"__id__":85},{"__id__":87},{"__id__":89}],"_components":[{"__id__":91}],"_prefab":{"__type__":"cc.PrefabInfo","root":{"__id__":1},"asset":{"__uuid__":"51Nk3t2EROha6H8wwdSEWX"},"fileId":"d9ZyRkmBdFsY9gBIXvc66l"},"_contentSize":{"__type__":"cc.Size","width":783,"height":68},"_trs":{"__type__":"TypedArray","ctor":"Float64Array","array":[93,-81,0,0,0,0,1,1,1,1]}},{"__type__":"cc.Node","_name":"BACKGROUND_SPRITE","_parent":{"__id__":84},"_components":[{"__id__":86},{"__type__":"cc.Widget","node":{"__id__":85},"alignMode":0,"_alignFlags":45,"_originalWidth":160,"_originalHeight":40}],"_prefab":{"__type__":"cc.PrefabInfo","root":{"__id__":1},"asset":{"__uuid__":"51Nk3t2EROha6H8wwdSEWX"},"fileId":"b5v1iNAUxMT4Uot+Tzlpid"},"_contentSize":{"__type__":"cc.Size","width":783,"height":68},"_trs":{"__type__":"TypedArray","ctor":"Float64Array","array":[0,0,0,0,0,0,1,1,1,1]}},{"__type__":"cc.Sprite","node":{"__id__":85},"_materials":[{"__uuid__":"ecpdLyjvZBwrvm+cedCcQy"}],"_spriteFrame":{"__uuid__":"16tX7abV5HFq3XNrbZ4bIQ"},"_type":1,"_sizeMode":0},{"__type__":"cc.Node","_name":"TEXT_LABEL","_parent":{"__id__":84},"_active":false,"_components":[{"__id__":88},{"__type__":"cc.Widget","node":{"__id__":87},"alignMode":0,"_alignFlags":45,"_left":2,"_originalWidth":158,"_originalHeight":40}],"_prefab":{"__type__":"cc.PrefabInfo","root":{"__id__":1},"asset":{"__uuid__":"51Nk3t2EROha6H8wwdSEWX"},"fileId":"7fvK2k2BRGA6JSgaXM5gLK"},"_contentSize":{"__type__":"cc.Size","width":158,"height":40},"_anchorPoint":{"__type__":"cc.Vec2","y":1},"_trs":{"__type__":"TypedArray","ctor":"Float64Array","array":[-78,20,0,0,0,0,1,1,1,1]}},{"__type__":"cc.Label","node":{"__id__":87},"_fontSize":20,"_lineHeight":25,"_enableWrapText":false,"_N$verticalAlign":1,"_N$overflow":1},{"__type__":"cc.Node","_name":"PLACEHOLDER_LABEL","_parent":{"__id__":84},"_components":[{"__id__":90},{"__type__":"cc.Widget","node":{"__id__":89},"alignMode":0,"_alignFlags":45,"_left":2,"_originalWidth":158,"_originalHeight":40}],"_prefab":{"__type__":"cc.PrefabInfo","root":{"__id__":1},"asset":{"__uuid__":"51Nk3t2EROha6H8wwdSEWX"},"fileId":"133/EFsBtMdJR8kLjcYe/R"},"_color":{"__type__":"cc.Color","r":143,"g":140,"b":156},"_contentSize":{"__type__":"cc.Size","width":781,"height":68},"_anchorPoint":{"__type__":"cc.Vec2","y":1},"_trs":{"__type__":"TypedArray","ctor":"Float64Array","array":[-389.5,34,0,0,0,0,1,1,1,1]}},{"__type__":"cc.Label","node":{"__id__":89},"_materials":[{"__uuid__":"ecpdLyjvZBwrvm+cedCcQy"}],"_string":"  请输入开户银行","_N$string":"  请输入开户银行","_fontSize":25,"_lineHeight":30,"_enableWrapText":false,"_N$file":{"__uuid__":"a6GFdfihpIQY/CU35PyGmw"},"_isSystemFontUsed":false,"_N$verticalAlign":1,"_N$overflow":1},{"__type__":"cc.EditBox","node":{"__id__":84},"_useOriginalSize":false,"maxLength":30,"_N$textLabel":{"__id__":88},"_N$placeholderLabel":{"__id__":90},"_N$background":{"__id__":86},"_N$inputMode":6},{"__type__":"cc.Node","_name":"userNameInput","_parent":{"__id__":80},"_children":[{"__id__":93},{"__id__":95},{"__id__":97}],"_components":[{"__id__":99}],"_prefab":{"__type__":"cc.PrefabInfo","root":{"__id__":1},"asset":{"__uuid__":"51Nk3t2EROha6H8wwdSEWX"},"fileId":"dddFhOvtxCC7CEq89BczDM"},"_contentSize":{"__type__":"cc.Size","width":783,"height":68},"_trs":{"__type__":"TypedArray","ctor":"Float64Array","array":[93,-194.173,0,0,0,0,1,1,1,1]}},{"__type__":"cc.Node","_name":"BACKGROUND_SPRITE","_parent":{"__id__":92},"_components":[{"__id__":94},{"__type__":"cc.Widget","node":{"__id__":93},"alignMode":0,"_alignFlags":45,"_originalWidth":160,"_originalHeight":40}],"_prefab":{"__type__":"cc.PrefabInfo","root":{"__id__":1},"asset":{"__uuid__":"51Nk3t2EROha6H8wwdSEWX"},"fileId":"bfik6WqAxCV5kMZGKXA/dk"},"_contentSize":{"__type__":"cc.Size","width":783,"height":68},"_trs":{"__type__":"TypedArray","ctor":"Float64Array","array":[0,0,0,0,0,0,1,1,1,1]}},{"__type__":"cc.Sprite","node":{"__id__":93},"_materials":[{"__uuid__":"ecpdLyjvZBwrvm+cedCcQy"}],"_spriteFrame":{"__uuid__":"16tX7abV5HFq3XNrbZ4bIQ"},"_type":1,"_sizeMode":0},{"__type__":"cc.Node","_name":"TEXT_LABEL","_parent":{"__id__":92},"_active":false,"_components":[{"__id__":96},{"__type__":"cc.Widget","node":{"__id__":95},"alignMode":0,"_alignFlags":45,"_left":2,"_originalWidth":158,"_originalHeight":40}],"_prefab":{"__type__":"cc.PrefabInfo","root":{"__id__":1},"asset":{"__uuid__":"51Nk3t2EROha6H8wwdSEWX"},"fileId":"44xS+eMJxD5Iqe/QxaVcIJ"},"_contentSize":{"__type__":"cc.Size","width":158,"height":40},"_anchorPoint":{"__type__":"cc.Vec2","y":1},"_trs":{"__type__":"TypedArray","ctor":"Float64Array","array":[-78,20,0,0,0,0,1,1,1,1]}},{"__type__":"cc.Label","node":{"__id__":95},"_fontSize":20,"_lineHeight":25,"_enableWrapText":false,"_N$verticalAlign":1,"_N$overflow":1},{"__type__":"cc.Node","_name":"PLACEHOLDER_LABEL","_parent":{"__id__":92},"_components":[{"__id__":98},{"__type__":"cc.Widget","node":{"__id__":97},"alignMode":0,"_alignFlags":45,"_left":2,"_originalWidth":158,"_originalHeight":40}],"_prefab":{"__type__":"cc.PrefabInfo","root":{"__id__":1},"asset":{"__uuid__":"51Nk3t2EROha6H8wwdSEWX"},"fileId":"93DJ3F69hPIZQLqiBbbbR5"},"_color":{"__type__":"cc.Color","r":143,"g":140,"b":156},"_contentSize":{"__type__":"cc.Size","width":781,"height":68},"_anchorPoint":{"__type__":"cc.Vec2","y":1},"_trs":{"__type__":"TypedArray","ctor":"Float64Array","array":[-389.5,34,0,0,0,0,1,1,1,1]}},{"__type__":"cc.Label","node":{"__id__":97},"_materials":[{"__uuid__":"ecpdLyjvZBwrvm+cedCcQy"}],"_string":"  请输入开户银行","_N$string":"  请输入开户银行","_fontSize":25,"_lineHeight":30,"_enableWrapText":false,"_N$file":{"__uuid__":"a6GFdfihpIQY/CU35PyGmw"},"_isSystemFontUsed":false,"_N$verticalAlign":1,"_N$overflow":1},{"__type__":"cc.EditBox","node":{"__id__":92},"_useOriginalSize":false,"maxLength":30,"_N$textLabel":{"__id__":96},"_N$placeholderLabel":{"__id__":98},"_N$background":{"__id__":94},"_N$inputMode":6},{"__type__":"cc.Node","_name":"bankCardInput","_parent":{"__id__":80},"_children":[{"__id__":101},{"__id__":103},{"__id__":105}],"_components":[{"__id__":107}],"_prefab":{"__type__":"cc.PrefabInfo","root":{"__id__":1},"asset":{"__uuid__":"51Nk3t2EROha6H8wwdSEWX"},"fileId":"1ey43eyoBP5ZKoK209wZ5f"},"_contentSize":{"__type__":"cc.Size","width":783,"height":68},"_trs":{"__type__":"TypedArray","ctor":"Float64Array","array":[93,-309.265,0,0,0,0,1,1,1,1]}},{"__type__":"cc.Node","_name":"BACKGROUND_SPRITE","_parent":{"__id__":100},"_components":[{"__id__":102},{"__type__":"cc.Widget","node":{"__id__":101},"alignMode":0,"_alignFlags":45,"_originalWidth":160,"_originalHeight":40}],"_prefab":{"__type__":"cc.PrefabInfo","root":{"__id__":1},"asset":{"__uuid__":"51Nk3t2EROha6H8wwdSEWX"},"fileId":"b7Q53QTyJJdLRTqrqK33H2"},"_contentSize":{"__type__":"cc.Size","width":783,"height":68},"_trs":{"__type__":"TypedArray","ctor":"Float64Array","array":[0,0,0,0,0,0,1,1,1,1]}},{"__type__":"cc.Sprite","node":{"__id__":101},"_materials":[{"__uuid__":"ecpdLyjvZBwrvm+cedCcQy"}],"_spriteFrame":{"__uuid__":"16tX7abV5HFq3XNrbZ4bIQ"},"_type":1,"_sizeMode":0},{"__type__":"cc.Node","_name":"TEXT_LABEL","_parent":{"__id__":100},"_active":false,"_components":[{"__id__":104},{"__type__":"cc.Widget","node":{"__id__":103},"alignMode":0,"_alignFlags":45,"_left":2,"_originalWidth":158,"_originalHeight":40}],"_prefab":{"__type__":"cc.PrefabInfo","root":{"__id__":1},"asset":{"__uuid__":"51Nk3t2EROha6H8wwdSEWX"},"fileId":"7fN4KzwudBZ5nwRpPZoA8l"},"_contentSize":{"__type__":"cc.Size","width":158,"height":40},"_anchorPoint":{"__type__":"cc.Vec2","y":1},"_trs":{"__type__":"TypedArray","ctor":"Float64Array","array":[-78,20,0,0,0,0,1,1,1,1]}},{"__type__":"cc.Label","node":{"__id__":103},"_fontSize":20,"_lineHeight":25,"_enableWrapText":false,"_N$verticalAlign":1,"_N$overflow":1},{"__type__":"cc.Node","_name":"PLACEHOLDER_LABEL","_parent":{"__id__":100},"_components":[{"__id__":106},{"__type__":"cc.Widget","node":{"__id__":105},"alignMode":0,"_alignFlags":45,"_left":2,"_originalWidth":158,"_originalHeight":40}],"_prefab":{"__type__":"cc.PrefabInfo","root":{"__id__":1},"asset":{"__uuid__":"51Nk3t2EROha6H8wwdSEWX"},"fileId":"30UqM1P91LN6o47BLhPMpV"},"_color":{"__type__":"cc.Color","r":143,"g":140,"b":156},"_contentSize":{"__type__":"cc.Size","width":781,"height":68},"_anchorPoint":{"__type__":"cc.Vec2","y":1},"_trs":{"__type__":"TypedArray","ctor":"Float64Array","array":[-389.5,34,0,0,0,0,1,1,1,1]}},{"__type__":"cc.Label","node":{"__id__":105},"_materials":[{"__uuid__":"ecpdLyjvZBwrvm+cedCcQy"}],"_string":"  请输入开户银行","_N$string":"  请输入开户银行","_fontSize":25,"_lineHeight":30,"_enableWrapText":false,"_N$file":{"__uuid__":"a6GFdfihpIQY/CU35PyGmw"},"_isSystemFontUsed":false,"_N$verticalAlign":1,"_N$overflow":1},{"__type__":"cc.EditBox","node":{"__id__":100},"_useOriginalSize":false,"maxLength":30,"_N$textLabel":{"__id__":104},"_N$placeholderLabel":{"__id__":106},"_N$background":{"__id__":102},"_N$inputMode":6},{"__type__":"cc.Node","_name":"confirmBankCardBtn","_parent":{"__id__":80},"_children":[{"__id__":109}],"_components":[{"__type__":"cc.Sprite","node":{"__id__":108},"_materials":[{"__uuid__":"ecpdLyjvZBwrvm+cedCcQy"}],"_spriteFrame":{"__uuid__":"b6krxEkg9D+aEWn1HdeMhu"},"_type":1,"_sizeMode":0},{"__type__":"cc.Button","node":{"__id__":108},"clickEvents":[{"__type__":"cc.ClickEvent","target":{"__id__":1},"_componentId":"84f85h+LW1GjKxUvwjnsKdz","handler":"confirmBankCard"}],"_N$transition":3,"transition":3}],"_prefab":{"__type__":"cc.PrefabInfo","root":{"__id__":1},"asset":{"__uuid__":"51Nk3t2EROha6H8wwdSEWX"},"fileId":"d2lMAClPBJzZPaPlcO1gSq"},"_contentSize":{"__type__":"cc.Size","width":1102,"height":74},"_trs":{"__type__":"TypedArray","ctor":"Float64Array","array":[-2,-470.218,0,0,0,0,1,1,1,1]}},{"__type__":"cc.Node","_name":"name","_parent":{"__id__":108},"_components":[{"__type__":"cc.Label","node":{"__id__":109},"_materials":[{"__uuid__":"ecpdLyjvZBwrvm+cedCcQy"}],"_useOriginalSize":false,"_string":"确认","_N$string":"确认","_fontSize":35,"_N$file":{"__uuid__":"a6GFdfihpIQY/CU35PyGmw"},"_isSystemFontUsed":false,"_N$horizontalAlign":1,"_N$verticalAlign":1}],"_prefab":{"__type__":"cc.PrefabInfo","root":{"__id__":1},"asset":{"__uuid__":"51Nk3t2EROha6H8wwdSEWX"},"fileId":"95MwlnmrhBHLfSvuawNZZQ"},"_color":{"__type__":"cc.Color"},"_contentSize":{"__type__":"cc.Size","width":70,"height":50.4},"_trs":{"__type__":"TypedArray","ctor":"Float64Array","array":[0,0,0,0,0,0,1,1,1,1]}}],{"__type__":"cc.SpriteFrame","content":{"name":"confirm_btn","texture":"cfCpKgTV5PO4J+8KRBAv+M","rect":[139,355,163,53],"offset":[0,0],"originalSize":[163,53],"rotated":1,"capInsets":[0,0,0,0]}},{"__type__":"cc.SpriteFrame","content":{"name":"main_bg","texture":"6fbcz5Z/1EzanvnN6v7Y+p","rect":[0,0,1136,640],"offset":[0,0],"originalSize":[1136,640],"capInsets":[0,0,0,0]}},{"__type__":"cc.SpriteFrame","content":{"name":"default_sprite_splash","texture":"02delMVqdBD70a/HSD99FK","rect":[0,0,2,2],"offset":[0,0],"originalSize":[2,2],"capInsets":[0,0,0,0]}},{"__type__":"cc.SpriteFrame","content":{"name":"tixian_title","texture":"cfCpKgTV5PO4J+8KRBAv+M","rect":[504,339,103,54],"offset":[0,0],"originalSize":[103,54],"rotated":1,"capInsets":[0,0,0,0]}},{"__type__":"cc.SpriteFrame","content":{"name":"input_bg","texture":"cfCpKgTV5PO4J+8KRBAv+M","rect":[243,500,14,13],"offset":[0,0],"originalSize":[14,13],"rotated":1,"capInsets":[5,3,4,2]}},{"__type__":"cc.SpriteFrame","content":{"name":"jinse_jianbian","texture":"cfCpKgTV5PO4J+8KRBAv+M","rect":[578,895,35,76],"offset":[0,0],"originalSize":[35,76],"rotated":1,"capInsets":[13,0,13,0]}},{"__type__":"cc.SpriteFrame","content":{"name":"game_back_2","texture":"3dn4uZuXJLSqUYywI1ZTZy","rect":[861,71,147,70],"offset":[0,0],"originalSize":[147,70],"capInsets":[0,0,0,0]}},{"__type__":"cc.SpriteFrame","content":{"name":"game_limit_bg","texture":"3dn4uZuXJLSqUYywI1ZTZy","rect":[914,486,22,24],"offset":[0,0],"originalSize":[22,24],"capInsets":[8,7,8,8]}},{"__type__":"cc.SpriteFrame","content":{"name":"bank_card_title","texture":"cfCpKgTV5PO4J+8KRBAv+M","rect":[57,884,127,32],"offset":[0,1],"originalSize":[127,54],"rotated":1,"capInsets":[0,0,0,0]}}]