[{"__type__":"cc.SpriteFrame","content":{"name":"emoji_18","texture":"b2VOooXklPz4sRdEhnCqSd","rect":[162,54,48,50],"offset":[0,0],"originalSize":[56,56],"capInsets":[0,0,0,0]}},{"__type__":"cc.SpriteFrame","content":{"name":"emoji_15","texture":"b2VOooXklPz4sRdEhnCqSd","rect":[164,2,48,50],"offset":[0,0],"originalSize":[56,56],"capInsets":[0,0,0,0]}},{"__type__":"cc.SpriteFrame","content":{"name":"emoji_42","texture":"b2VOooXklPz4sRdEhnCqSd","rect":[362,152,48,48],"offset":[0,0],"originalSize":[56,56],"capInsets":[0,0,0,0]}},{"__type__":"cc.SpriteFrame","content":{"name":"emoji_12","texture":"b2VOooXklPz4sRdEhnCqSd","rect":[206,280,52,50],"offset":[0,-1],"originalSize":[56,56],"rotated":1,"capInsets":[0,0,0,0]}},{"__type__":"cc.SpriteFrame","content":{"name":"emoji_57","texture":"b2VOooXklPz4sRdEhnCqSd","rect":[256,100,42,38],"offset":[-1,-1],"originalSize":[56,56],"rotated":1,"capInsets":[0,0,0,0]}},{"__type__":"cc.SpriteFrame","content":{"name":"emoji_3","texture":"b2VOooXklPz4sRdEhnCqSd","rect":[98,404,54,48],"offset":[0,0],"originalSize":[56,56],"rotated":1,"capInsets":[0,0,0,0]}},{"__type__":"cc.SpriteFrame","content":{"name":"emoji_58","texture":"b2VOooXklPz4sRdEhnCqSd","rect":[440,252,48,48],"offset":[0,0],"originalSize":[56,56],"capInsets":[0,0,0,0]}},{"__type__":"cc.SpriteFrame","content":{"name":"emoji_73","texture":"b2VOooXklPz4sRdEhnCqSd","rect":[110,56,50,50],"offset":[0,0],"originalSize":[56,56],"capInsets":[0,0,0,0]}},{"__type__":"cc.SpriteFrame","content":{"name":"emoji_50","texture":"b2VOooXklPz4sRdEhnCqSd","rect":[154,280,52,50],"offset":[1,0],"originalSize":[56,56],"rotated":1,"capInsets":[0,0,0,0]}},{"__type__":"cc.SpriteFrame","content":{"name":"emoji_37","texture":"b2VOooXklPz4sRdEhnCqSd","rect":[56,172,50,52],"offset":[0,-1],"originalSize":[56,56],"capInsets":[0,0,0,0]}},{"__type__":"cc.SpriteFrame","content":{"name":"emoji_30","texture":"b2VOooXklPz4sRdEhnCqSd","rect":[408,402,48,48],"offset":[0,0],"originalSize":[56,56],"capInsets":[0,0,0,0]}},{"__type__":"cc.SpriteFrame","content":{"name":"emoji_66","texture":"b2VOooXklPz4sRdEhnCqSd","rect":[390,292,48,48],"offset":[0,0],"originalSize":[56,56],"capInsets":[0,0,0,0]}},{"__type__":"cc.SpriteFrame","content":{"name":"emoji_22","texture":"b2VOooXklPz4sRdEhnCqSd","rect":[2,350,56,40],"offset":[0,-1],"originalSize":[56,56],"rotated":1,"capInsets":[0,0,0,0]}},{"__type__":"cc.SpriteFrame","content":{"name":"emoji_24","texture":"b2VOooXklPz4sRdEhnCqSd","rect":[408,452,48,48],"offset":[0,0],"originalSize":[56,56],"capInsets":[0,0,0,0]}},{"__type__":"cc.SpriteFrame","content":{"name":"emoji_78","texture":"b2VOooXklPz4sRdEhnCqSd","rect":[262,194,48,48],"offset":[0,1],"originalSize":[56,56],"capInsets":[0,0,0,0]}},{"__type__":"cc.SpriteFrame","content":{"name":"emoji_49","texture":"b2VOooXklPz4sRdEhnCqSd","rect":[2,466,44,50],"offset":[0,0],"originalSize":[56,56],"rotated":1,"capInsets":[0,0,0,0]}},{"__type__":"cc.SpriteFrame","content":{"name":"emoji_1","texture":"b2VOooXklPz4sRdEhnCqSd","rect":[2,176,56,52],"offset":[0,1],"originalSize":[56,56],"rotated":1,"capInsets":[0,0,0,0]}},{"__type__":"cc.SpriteFrame","content":{"name":"emoji_64","texture":"b2VOooXklPz4sRdEhnCqSd","rect":[60,2,50,52],"offset":[-1,-2],"originalSize":[56,56],"capInsets":[0,0,0,0]}},{"__type__":"cc.SpriteFrame","content":{"name":"emoji_68","texture":"b2VOooXklPz4sRdEhnCqSd","rect":[2,118,56,52],"offset":[0,-2],"originalSize":[56,56],"rotated":1,"capInsets":[0,0,0,0]}},{"__type__":"cc.SpriteFrame","content":{"name":"emoji_2","texture":"b2VOooXklPz4sRdEhnCqSd","rect":[296,100,48,40],"offset":[0,0],"originalSize":[56,56],"capInsets":[0,0,0,0]}},{"__type__":"cc.SpriteFrame","content":{"name":"emoji_31","texture":"b2VOooXklPz4sRdEhnCqSd","rect":[358,452,48,48],"offset":[0,0],"originalSize":[56,56],"capInsets":[0,0,0,0]}},{"__type__":"cc.SpriteFrame","content":{"name":"emoji_13","texture":"b2VOooXklPz4sRdEhnCqSd","rect":[458,452,48,48],"offset":[0,0],"originalSize":[56,56],"capInsets":[0,0,0,0]}},{"__type__":"cc.SpriteFrame","content":{"name":"emoji_70","texture":"b2VOooXklPz4sRdEhnCqSd","rect":[212,98,48,42],"offset":[0,0],"originalSize":[56,56],"rotated":1,"capInsets":[0,0,0,0]}},{"__type__":"cc.SpriteFrame","content":{"name":"emoji_61","texture":"b2VOooXklPz4sRdEhnCqSd","rect":[2,408,56,38],"offset":[0,-2],"originalSize":[56,56],"rotated":1,"capInsets":[0,0,0,0]}},{"__type__":"cc.SpriteFrame","content":{"name":"emoji_17","texture":"b2VOooXklPz4sRdEhnCqSd","rect":[262,2,46,46],"offset":[-2,2],"originalSize":[56,56],"capInsets":[0,0,0,0]}},{"__type__":"cc.SpriteFrame","content":{"name":"emoji_38","texture":"b2VOooXklPz4sRdEhnCqSd","rect":[158,226,52,50],"offset":[2,0],"originalSize":[56,56],"rotated":1,"capInsets":[0,0,0,0]}},{"__type__":"cc.SpriteFrame","content":{"name":"emoji_10","texture":"b2VOooXklPz4sRdEhnCqSd","rect":[2,60,54,56],"offset":[0,0],"originalSize":[56,56],"capInsets":[0,0,0,0]}},{"__type__":"cc.SpriteFrame","content":{"name":"emoji_28","texture":"b2VOooXklPz4sRdEhnCqSd","rect":[106,226,50,52],"offset":[0,1],"originalSize":[56,56],"capInsets":[0,0,0,0]}},{"__type__":"cc.SpriteFrame","content":{"name":"emoji_9","texture":"b2VOooXklPz4sRdEhnCqSd","rect":[104,290,54,48],"offset":[1,0],"originalSize":[56,56],"rotated":1,"capInsets":[0,0,0,0]}},{"__type__":"cc.SpriteFrame","content":{"name":"emoji_72","texture":"b2VOooXklPz4sRdEhnCqSd","rect":[352,344,48,48],"offset":[0,0],"originalSize":[56,56],"capInsets":[0,0,0,0]}},{"__type__":"cc.SpriteFrame","content":{"name":"emoji_67","texture":"b2VOooXklPz4sRdEhnCqSd","rect":[360,242,48,48],"offset":[0,0],"originalSize":[56,56],"capInsets":[0,0,0,0]}},{"__type__":"cc.SpriteFrame","content":{"name":"emoji_25","texture":"b2VOooXklPz4sRdEhnCqSd","rect":[458,402,48,48],"offset":[0,0],"originalSize":[56,56],"capInsets":[0,0,0,0]}},{"__type__":"cc.SpriteFrame","content":{"name":"emoji_60","texture":"b2VOooXklPz4sRdEhnCqSd","rect":[440,102,48,48],"offset":[0,0],"originalSize":[56,56],"capInsets":[0,0,0,0]}},{"__type__":"cc.SpriteFrame","content":{"name":"emoji_43","texture":"b2VOooXklPz4sRdEhnCqSd","rect":[362,102,48,48],"offset":[0,1],"originalSize":[56,56],"capInsets":[0,0,0,0]}},{"__type__":"cc.SpriteFrame","content":{"name":"emoji_34","texture":"b2VOooXklPz4sRdEhnCqSd","rect":[358,402,48,48],"offset":[0,0],"originalSize":[56,56],"capInsets":[0,0,0,0]}},{"__type__":"cc.SpriteFrame","content":{"name":"emoji_46","texture":"b2VOooXklPz4sRdEhnCqSd","rect":[290,316,48,50],"offset":[0,1],"originalSize":[56,56],"capInsets":[0,0,0,0]}},{"__type__":"cc.SpriteFrame","content":{"name":"emoji_87","texture":"b2VOooXklPz4sRdEhnCqSd","rect":[312,192,48,48],"offset":[0,0],"originalSize":[56,56],"capInsets":[0,0,0,0]}},{"__type__":"cc.SpriteFrame","content":{"name":"emoji_71","texture":"b2VOooXklPz4sRdEhnCqSd","rect":[312,142,48,48],"offset":[0,0],"originalSize":[56,56],"capInsets":[0,0,0,0]}},{"__type__":"cc.SpriteFrame","content":{"name":"emoji_32","texture":"b2VOooXklPz4sRdEhnCqSd","rect":[160,456,52,52],"offset":[-2,2],"originalSize":[56,56],"capInsets":[0,0,0,0]}},{"__type__":"cc.SpriteFrame","content":{"name":"emoji_48","texture":"b2VOooXklPz4sRdEhnCqSd","rect":[362,52,48,48],"offset":[0,0],"originalSize":[56,56],"capInsets":[0,0,0,0]}},{"__type__":"cc.SpriteFrame","content":{"name":"emoji_82","texture":"b2VOooXklPz4sRdEhnCqSd","rect":[148,402,52,52],"offset":[1,-2],"originalSize":[56,56],"capInsets":[0,0,0,0]}},{"__type__":"cc.SpriteFrame","content":{"name":"emoji_29","texture":"b2VOooXklPz4sRdEhnCqSd","rect":[188,334,52,50],"offset":[0,0],"originalSize":[56,56],"rotated":1,"capInsets":[0,0,0,0]}},{"__type__":"cc.SpriteFrame","content":{"name":"emoji_74","texture":"b2VOooXklPz4sRdEhnCqSd","rect":[340,294,48,48],"offset":[0,0],"originalSize":[56,56],"capInsets":[0,0,0,0]}},{"__type__":"cc.SpriteFrame","content":{"name":"emoji_86","texture":"b2VOooXklPz4sRdEhnCqSd","rect":[106,460,52,50],"offset":[-1,-1],"originalSize":[56,56],"capInsets":[0,0,0,0]}},{"__type__":"cc.SpriteFrame","content":{"name":"emoji_21","texture":"b2VOooXklPz4sRdEhnCqSd","rect":[212,148,50,48],"offset":[0,0],"originalSize":[56,56],"rotated":1,"capInsets":[0,0,0,0]}},{"__type__":"cc.SpriteFrame","content":{"name":"emoji_84","texture":"b2VOooXklPz4sRdEhnCqSd","rect":[108,172,52,50],"offset":[0,-2],"originalSize":[56,56],"rotated":1,"capInsets":[0,0,0,0]}},{"__type__":"cc.SpriteFrame","content":{"name":"emoji_88","texture":"b2VOooXklPz4sRdEhnCqSd","rect":[58,60,50,52],"offset":[0,-2],"originalSize":[56,56],"capInsets":[0,0,0,0]}},{"__type__":"cc.SpriteFrame","content":{"name":"emoji_35","texture":"b2VOooXklPz4sRdEhnCqSd","rect":[310,2,46,48],"offset":[0,0],"originalSize":[56,56],"capInsets":[0,0,0,0]}},{"__type__":"cc.SpriteFrame","content":{"name":"emoji_54","texture":"b2VOooXklPz4sRdEhnCqSd","rect":[2,2,56,56],"offset":[0,0],"originalSize":[56,56],"capInsets":[0,0,0,0]}},{"__type__":"cc.SpriteFrame","content":{"name":"emoji_7","texture":"b2VOooXklPz4sRdEhnCqSd","rect":[112,2,50,50],"offset":[-1,0],"originalSize":[56,56],"capInsets":[0,0,0,0]}},{"__type__":"cc.SpriteFrame","content":{"name":"emoji_8","texture":"b2VOooXklPz4sRdEhnCqSd","rect":[262,144,48,48],"offset":[0,0],"originalSize":[56,56],"capInsets":[0,0,0,0]}},{"__type__":"cc.SpriteFrame","content":{"name":"emoji_26","texture":"b2VOooXklPz4sRdEhnCqSd","rect":[214,442,48,52],"offset":[0,-1],"originalSize":[56,56],"capInsets":[0,0,0,0]}},{"__type__":"cc.SpriteFrame","content":{"name":"emoji_62","texture":"b2VOooXklPz4sRdEhnCqSd","rect":[54,234,50,54],"offset":[-1,1],"originalSize":[56,56],"capInsets":[0,0,0,0]}},{"__type__":"cc.SpriteFrame","content":{"name":"emoji_44","texture":"b2VOooXklPz4sRdEhnCqSd","rect":[2,292,56,48],"offset":[0,0],"originalSize":[56,56],"rotated":1,"capInsets":[0,0,0,0]}},{"__type__":"cc.SpriteFrame","content":{"name":"emoji_41","texture":"b2VOooXklPz4sRdEhnCqSd","rect":[302,368,48,50],"offset":[0,0],"originalSize":[56,56],"capInsets":[0,0,0,0]}},{"__type__":"cc.SpriteFrame","content":{"name":"emoji_85","texture":"b2VOooXklPz4sRdEhnCqSd","rect":[410,2,48,48],"offset":[0,0],"originalSize":[56,56],"capInsets":[0,0,0,0]}},{"__type__":"cc.SpriteFrame","content":{"name":"emoji_69","texture":"b2VOooXklPz4sRdEhnCqSd","rect":[312,192,48,48],"offset":[0,0],"originalSize":[56,56],"capInsets":[0,0,0,0]}},{"__type__":"cc.SpriteFrame","content":{"name":"emoji_16","texture":"b2VOooXklPz4sRdEhnCqSd","rect":[44,350,52,54],"offset":[2,-1],"originalSize":[56,56],"capInsets":[0,0,0,0]}},{"__type__":"cc.SpriteFrame","content":{"name":"emoji_23","texture":"b2VOooXklPz4sRdEhnCqSd","rect":[98,348,48,54],"offset":[0,0],"originalSize":[56,56],"capInsets":[0,0,0,0]}},{"__type__":"cc.SpriteFrame","content":{"name":"emoji_53","texture":"b2VOooXklPz4sRdEhnCqSd","rect":[54,464,46,50],"offset":[1,1],"originalSize":[56,56],"rotated":1,"capInsets":[0,0,0,0]}},{"__type__":"cc.SpriteFrame","content":{"name":"emoji_56","texture":"b2VOooXklPz4sRdEhnCqSd","rect":[308,472,38,48],"offset":[0,1],"originalSize":[56,56],"rotated":1,"capInsets":[0,0,0,0]}},{"__type__":"cc.SpriteFrame","content":{"name":"emoji_36","texture":"b2VOooXklPz4sRdEhnCqSd","rect":[452,352,48,48],"offset":[0,0],"originalSize":[56,56],"capInsets":[0,0,0,0]}},{"__type__":"cc.SpriteFrame","content":{"name":"emoji_83","texture":"b2VOooXklPz4sRdEhnCqSd","rect":[162,106,50,48],"offset":[0,0],"originalSize":[56,56],"rotated":1,"capInsets":[0,0,0,0]}},{"__type__":"cc.SpriteFrame","content":{"name":"emoji_80","texture":"b2VOooXklPz4sRdEhnCqSd","rect":[52,292,50,54],"offset":[-1,0],"originalSize":[56,56],"capInsets":[0,0,0,0]}},{"__type__":"cc.SpriteFrame","content":{"name":"emoji_63","texture":"b2VOooXklPz4sRdEhnCqSd","rect":[110,108,50,50],"offset":[-1,0],"originalSize":[56,56],"capInsets":[0,0,0,0]}},{"__type__":"cc.SpriteFrame","content":{"name":"emoji_4","texture":"b2VOooXklPz4sRdEhnCqSd","rect":[264,442,42,52],"offset":[-1,0],"originalSize":[56,56],"capInsets":[0,0,0,0]}},{"__type__":"cc.SpriteFrame","content":{"name":"emoji_77","texture":"b2VOooXklPz4sRdEhnCqSd","rect":[310,244,48,48],"offset":[0,0],"originalSize":[56,56],"capInsets":[0,0,0,0]}},{"__type__":"cc.SpriteFrame","content":{"name":"emoji_55","texture":"b2VOooXklPz4sRdEhnCqSd","rect":[440,302,48,48],"offset":[0,0],"originalSize":[56,56],"capInsets":[0,0,0,0]}},{"__type__":"cc.SpriteFrame","content":{"name":"emoji_47","texture":"b2VOooXklPz4sRdEhnCqSd","rect":[2,234,56,50],"offset":[0,-1],"originalSize":[56,56],"rotated":1,"capInsets":[0,0,0,0]}},{"__type__":"cc.SpriteFrame","content":{"name":"emoji_76","texture":"b2VOooXklPz4sRdEhnCqSd","rect":[148,346,38,54],"offset":[-2,0],"originalSize":[56,56],"capInsets":[0,0,0,0]}},{"__type__":"cc.SpriteFrame","content":{"name":"emoji_11","texture":"b2VOooXklPz4sRdEhnCqSd","rect":[214,2,46,42],"offset":[0,1],"originalSize":[56,56],"capInsets":[0,0,0,0]}},{"__type__":"cc.SpriteFrame","content":{"name":"emoji_75","texture":"b2VOooXklPz4sRdEhnCqSd","rect":[358,2,50,48],"offset":[0,0],"originalSize":[56,56],"capInsets":[0,0,0,0]}},{"__type__":"cc.SpriteFrame","content":{"name":"emoji_45","texture":"b2VOooXklPz4sRdEhnCqSd","rect":[252,388,52,48],"offset":[2,0],"originalSize":[56,56],"rotated":1,"capInsets":[0,0,0,0]}},{"__type__":"cc.SpriteFrame","content":{"name":"emoji_59","texture":"b2VOooXklPz4sRdEhnCqSd","rect":[440,202,48,48],"offset":[0,0],"originalSize":[56,56],"capInsets":[0,0,0,0]}},{"__type__":"cc.SpriteFrame","content":{"name":"emoji_6","texture":"b2VOooXklPz4sRdEhnCqSd","rect":[440,152,48,48],"offset":[0,1],"originalSize":[56,56],"capInsets":[0,0,0,0]}},{"__type__":"cc.SpriteFrame","content":{"name":"emoji_51","texture":"b2VOooXklPz4sRdEhnCqSd","rect":[160,160,50,50],"offset":[-2,1],"originalSize":[56,56],"capInsets":[0,0,0,0]}},{"__type__":"cc.SpriteFrame","content":{"name":"emoji_20","texture":"b2VOooXklPz4sRdEhnCqSd","rect":[56,118,52,52],"offset":[2,2],"originalSize":[56,56],"capInsets":[0,0,0,0]}},{"__type__":"cc.SpriteFrame","content":{"name":"emoji_81","texture":"b2VOooXklPz4sRdEhnCqSd","rect":[460,2,48,48],"offset":[0,0],"originalSize":[56,56],"capInsets":[0,0,0,0]}},{"__type__":"cc.SpriteFrame","content":{"name":"emoji_5","texture":"b2VOooXklPz4sRdEhnCqSd","rect":[42,408,54,54],"offset":[0,0],"originalSize":[56,56],"capInsets":[0,0,0,0]}},{"__type__":"cc.SpriteFrame","content":{"name":"emoji_19","texture":"b2VOooXklPz4sRdEhnCqSd","rect":[258,264,50,50],"offset":[0,-1],"originalSize":[56,56],"capInsets":[0,0,0,0]}},{"__type__":"cc.SpriteFrame","content":{"name":"emoji_33","texture":"b2VOooXklPz4sRdEhnCqSd","rect":[308,420,48,50],"offset":[0,0],"originalSize":[56,56],"capInsets":[0,0,0,0]}},{"__type__":"cc.SpriteFrame","content":{"name":"emoji_40","texture":"b2VOooXklPz4sRdEhnCqSd","rect":[258,50,50,48],"offset":[0,0],"originalSize":[56,56],"capInsets":[0,0,0,0]}},{"__type__":"cc.SpriteFrame","content":{"name":"emoji_52","texture":"b2VOooXklPz4sRdEhnCqSd","rect":[240,334,48,52],"offset":[-1,1],"originalSize":[56,56],"capInsets":[0,0,0,0]}},{"__type__":"cc.SpriteFrame","content":{"name":"emoji_39","texture":"b2VOooXklPz4sRdEhnCqSd","rect":[402,352,48,48],"offset":[0,0],"originalSize":[56,56],"capInsets":[0,0,0,0]}},{"__type__":"cc.SpriteFrame","content":{"name":"emoji_14","texture":"b2VOooXklPz4sRdEhnCqSd","rect":[214,46,42,50],"offset":[-1,0],"originalSize":[56,56],"capInsets":[0,0,0,0]}},{"__type__":"cc.SpriteFrame","content":{"name":"emoji_27","texture":"b2VOooXklPz4sRdEhnCqSd","rect":[210,212,50,50],"offset":[-1,0],"originalSize":[56,56],"capInsets":[0,0,0,0]}},{"__type__":"cc.SpriteFrame","content":{"name":"emoji_79","texture":"b2VOooXklPz4sRdEhnCqSd","rect":[202,388,48,52],"offset":[0,-2],"originalSize":[56,56],"capInsets":[0,0,0,0]}},{"__type__":"cc.SpriteAtlas","_name":"emoji.plist","_spriteFrames":{"emoji_1":{"__uuid__":"2b5JoP4FlPGIeq80jwKe6V"},"emoji_10":{"__uuid__":"4eRTNtqvRDsoRBfIAteUaE"},"emoji_11":{"__uuid__":"c0siS/0SZMBq4s+vwRLuEE"},"emoji_12":{"__uuid__":"0bc3kw1XVKgbz7eHklL3kD"},"emoji_13":{"__uuid__":"3bmiG6W/RAqL6JuxqJx0EY"},"emoji_14":{"__uuid__":"ecg+htHZ9HwpJ7VRKEl4hS"},"emoji_15":{"__uuid__":"02DWlqu+tPdY+ERlZdXZY9"},"emoji_16":{"__uuid__":"9a2LDb41ZMQLSwz4IAM4mN"},"emoji_17":{"__uuid__":"4aq9wFPiFN3Ze+HqR07bYr"},"emoji_18":{"__uuid__":"012AWQHa9KhqmIPQfydxj6"},"emoji_19":{"__uuid__":"dcBoHEE1lHKrcEARezjQVp"},"emoji_2":{"__uuid__":"32ACCtGI9O/7EWzy7khMlq"},"emoji_20":{"__uuid__":"d8U6TD1H1HsreL835YZ4wy"},"emoji_21":{"__uuid__":"88UdR9yFRD151VJnrd8vny"},"emoji_22":{"__uuid__":"1aVffdJRBNtqQKrIpx4+S1"},"emoji_23":{"__uuid__":"9bB3IMwc1CAp/dpoHVeVn6"},"emoji_24":{"__uuid__":"1ejR7OvrhJ5bF1mmz6cyig"},"emoji_25":{"__uuid__":"68uqHiOSdPf51A+sHNCM+j"},"emoji_26":{"__uuid__":"90IvG8KnpLsJZUf89ihsoh"},"emoji_27":{"__uuid__":"f5qMjTU15FQZExri6HAwhh"},"emoji_28":{"__uuid__":"4ffwttYPVMhKZbnxD17wuW"},"emoji_29":{"__uuid__":"7fxCUs8sJLu6QY8YHcuc3/"},"emoji_3":{"__uuid__":"0dTd0HuOpKa6FwoguHAWGy"},"emoji_30":{"__uuid__":"12hw97vBBDMbTqBwIAK33B"},"emoji_31":{"__uuid__":"35zjeUVvBEgJkDI1CWYIE0"},"emoji_32":{"__uuid__":"78xvvc+RFPEbFdgQKQgmyv"},"emoji_33":{"__uuid__":"dcajnV3Z9PRpLuUjeI12as"},"emoji_34":{"__uuid__":"719YFvfpdHS6mTrJz+jGMa"},"emoji_35":{"__uuid__":"8dObwKfZBA9Ia+nUzUF3Fw"},"emoji_36":{"__uuid__":"a4nwl2uKJKs6PUEYQUlbKB"},"emoji_37":{"__uuid__":"10KwXc/YVJqI1Eav5RTLRG"},"emoji_38":{"__uuid__":"4bXTQz5OxDmKIU/NBeuVyc"},"emoji_39":{"__uuid__":"ebxeUVTvFIWIySRqK9o8PP"},"emoji_4":{"__uuid__":"afnvil9iBK+L02+xrRayww"},"emoji_40":{"__uuid__":"dfcR1iaQxD+KGFZkXBaQ6y"},"emoji_41":{"__uuid__":"94BE1EtbRBB675FZbBqSDI"},"emoji_42":{"__uuid__":"041z9ko81I0bHleKKIHOLg"},"emoji_43":{"__uuid__":"6fXBrBg21DCpQy+dd8MZ9C"},"emoji_44":{"__uuid__":"92qf+IY0tKGoQ+WjDHOfV3"},"emoji_45":{"__uuid__":"c7OBL9tINFv5jSuohivaTI"},"emoji_46":{"__uuid__":"75x1yUjDtKJLa72ba5M/c1"},"emoji_47":{"__uuid__":"bfq55oPTJJBosnYLdk8MRI"},"emoji_48":{"__uuid__":"7dOCU/CCdMdpC/cAML7MMv"},"emoji_49":{"__uuid__":"24okDp/5dONquofyBjYi0n"},"emoji_5":{"__uuid__":"dawVrB3btDk4JLjjkluoHx"},"emoji_50":{"__uuid__":"0frwDKmMtNCb1n0BmFQwY5"},"emoji_51":{"__uuid__":"d44TpwqJhBu4qbqkf2qD1a"},"emoji_52":{"__uuid__":"dftywWuu9Jy7eZb+z0vfCn"},"emoji_53":{"__uuid__":"9fLIbu7IJC7bG22xzJi2BM"},"emoji_54":{"__uuid__":"8eTVw8MRlPJoq/55FmpoNK"},"emoji_55":{"__uuid__":"b9X8bVFm9KmpXWDCl24dt7"},"emoji_56":{"__uuid__":"a0FpipFsNCOLuxci1dUwHs"},"emoji_57":{"__uuid__":"0ctI8OtkNLy4X8udKql45k"},"emoji_58":{"__uuid__":"0fE+F8nuVMd4F5MAhbsg8r"},"emoji_59":{"__uuid__":"cbxMUSuYpGhKQZegaxyxRm"},"emoji_6":{"__uuid__":"d1GEYKPIdEhLEtSSYV0z+t"},"emoji_60":{"__uuid__":"6dSAlzOjdIAacWhTMgkGD5"},"emoji_61":{"__uuid__":"417DBHtXdFGJrw04nmZev5"},"emoji_62":{"__uuid__":"92fHxaEEVOdI05Zm+gdQjd"},"emoji_63":{"__uuid__":"abBIYwEWBB4I7NhsPFW06L"},"emoji_64":{"__uuid__":"2cZsWVkcJE2YZzer+q2CZ5"},"emoji_65":{"__uuid__":"faCsvAbnJNzIi/ZyjSmYHV"},"emoji_66":{"__uuid__":"16HVK5z/1JLb9GFlm884JP"},"emoji_67":{"__uuid__":"5f/62XxgJLTKa3pkutLJwx"},"emoji_68":{"__uuid__":"2dbszn1oRKuKnl9nJdnlW6"},"emoji_69":{"__uuid__":"9aoCspcppDAb1mmSHC/lec"},"emoji_7":{"__uuid__":"8fPikPuwBNL5RYMpFm2TvE"},"emoji_70":{"__uuid__":"40GmbouW9EBZBLk5o/uCt+"},"emoji_71":{"__uuid__":"76TqYXH4VHNYchKFfeUN/H"},"emoji_72":{"__uuid__":"5f84SQF3ZJALCHl9+5LxUc"},"emoji_73":{"__uuid__":"0foRZceqlF26Dh8XzRr68k"},"emoji_74":{"__uuid__":"80rDdb4DxOoYR0DIR/JfSh"},"emoji_75":{"__uuid__":"c3AlNVZD5O/5USbO6xMNg2"},"emoji_76":{"__uuid__":"c0gNVMx6pE8bHOYgQmj8PU"},"emoji_77":{"__uuid__":"b8Gxr3I61Hi6girfSvck+a"},"emoji_78":{"__uuid__":"21ySZOwWFPeZr3hgMToQbN"},"emoji_79":{"__uuid__":"f8mfuF6cdBO7fBpOaCwmC4"},"emoji_8":{"__uuid__":"8f+sXy0oJL4KHzGqoXDGTO"},"emoji_80":{"__uuid__":"a6TC6AttBMc6/2pG3CtH4o"},"emoji_81":{"__uuid__":"d8tR0eQglBa7kwVJt5DyE/"},"emoji_82":{"__uuid__":"7dk0aHAlBEE7W2ICHcyFTP"},"emoji_83":{"__uuid__":"a5BgZ+oRVF9oeig5cxMnLN"},"emoji_84":{"__uuid__":"8bCs6ikRpP25WPlXnyKDuW"},"emoji_85":{"__uuid__":"95XH1daHpE1LGJ1+baMKhK"},"emoji_86":{"__uuid__":"81HWiJDLlGxpfcLVlCHt/J"},"emoji_87":{"__uuid__":"759TpYQ3NOdLlG7yGI0A9f"},"emoji_88":{"__uuid__":"8b6QLyQRpII6xegXCcD2I0"},"emoji_9":{"__uuid__":"5f720jNgRPboEKlU4GOif2"}}},{"__type__":"cc.SpriteFrame","content":{"name":"emoji_65","texture":"b2VOooXklPz4sRdEhnCqSd","rect":[440,52,48,48],"offset":[0,0],"originalSize":[56,56],"capInsets":[0,0,0,0]}}]