[{"__type__":"cc.SpriteFrame","content":{"name":"tuoyuan_bg","texture":"ebmdEg3GZG5bu83hkMIeDJ","rect":[73,2,50,44],"offset":[0,0],"originalSize":[50,44],"rotated":1,"capInsets":[19,0,21,0]}},{"__type__":"cc.SpriteFrame","content":{"name":"login_tip_bg","texture":"ebmdEg3GZG5bu83hkMIeDJ","rect":[2,2,69,432],"offset":[0,0],"originalSize":[69,432],"capInsets":[20,0,20,0]}},{"__type__":"cc.SpriteFrame","content":{"name":"loginBtn","texture":"ebmdEg3GZG5bu83hkMIeDJ","rect":[306,2,163,54],"offset":[0,0],"originalSize":[163,54],"capInsets":[0,0,0,0]}},{"__type__":"cc.SpriteFrame","content":{"name":"message_login_title","texture":"ebmdEg3GZG5bu83hkMIeDJ","rect":[73,58,351,75],"offset":[0,0],"originalSize":[351,75],"rotated":1,"capInsets":[0,0,0,0]}},[{"__type__":"cc.Prefab","_name":"PhoneLoginView","data":{"__id__":1}},{"__type__":"cc.Node","_name":"PhoneLoginView","_children":[{"__id__":2},{"__id__":3},{"__id__":10},{"__id__":17},{"__id__":18},{"__id__":19},{"__id__":20},{"__id__":22},{"__id__":23},{"__id__":24}],"_components":[{"__type__":"cc.Widget","node":{"__id__":1},"_alignFlags":45},{"__type__":"e4d6e3IQWhPwqH8sXWzsKFl","node":{"__id__":1},"isMaskToExit":true}],"_prefab":{"__type__":"cc.PrefabInfo","root":{"__id__":1},"asset":{"__uuid__":"c526LW/HlCPKyvYCtAPQoI"},"fileId":"c2RGSINnxBlLB5Fx+inCHS"},"_contentSize":{"__type__":"cc.Size","width":1136,"height":640},"_trs":{"__type__":"TypedArray","ctor":"Float64Array","array":[568,320,0,0,0,0,1,1,1,1]}},{"__type__":"cc.Node","_name":"bg","_parent":{"__id__":1},"_components":[{"__type__":"cc.Sprite","node":{"__id__":2},"_materials":[{"__uuid__":"ecpdLyjvZBwrvm+cedCcQy"}],"_spriteFrame":{"__uuid__":"20FVgdK5NKsIYJNTlRrc3L"},"_type":1,"_sizeMode":0}],"_prefab":{"__type__":"cc.PrefabInfo","root":{"__id__":1},"asset":{"__uuid__":"c526LW/HlCPKyvYCtAPQoI"},"fileId":"181vkpRzRHKJ9EVHHR+Zz9"},"_contentSize":{"__type__":"cc.Size","width":598.7,"height":432.5},"_trs":{"__type__":"TypedArray","ctor":"Float64Array","array":[2.4,-2.9,0,0,0,0,1,1,1,1]}},{"__type__":"cc.Node","_name":"userNameInput","_parent":{"__id__":1},"_children":[{"__id__":4},{"__id__":6},{"__id__":8}],"_components":[{"__type__":"cc.EditBox","node":{"__id__":3},"_useOriginalSize":false,"maxLength":8,"_N$textLabel":{"__id__":7},"_N$placeholderLabel":{"__id__":9},"_N$background":{"__id__":5},"_N$inputMode":6}],"_prefab":{"__type__":"cc.PrefabInfo","root":{"__id__":1},"asset":{"__uuid__":"c526LW/HlCPKyvYCtAPQoI"},"fileId":"af+UmAq4pLyJB39ZWN8WXc"},"_contentSize":{"__type__":"cc.Size","width":357.8,"height":43.5},"_trs":{"__type__":"TypedArray","ctor":"Float64Array","array":[8.2,53.9,0,0,0,0,1,1,1,1]}},{"__type__":"cc.Node","_name":"BACKGROUND_SPRITE","_parent":{"__id__":3},"_components":[{"__id__":5},{"__type__":"cc.Widget","node":{"__id__":4},"alignMode":0,"_alignFlags":45,"_originalWidth":160,"_originalHeight":40}],"_prefab":{"__type__":"cc.PrefabInfo","root":{"__id__":1},"asset":{"__uuid__":"c526LW/HlCPKyvYCtAPQoI"},"fileId":"d8BeXcXztEgoYek0iCXYTC"},"_contentSize":{"__type__":"cc.Size","width":357.8,"height":43.5},"_trs":{"__type__":"TypedArray","ctor":"Float64Array","array":[0,0,0,0,0,0,1,1,1,1]}},{"__type__":"cc.Sprite","node":{"__id__":4},"_materials":[{"__uuid__":"ecpdLyjvZBwrvm+cedCcQy"}],"_spriteFrame":{"__uuid__":"daDzL0nYlOS4UAyvxLVeek"},"_type":1,"_sizeMode":0},{"__type__":"cc.Node","_name":"TEXT_LABEL","_parent":{"__id__":3},"_active":false,"_components":[{"__id__":7},{"__type__":"cc.Widget","node":{"__id__":6},"alignMode":0,"_alignFlags":45,"_left":2,"_originalWidth":158,"_originalHeight":40}],"_prefab":{"__type__":"cc.PrefabInfo","root":{"__id__":1},"asset":{"__uuid__":"c526LW/HlCPKyvYCtAPQoI"},"fileId":"a6g8Kd3O9MTIayK5AcDDUz"},"_contentSize":{"__type__":"cc.Size","width":383,"height":59},"_anchorPoint":{"__type__":"cc.Vec2","y":1},"_trs":{"__type__":"TypedArray","ctor":"Float64Array","array":[-190,30,0,0,0,0,1,1,1,1]}},{"__type__":"cc.Label","node":{"__id__":6},"_fontSize":20,"_lineHeight":25,"_enableWrapText":false,"_N$verticalAlign":1,"_N$overflow":1},{"__type__":"cc.Node","_name":"PLACEHOLDER_LABEL","_parent":{"__id__":3},"_components":[{"__id__":9},{"__type__":"cc.Widget","node":{"__id__":8},"alignMode":0,"_alignFlags":45,"_left":2,"_originalWidth":158,"_originalHeight":40}],"_prefab":{"__type__":"cc.PrefabInfo","root":{"__id__":1},"asset":{"__uuid__":"c526LW/HlCPKyvYCtAPQoI"},"fileId":"fc0oQ8xzJBR7TEaw+HLdas"},"_contentSize":{"__type__":"cc.Size","width":355.8,"height":43.5},"_anchorPoint":{"__type__":"cc.Vec2","y":1},"_trs":{"__type__":"TypedArray","ctor":"Float64Array","array":[-176.9,21.75,0,0,0,0,1,1,1,1]}},{"__type__":"cc.Label","node":{"__id__":8},"_materials":[{"__uuid__":"ecpdLyjvZBwrvm+cedCcQy"}],"_string":"  输入手机号","_N$string":"  输入手机号","_fontSize":20,"_lineHeight":25,"_enableWrapText":false,"_N$file":{"__uuid__":"6cdYiskGtJJYGqTveEBiCW"},"_isSystemFontUsed":false,"_N$verticalAlign":1,"_N$overflow":1},{"__type__":"cc.Node","_name":"passwordInput","_parent":{"__id__":1},"_children":[{"__id__":11},{"__id__":13},{"__id__":15}],"_components":[{"__type__":"cc.EditBox","node":{"__id__":10},"_useOriginalSize":false,"maxLength":8,"_N$textLabel":{"__id__":14},"_N$placeholderLabel":{"__id__":16},"_N$background":{"__id__":12},"_N$inputFlag":0,"_N$inputMode":6}],"_prefab":{"__type__":"cc.PrefabInfo","root":{"__id__":1},"asset":{"__uuid__":"c526LW/HlCPKyvYCtAPQoI"},"fileId":"46Rx9Z/vhIRb6G6G+ztW3z"},"_contentSize":{"__type__":"cc.Size","width":229.9,"height":45.4},"_trs":{"__type__":"TypedArray","ctor":"Float64Array","array":[-54.2,-46.2,0,0,0,0,1,1,1,1]}},{"__type__":"cc.Node","_name":"BACKGROUND_SPRITE","_parent":{"__id__":10},"_components":[{"__id__":12},{"__type__":"cc.Widget","node":{"__id__":11},"alignMode":0,"_alignFlags":45,"_left":-0.19999999999999246,"_right":0.4000000000000167,"_originalWidth":160,"_originalHeight":40}],"_prefab":{"__type__":"cc.PrefabInfo","root":{"__id__":1},"asset":{"__uuid__":"c526LW/HlCPKyvYCtAPQoI"},"fileId":"5bDh+muTtPh7KgNKbUMmUJ"},"_contentSize":{"__type__":"cc.Size","width":229.7,"height":45.4},"_trs":{"__type__":"TypedArray","ctor":"Float64Array","array":[-0.29999999999999716,0,0,0,0,0,1,1,1,1]}},{"__type__":"cc.Sprite","node":{"__id__":11},"_materials":[{"__uuid__":"ecpdLyjvZBwrvm+cedCcQy"}],"_spriteFrame":{"__uuid__":"daDzL0nYlOS4UAyvxLVeek"},"_type":1,"_sizeMode":0},{"__type__":"cc.Node","_name":"TEXT_LABEL","_parent":{"__id__":10},"_active":false,"_components":[{"__id__":14},{"__type__":"cc.Widget","node":{"__id__":13},"alignMode":0,"_alignFlags":45,"_left":2,"_originalWidth":158,"_originalHeight":40}],"_prefab":{"__type__":"cc.PrefabInfo","root":{"__id__":1},"asset":{"__uuid__":"c526LW/HlCPKyvYCtAPQoI"},"fileId":"59cXkk9yhMMandfnhfIqFF"},"_contentSize":{"__type__":"cc.Size","width":230.6,"height":45},"_anchorPoint":{"__type__":"cc.Vec2","y":1},"_trs":{"__type__":"TypedArray","ctor":"Float64Array","array":[-115,23,0,0,0,0,1,1,1,1]}},{"__type__":"cc.Label","node":{"__id__":13},"_materials":[{"__uuid__":"ecpdLyjvZBwrvm+cedCcQy"}],"_fontSize":20,"_lineHeight":25,"_enableWrapText":false,"_N$file":{"__uuid__":"6cdYiskGtJJYGqTveEBiCW"},"_isSystemFontUsed":false,"_N$verticalAlign":1,"_N$overflow":1},{"__type__":"cc.Node","_name":"PLACEHOLDER_LABEL","_parent":{"__id__":10},"_components":[{"__id__":16},{"__type__":"cc.Widget","node":{"__id__":15},"alignMode":0,"_alignFlags":45,"_left":2,"_originalWidth":158,"_originalHeight":40}],"_prefab":{"__type__":"cc.PrefabInfo","root":{"__id__":1},"asset":{"__uuid__":"c526LW/HlCPKyvYCtAPQoI"},"fileId":"0bhhuvqCBIWIyKzVb8Wob/"},"_contentSize":{"__type__":"cc.Size","width":227.9,"height":45.4},"_anchorPoint":{"__type__":"cc.Vec2","y":1},"_trs":{"__type__":"TypedArray","ctor":"Float64Array","array":[-112.95,22.7,0,0,0,0,1,1,1,1]}},{"__type__":"cc.Label","node":{"__id__":15},"_materials":[{"__uuid__":"ecpdLyjvZBwrvm+cedCcQy"}],"_string":"  输入验证码","_N$string":"  输入验证码","_fontSize":20,"_lineHeight":25,"_enableWrapText":false,"_N$file":{"__uuid__":"6cdYiskGtJJYGqTveEBiCW"},"_isSystemFontUsed":false,"_N$verticalAlign":1,"_N$overflow":1},{"__type__":"cc.Node","_name":"title","_parent":{"__id__":1},"_components":[{"__type__":"cc.Sprite","node":{"__id__":17},"_materials":[{"__uuid__":"ecpdLyjvZBwrvm+cedCcQy"}],"_spriteFrame":{"__uuid__":"adOAKuSCxI+aSngl/VA4lF"}}],"_prefab":{"__type__":"cc.PrefabInfo","root":{"__id__":1},"asset":{"__uuid__":"c526LW/HlCPKyvYCtAPQoI"},"fileId":"0eJAwDgwdEtppjGyh/syxa"},"_contentSize":{"__type__":"cc.Size","width":351,"height":75},"_trs":{"__type__":"TypedArray","ctor":"Float64Array","array":[1.336,176.527,0,0,0,0,1,1,1,1]}},{"__type__":"cc.Node","_name":"login_btn","_parent":{"__id__":1},"_components":[{"__type__":"cc.Sprite","node":{"__id__":18},"_materials":[{"__uuid__":"ecpdLyjvZBwrvm+cedCcQy"}],"_spriteFrame":{"__uuid__":"a4PxvG4dNMJKbK7/3XMMcq"}},{"__type__":"cc.Button","node":{"__id__":18}}],"_prefab":{"__type__":"cc.PrefabInfo","root":{"__id__":1},"asset":{"__uuid__":"c526LW/HlCPKyvYCtAPQoI"},"fileId":"0duuzBy2BFYpTGLSOSp67p"},"_contentSize":{"__type__":"cc.Size","width":163,"height":54},"_trs":{"__type__":"TypedArray","ctor":"Float64Array","array":[0,-159.511,0,0,0,0,1,1,1,1]}},{"__type__":"cc.Node","_name":"exitBtn","_parent":{"__id__":1},"_components":[{"__type__":"cc.Sprite","node":{"__id__":19},"_materials":[{"__uuid__":"ecpdLyjvZBwrvm+cedCcQy"}],"_spriteFrame":{"__uuid__":"c6D01mhoNBoZ0RPnMByWJX"},"_sizeMode":0},{"__type__":"cc.Button","node":{"__id__":19},"clickEvents":[{"__type__":"cc.ClickEvent","target":{"__id__":1},"_componentId":"e4d6e3IQWhPwqH8sXWzsKFl","handler":"closePanel"}]}],"_prefab":{"__type__":"cc.PrefabInfo","root":{"__id__":1},"asset":{"__uuid__":"c526LW/HlCPKyvYCtAPQoI"},"fileId":"621TXpWEVEdahPuCY6cINa"},"_contentSize":{"__type__":"cc.Size","width":100,"height":100},"_trs":{"__type__":"TypedArray","ctor":"Float64Array","array":[299.354,174.08,0,0,0,0,1,0.8,0.8,1]}},{"__type__":"cc.Node","_name":"yanzhengma_bg","_parent":{"__id__":1},"_children":[{"__id__":21}],"_components":[{"__type__":"cc.Sprite","node":{"__id__":20},"_materials":[{"__uuid__":"ecpdLyjvZBwrvm+cedCcQy"}],"_spriteFrame":{"__uuid__":"109EjLlOVLbI/vyOx8bJyf"},"_type":1,"_sizeMode":0}],"_prefab":{"__type__":"cc.PrefabInfo","root":{"__id__":1},"asset":{"__uuid__":"c526LW/HlCPKyvYCtAPQoI"},"fileId":"5dt3jOuVRPcoiQ148M0m0k"},"_contentSize":{"__type__":"cc.Size","width":143.9,"height":54.6},"_trs":{"__type__":"TypedArray","ctor":"Float64Array","array":[128.7,-46.9,0,0,0,0,1,0.8,0.8,1]}},{"__type__":"cc.Node","_name":"label","_parent":{"__id__":20},"_components":[{"__type__":"cc.Label","node":{"__id__":21},"_materials":[{"__uuid__":"ecpdLyjvZBwrvm+cedCcQy"}],"_useOriginalSize":false,"_string":"获取验证码","_N$string":"获取验证码","_fontSize":20,"_lineHeight":22,"_N$file":{"__uuid__":"6cdYiskGtJJYGqTveEBiCW"},"_isSystemFontUsed":false,"_N$horizontalAlign":1,"_N$verticalAlign":1}],"_prefab":{"__type__":"cc.PrefabInfo","root":{"__id__":1},"asset":{"__uuid__":"c526LW/HlCPKyvYCtAPQoI"},"fileId":"7fWy+8+RpMhYivoPjoMNOs"},"_contentSize":{"__type__":"cc.Size","width":100,"height":27.72},"_trs":{"__type__":"TypedArray","ctor":"Float64Array","array":[0,0,0,0,0,0,1,1.25,1.25,1.25]}},{"__type__":"cc.Node","_name":"accountLab","_parent":{"__id__":1},"_components":[{"__type__":"cc.Label","node":{"__id__":22},"_materials":[{"__uuid__":"ecpdLyjvZBwrvm+cedCcQy"}],"_useOriginalSize":false,"_string":"手机号","_N$string":"手机号","_fontSize":22,"_lineHeight":22,"_N$file":{"__uuid__":"6cdYiskGtJJYGqTveEBiCW"},"_isSystemFontUsed":false,"_N$horizontalAlign":1,"_N$verticalAlign":1}],"_prefab":{"__type__":"cc.PrefabInfo","root":{"__id__":1},"asset":{"__uuid__":"c526LW/HlCPKyvYCtAPQoI"},"fileId":"bbbhCuTwhERbddbMKKfwfe"},"_color":{"__type__":"cc.Color","r":251,"g":244,"b":207},"_contentSize":{"__type__":"cc.Size","width":66,"height":27.72},"_trs":{"__type__":"TypedArray","ctor":"Float64Array","array":[-136.24,101.298,0,0,0,0,1,1,1,1]}},{"__type__":"cc.Node","_name":"passwordLab","_parent":{"__id__":1},"_components":[{"__type__":"cc.Label","node":{"__id__":23},"_materials":[{"__uuid__":"ecpdLyjvZBwrvm+cedCcQy"}],"_useOriginalSize":false,"_string":"验证码","_N$string":"验证码","_fontSize":22,"_lineHeight":22,"_N$file":{"__uuid__":"6cdYiskGtJJYGqTveEBiCW"},"_isSystemFontUsed":false,"_N$horizontalAlign":1,"_N$verticalAlign":1}],"_prefab":{"__type__":"cc.PrefabInfo","root":{"__id__":1},"asset":{"__uuid__":"c526LW/HlCPKyvYCtAPQoI"},"fileId":"63bc4/rMRKYrwbjxeDwEOP"},"_color":{"__type__":"cc.Color","r":251,"g":244,"b":207},"_contentSize":{"__type__":"cc.Size","width":66,"height":27.72},"_trs":{"__type__":"TypedArray","ctor":"Float64Array","array":[-136.24,1.556,0,0,0,0,1,1,1,1]}},{"__type__":"cc.Node","_name":"forgetLab","_parent":{"__id__":1},"_components":[{"__type__":"cc.Label","node":{"__id__":24},"_materials":[{"__uuid__":"ecpdLyjvZBwrvm+cedCcQy"}],"_useOriginalSize":false,"_string":"账号登录","_N$string":"账号登录","_fontSize":16,"_lineHeight":22,"_N$file":{"__uuid__":"6cdYiskGtJJYGqTveEBiCW"},"_isSystemFontUsed":false,"_N$horizontalAlign":1,"_N$verticalAlign":1},{"__type__":"cc.Button","node":{"__id__":24}}],"_prefab":{"__type__":"cc.PrefabInfo","root":{"__id__":1},"asset":{"__uuid__":"c526LW/HlCPKyvYCtAPQoI"},"fileId":"4d3n6UlatHFY+MknOSp4Vy"},"_color":{"__type__":"cc.Color","r":251,"g":244,"b":207},"_contentSize":{"__type__":"cc.Size","width":64,"height":27.72},"_trs":{"__type__":"TypedArray","ctor":"Float64Array","array":[146.144,-95.034,0,0,0,0,1,1,1,1]}}],{"__type__":"cc.SpriteFrame","content":{"name":"close_btn","texture":"ebmdEg3GZG5bu83hkMIeDJ","rect":[306,217,81,78],"offset":[0,0],"originalSize":[81,78],"capInsets":[0,0,0,0]}},{"__type__":"cc.SpriteFrame","content":{"name":"input_bg","texture":"ebmdEg3GZG5bu83hkMIeDJ","rect":[73,411,14,13],"offset":[0,0],"originalSize":[14,13],"rotated":1,"capInsets":[4,0,4,0]}}]