[[{"__type__":"cc.Prefab","_name":"ChargeResultView","data":{"__id__":1}},{"__type__":"cc.Node","_name":"ChargeResultView","_children":[{"__id__":2},{"__id__":3},{"__id__":4},{"__id__":6},{"__id__":7},{"__id__":8},{"__id__":12}],"_components":[{"__type__":"cc.Widget","node":{"__id__":1},"_alignFlags":44,"_top":320,"_bottom":320},{"__type__":"25721cGkmlB5IzfvF7fLdqW","node":{"__id__":1},"titleLab":{"__id__":5},"resultLab":{"__id__":11},"resultVal":{"__id__":10},"totalLab":{"__id__":15},"totalVal":{"__id__":14}}],"_prefab":{"__type__":"cc.PrefabInfo","root":{"__id__":1},"asset":{"__uuid__":"067rfBS2dJv7WDiHXTrgQm"},"fileId":"f9z0p6gopOb4sHDhpRhhxg"},"_contentSize":{"__type__":"cc.Size","width":1136},"_trs":{"__type__":"TypedArray","ctor":"Float64Array","array":[568,320,0,0,0,0,1,1,1,1]}},{"__type__":"cc.Node","_name":"bg","_parent":{"__id__":1},"_components":[{"__type__":"cc.Sprite","node":{"__id__":2},"_materials":[{"__uuid__":"ecpdLyjvZBwrvm+cedCcQy"}],"_spriteFrame":{"__uuid__":"16tX7abV5HFq3XNrbZ4bIQ"},"_type":1,"_sizeMode":0},{"__type__":"cc.Button","node":{"__id__":2}}],"_prefab":{"__type__":"cc.PrefabInfo","root":{"__id__":1},"asset":{"__uuid__":"067rfBS2dJv7WDiHXTrgQm"},"fileId":"bbNx6T58ZLQLcV3Sg/hz2C"},"_contentSize":{"__type__":"cc.Size","width":588.6,"height":330.7},"_trs":{"__type__":"TypedArray","ctor":"Float64Array","array":[-0.6,16.6,0,0,0,0,1,1,1,1]}},{"__type__":"cc.Node","_name":"title","_parent":{"__id__":1},"_components":[{"__type__":"cc.Sprite","node":{"__id__":3},"_materials":[{"__uuid__":"ecpdLyjvZBwrvm+cedCcQy"}],"_spriteFrame":{"__uuid__":"9c1LV4eYFNAIieuMryYC9E"}}],"_prefab":{"__type__":"cc.PrefabInfo","root":{"__id__":1},"asset":{"__uuid__":"067rfBS2dJv7WDiHXTrgQm"},"fileId":"b6vDxNEDFNg4uzIeahxeER"},"_contentSize":{"__type__":"cc.Size","width":196,"height":28},"_trs":{"__type__":"TypedArray","ctor":"Float64Array","array":[0,183,0,0,0,0,1,1,1,1]}},{"__type__":"cc.Node","_name":"gameName","_parent":{"__id__":1},"_components":[{"__id__":5}],"_prefab":{"__type__":"cc.PrefabInfo","root":{"__id__":1},"asset":{"__uuid__":"067rfBS2dJv7WDiHXTrgQm"},"fileId":"d8OHZXJCxEabCROqhodP1y"},"_color":{"__type__":"cc.Color","r":251,"g":244,"b":207},"_contentSize":{"__type__":"cc.Size","width":80,"height":31.5},"_trs":{"__type__":"TypedArray","ctor":"Float64Array","array":[0,127,0,0,0,0,1,1,1,1]}},{"__type__":"cc.Label","node":{"__id__":4},"_materials":[{"__uuid__":"ecpdLyjvZBwrvm+cedCcQy"}],"_useOriginalSize":false,"_string":"充值成功","_N$string":"充值成功","_fontSize":20,"_lineHeight":25,"_N$file":{"__uuid__":"6cdYiskGtJJYGqTveEBiCW"},"_isSystemFontUsed":false,"_N$verticalAlign":1},{"__type__":"cc.Node","_name":"exitBtn","_parent":{"__id__":1},"_components":[{"__type__":"cc.Sprite","node":{"__id__":6},"_materials":[{"__uuid__":"ecpdLyjvZBwrvm+cedCcQy"}],"_spriteFrame":{"__uuid__":"fbchbmDfhLvLOJ+bZ5jr4R"}},{"__type__":"cc.Button","node":{"__id__":6},"clickEvents":[{"__type__":"cc.ClickEvent","target":{"__id__":1},"_componentId":"25721cGkmlB5IzfvF7fLdqW","handler":"closePanel"}],"_N$transition":3,"transition":3}],"_prefab":{"__type__":"cc.PrefabInfo","root":{"__id__":1},"asset":{"__uuid__":"067rfBS2dJv7WDiHXTrgQm"},"fileId":"5dVxb+6YJDqbTtuYFmNhCw"},"_contentSize":{"__type__":"cc.Size","width":164,"height":55},"_trs":{"__type__":"TypedArray","ctor":"Float64Array","array":[-0.183,-216.483,0,0,0,0,1,1,1,1]}},{"__type__":"cc.Node","_name":"line","_parent":{"__id__":1},"_components":[{"__type__":"cc.Sprite","node":{"__id__":7},"_materials":[{"__uuid__":"ecpdLyjvZBwrvm+cedCcQy"}],"_spriteFrame":{"__uuid__":"a2MjXRFdtLlYQ5ouAFv/+R"},"_sizeMode":0}],"_prefab":{"__type__":"cc.PrefabInfo","root":{"__id__":1},"asset":{"__uuid__":"067rfBS2dJv7WDiHXTrgQm"},"fileId":"aazbBRAzBBKbTHO+ETriyv"},"_opacity":138,"_color":{"__type__":"cc.Color","r":251,"g":244,"b":207},"_contentSize":{"__type__":"cc.Size","width":1,"height":500},"_trs":{"__type__":"TypedArray","ctor":"Float64Array","array":[0,93.459,0,0,0,0.7071067811865475,0.7071067811865476,1,1,1]},"_eulerAngles":{"__type__":"cc.Vec3","z":90}},{"__type__":"cc.Node","_name":"resultText","_parent":{"__id__":1},"_children":[{"__id__":9}],"_components":[{"__id__":11}],"_prefab":{"__type__":"cc.PrefabInfo","root":{"__id__":1},"asset":{"__uuid__":"067rfBS2dJv7WDiHXTrgQm"},"fileId":"a0KXNX6itO36+ysujoC6ya"},"_color":{"__type__":"cc.Color","r":255,"g":16,"b":16},"_contentSize":{"__type__":"cc.Size","width":100,"height":31.5},"_anchorPoint":{"__type__":"cc.Vec2","x":1,"y":0.5},"_trs":{"__type__":"TypedArray","ctor":"Float64Array","array":[-36.744,45.448,0,0,0,0,1,1,1,1]}},{"__type__":"cc.Node","_name":"resultVal","_parent":{"__id__":8},"_components":[{"__id__":10}],"_prefab":{"__type__":"cc.PrefabInfo","root":{"__id__":1},"asset":{"__uuid__":"067rfBS2dJv7WDiHXTrgQm"},"fileId":"39BM3L2HhGpoPqylHWs9yi"},"_contentSize":{"__type__":"cc.Size","width":300,"height":31.5},"_anchorPoint":{"__type__":"cc.Vec2","y":0.5},"_trs":{"__type__":"TypedArray","ctor":"Float64Array","array":[12,0,0,0,0,0,1,1,1,1]}},{"__type__":"cc.Label","node":{"__id__":9},"_materials":[{"__uuid__":"ecpdLyjvZBwrvm+cedCcQy"}],"_useOriginalSize":false,"_string":"0","_N$string":"0","_fontSize":20,"_lineHeight":25,"_N$file":{"__uuid__":"6cdYiskGtJJYGqTveEBiCW"},"_isSystemFontUsed":false,"_N$verticalAlign":1,"_N$overflow":2},{"__type__":"cc.Label","node":{"__id__":8},"_materials":[{"__uuid__":"ecpdLyjvZBwrvm+cedCcQy"}],"_useOriginalSize":false,"_string":"开台结果：","_N$string":"开台结果：","_fontSize":20,"_lineHeight":25,"_N$file":{"__uuid__":"a6GFdfihpIQY/CU35PyGmw"},"_isSystemFontUsed":false,"_N$verticalAlign":1},{"__type__":"cc.Node","_name":"remainText","_parent":{"__id__":1},"_children":[{"__id__":13}],"_components":[{"__id__":15}],"_prefab":{"__type__":"cc.PrefabInfo","root":{"__id__":1},"asset":{"__uuid__":"067rfBS2dJv7WDiHXTrgQm"},"fileId":"f1O9KomdBGE5Qi5m3j52Wx"},"_contentSize":{"__type__":"cc.Size","width":100,"height":31.5},"_anchorPoint":{"__type__":"cc.Vec2","x":1,"y":0.5},"_trs":{"__type__":"TypedArray","ctor":"Float64Array","array":[-36.744,-10.35,0,0,0,0,1,1,1,1]}},{"__type__":"cc.Node","_name":"remainVal","_parent":{"__id__":12},"_components":[{"__id__":14}],"_prefab":{"__type__":"cc.PrefabInfo","root":{"__id__":1},"asset":{"__uuid__":"067rfBS2dJv7WDiHXTrgQm"},"fileId":"d80Gm6CclPd4PGQMiCGGkl"},"_contentSize":{"__type__":"cc.Size","width":11.73,"height":31.5},"_anchorPoint":{"__type__":"cc.Vec2","y":0.5},"_trs":{"__type__":"TypedArray","ctor":"Float64Array","array":[12,0,0,0,0,0,1,1,1,1]}},{"__type__":"cc.Label","node":{"__id__":13},"_materials":[{"__uuid__":"ecpdLyjvZBwrvm+cedCcQy"}],"_useOriginalSize":false,"_string":"0","_N$string":"0","_fontSize":20,"_lineHeight":25,"_N$file":{"__uuid__":"6cdYiskGtJJYGqTveEBiCW"},"_isSystemFontUsed":false,"_N$verticalAlign":1},{"__type__":"cc.Label","node":{"__id__":12},"_materials":[{"__uuid__":"ecpdLyjvZBwrvm+cedCcQy"}],"_useOriginalSize":false,"_string":"可用余额：","_N$string":"可用余额：","_fontSize":20,"_lineHeight":25,"_N$file":{"__uuid__":"a6GFdfihpIQY/CU35PyGmw"},"_isSystemFontUsed":false,"_N$verticalAlign":1}],{"__type__":"cc.SpriteFrame","content":{"name":"heidi_jing","texture":"cfCpKgTV5PO4J+8KRBAv+M","rect":[280,496,19,20],"offset":[0,0],"originalSize":[19,20],"capInsets":[5,5,4,4]}},{"__type__":"cc.SpriteFrame","content":{"name":"sys_not_tit","texture":"15qlAyQpxGCYmCRbkX2/Lx","rect":[0,0,196,28],"offset":[0,0],"originalSize":[196,28],"capInsets":[0,0,0,0]}},{"__type__":"cc.SpriteFrame","content":{"name":"default_sprite_splash","texture":"02delMVqdBD70a/HSD99FK","rect":[0,0,2,2],"offset":[0,0],"originalSize":[2,2],"capInsets":[0,0,0,0]}},{"__type__":"cc.SpriteFrame","content":{"name":"close_btn_1","texture":"cfCpKgTV5PO4J+8KRBAv+M","rect":[82,355,164,55],"offset":[0,2],"originalSize":[164,59],"rotated":1,"capInsets":[0,0,0,0]}}]