[{"__type__":"cc.SpriteFrame","content":{"name":"UITip","texture":"0esUF0DvtB3axd/xga1E2T","rect":[0,0,831,67],"offset":[0,0],"originalSize":[831,67],"capInsets":[0,0,0,0]}},[{"__type__":"cc.Prefab","_name":"UITip","data":{"__id__":1}},{"__type__":"cc.Node","_name":"UITip","_children":[{"__id__":2},{"__id__":3}],"_components":[{"__id__":4},{"__type__":"380baTHcIFGbZiWUFiWdMjR","node":{"__id__":1},"ani":{"__id__":4}}],"_prefab":{"__type__":"cc.PrefabInfo","root":{"__id__":1},"asset":{"__uuid__":"b6LLj8JcpKxY46pieUyJfh"},"fileId":"b6ArzmsxtC6rXT5FkrsdCN"},"_contentSize":{"__type__":"cc.Size","width":950,"height":60},"_trs":{"__type__":"TypedArray","ctor":"Float64Array","array":[0,0,0,0,0,0,1,1,1,1]}},{"__type__":"cc.Node","_name":"bg","_parent":{"__id__":1},"_components":[{"__type__":"cc.Sprite","node":{"__id__":2},"_materials":[{"__uuid__":"ecpdLyjvZBwrvm+cedCcQy"}],"_srcBlendFactor":1,"_spriteFrame":{"__uuid__":"73omTyRRRIxZUWAwQ+ZpJO"},"_type":1,"_sizeMode":0}],"_prefab":{"__type__":"cc.PrefabInfo","root":{"__id__":1},"asset":{"__uuid__":"b6LLj8JcpKxY46pieUyJfh"},"fileId":"baV4NSwnVOKoO/eRnHrht9"},"_contentSize":{"__type__":"cc.Size","width":600,"height":42.1},"_trs":{"__type__":"TypedArray","ctor":"Float64Array","array":[0,172.723,0,0,0,0,1,1,1,1]}},{"__type__":"cc.Node","_name":"msg","_parent":{"__id__":1},"_components":[{"__type__":"cc.Label","node":{"__id__":3},"_materials":[{"__uuid__":"ecpdLyjvZBwrvm+cedCcQy"}],"_useOriginalSize":false,"_string":"1111111111111111","_N$string":"1111111111111111","_fontSize":25,"_lineHeight":50,"_N$horizontalAlign":1,"_N$verticalAlign":1}],"_prefab":{"__type__":"cc.PrefabInfo","root":{"__id__":1},"asset":{"__uuid__":"b6LLj8JcpKxY46pieUyJfh"},"fileId":"dejffCC8lID4sRKehyFumq"},"_contentSize":{"__type__":"cc.Size","width":194.63,"height":63},"_trs":{"__type__":"TypedArray","ctor":"Float64Array","array":[0,172.723,0,0,0,0,1,1,1,1]}},{"__type__":"cc.Animation","node":{"__id__":1},"_defaultClip":{"__uuid__":"a7zgaM3iNKNq8o45vF2yKx"},"_clips":[{"__uuid__":"a7zgaM3iNKNq8o45vF2yKx"}],"playOnLoad":true}]]