[{"__type__":"cc.SpriteFrame","content":{"name":"text_nn","texture":"e1yQmXXQ9O3bS0pzleANtn","rect":[535,786,33,32],"offset":[0,0],"originalSize":[33,32],"capInsets":[0,0,0,0]}},{"__type__":"cc.SpriteFrame","content":{"name":"send_btn","texture":"e1yQmXXQ9O3bS0pzleANtn","rect":[839,766,126,40],"offset":[0,0],"originalSize":[126,40],"rotated":1,"capInsets":[0,0,0,0]}},{"__type__":"cc.SpriteFrame","content":{"name":"bank_pwd_btn","texture":"e1yQmXXQ9O3bS0pzleANtn","rect":[380,931,118,37],"offset":[0,0],"originalSize":[118,37],"capInsets":[0,0,0,0]}},{"__type__":"cc.SpriteFrame","content":{"name":"game_vedio_refresh","texture":"e1yQmXXQ9O3bS0pzleANtn","rect":[820,1281,170,46],"offset":[0,0],"originalSize":[170,46],"rotated":1,"capInsets":[0,0,0,0]}},{"__type__":"cc.SpriteFrame","content":{"name":"big","texture":"e1yQmXXQ9O3bS0pzleANtn","rect":[184,1738,24,24],"offset":[0,0],"originalSize":[24,24],"capInsets":[0,0,0,0]}},{"__type__":"cc.SpriteFrame","content":{"name":"gametype4","texture":"e1yQmXXQ9O3bS0pzleANtn","rect":[639,1,188,236],"offset":[0,0],"originalSize":[188,236],"rotated":1,"capInsets":[0,0,0,0]}},{"__type__":"cc.SpriteFrame","content":{"name":"text_a89","texture":"e1yQmXXQ9O3bS0pzleANtn","rect":[184,1710,25,26],"offset":[0,1],"originalSize":[33,32],"capInsets":[0,0,0,0]}},{"__type__":"cc.SpriteFrame","content":{"name":"wangg","texture":"e1yQmXXQ9O3bS0pzleANtn","rect":[834,1865,50,48],"offset":[0,0],"originalSize":[50,48],"rotated":1,"capInsets":[0,0,0,0]}},{"__type__":"cc.SpriteFrame","content":{"name":"bank_cancel","texture":"e1yQmXXQ9O3bS0pzleANtn","rect":[570,621,163,54],"offset":[0,0],"originalSize":[163,54],"rotated":1,"capInsets":[0,0,0,0]}},{"__type__":"cc.SpriteFrame","content":{"name":"table_nn2","texture":"e1yQmXXQ9O3bS0pzleANtn","rect":[562,429,273,97],"offset":[0,0],"originalSize":[273,97],"capInsets":[0,0,0,0]}},{"__type__":"cc.SpriteFrame","content":{"name":"chip_bg","texture":"e1yQmXXQ9O3bS0pzleANtn","rect":[752,766,157,85],"offset":[0,0],"originalSize":[157,85],"rotated":1,"capInsets":[0,0,0,0]}},{"__type__":"cc.SpriteFrame","content":{"name":"icon_money","texture":"e1yQmXXQ9O3bS0pzleANtn","rect":[543,931,35,35],"offset":[0,0],"originalSize":[35,35],"capInsets":[0,0,0,0]}},{"__type__":"cc.SpriteFrame","content":{"name":"black_1","texture":"e1yQmXXQ9O3bS0pzleANtn","rect":[401,191,113,113],"offset":[0,0],"originalSize":[113,113],"capInsets":[0,0,0,0]}},{"__type__":"cc.SpriteFrame","content":{"name":"chip_mask","texture":"e1yQmXXQ9O3bS0pzleANtn","rect":[500,931,41,36],"offset":[0,0],"originalSize":[41,36],"capInsets":[0,0,0,0]}},{"__type__":"cc.SpriteFrame","content":{"name":"black_btn","texture":"e1yQmXXQ9O3bS0pzleANtn","rect":[626,766,122,47],"offset":[0,0],"originalSize":[122,47],"capInsets":[0,0,0,0]}},{"__type__":"cc.SpriteFrame","content":{"name":"circle_2","texture":"e1yQmXXQ9O3bS0pzleANtn","rect":[837,447,40,40],"offset":[0,0],"originalSize":[40,40],"capInsets":[0,0,0,0]}},{"__type__":"cc.SpriteFrame","content":{"name":"main_top","texture":"e1yQmXXQ9O3bS0pzleANtn","rect":[1,1,1920,112],"offset":[0,0],"originalSize":[1920,112],"rotated":1,"capInsets":[0,0,0,0]}},{"__type__":"cc.SpriteFrame","content":{"name":"bank_modify_btn","texture":"e1yQmXXQ9O3bS0pzleANtn","rect":[260,931,118,37],"offset":[0,0],"originalSize":[118,37],"capInsets":[0,0,0,0]}},{"__type__":"cc.SpriteFrame","content":{"name":"chip","texture":"e1yQmXXQ9O3bS0pzleANtn","rect":[184,1681,27,19],"offset":[0,0],"originalSize":[27,19],"rotated":1,"capInsets":[0,0,0,0]}},{"__type__":"cc.SpriteFrame","content":{"name":"user_bg","texture":"e1yQmXXQ9O3bS0pzleANtn","rect":[659,931,212,238],"offset":[0,0],"originalSize":[212,238],"capInsets":[0,0,0,0]}},{"__type__":"cc.SpriteFrame","content":{"name":"table_lh","texture":"e1yQmXXQ9O3bS0pzleANtn","rect":[134,822,616,107],"offset":[0,0],"originalSize":[616,107],"capInsets":[0,0,0,0]}},{"__type__":"cc.SpriteFrame","content":{"name":"cicle_icon_blue","texture":"e1yQmXXQ9O3bS0pzleANtn","rect":[516,191,40,40],"offset":[0,0],"originalSize":[40,40],"capInsets":[0,0,0,0]}},{"__type__":"cc.SpriteFrame","content":{"name":"game_change_room","texture":"e1yQmXXQ9O3bS0pzleANtn","rect":[659,1171,60,223],"offset":[0,0],"originalSize":[60,223],"rotated":1,"capInsets":[0,0,0,0]}},{"__type__":"cc.SpriteFrame","content":{"name":"btn_bgb","texture":"e1yQmXXQ9O3bS0pzleANtn","rect":[115,1681,208,67],"offset":[0,0],"originalSize":[208,67],"rotated":1,"capInsets":[0,0,0,0]}},{"__type__":"cc.SpriteFrame","content":{"name":"zhuang_line","texture":"e1yQmXXQ9O3bS0pzleANtn","rect":[626,663,40,40],"offset":[0,0],"originalSize":[40,40],"capInsets":[0,0,0,0]}},{"__type__":"cc.SpriteFrame","content":{"name":"tabley","texture":"e1yQmXXQ9O3bS0pzleANtn","rect":[467,720,65,66],"offset":[0,0],"originalSize":[65,66],"rotated":1,"capInsets":[0,0,0,0]}},{"__type__":"cc.SpriteAtlas","_name":"main.plist","_spriteFrames":{"bank_cancel":{"__uuid__":"200vRUI0lBxIdCdqFCPH5m"},"bank_modify_btn":{"__uuid__":"48C1wuy3JJspUOJxeUDOGt"},"bank_modify_tit":{"__uuid__":"ccYsu1YDlJposB6hQpPgq3"},"bank_pwd_btn":{"__uuid__":"05HGDIaFZL9ZujnWd4lYye"},"bank_pwd_tit":{"__uuid__":"f8NTubWmhO76PgJw9S7xmH"},"bank_tit":{"__uuid__":"f4n+G6WkpL66U+qjW1OMZP"},"big":{"__uuid__":"09pl9qqzxFYYmx9+OHSn7f"},"black_1":{"__uuid__":"2fQQ+++hpApYDIeqAt9IRd"},"black_2":{"__uuid__":"a6ulhC7XBPDZIt3Oy8PIDL"},"black_3":{"__uuid__":"c94bAjKb1PqakmoWnhqymv"},"black_btn":{"__uuid__":"345l6ElXBBE4wOd1FORjiP"},"btn_bgb":{"__uuid__":"544lXQy2tOdJlN/1uAAFZz"},"btn_bgm":{"__uuid__":"f8qX5Ggx1B04o/azGooXXV"},"btn_bgs":{"__uuid__":"b74gJ+4cBMDooUhsllxEBK"},"chat_bg":{"__uuid__":"87XQgDB9RBUq342LVA9kT4"},"chip":{"__uuid__":"49aMOOToRKFqGzPPp4yXZF"},"chip_bg":{"__uuid__":"26HigtD9ZFYYb1Rayt3Vvs"},"chip_mask":{"__uuid__":"32pnk1ymNMIYlTtOBB9XiD"},"chip_pre":{"__uuid__":"bdeGCtOYJJcqGJ9sADJSom"},"cicle_icon_blue":{"__uuid__":"502zrx8iRIdLZwcIkvbCw1"},"cicle_icon_red":{"__uuid__":"d75x5CCGpOrbCflt2u55mM"},"circle_1":{"__uuid__":"b4h89waIRIbrujBR8DAC5B"},"circle_2":{"__uuid__":"3bsztF7XpLoIR4zlwaJ1+2"},"dating":{"__uuid__":"c9VG5OGA5EBpv/lGALE9zu"},"download":{"__uuid__":"82r1YD+aVDXoIxmlaZZWcj"},"game_change_room":{"__uuid__":"52TZ1ilf5KJ7A5I+GQPXHp"},"game_vedio_distance":{"__uuid__":"c1s/8CRaRIEYANiJVoa8JC"},"game_vedio_refresh":{"__uuid__":"06nRgd1WxCp5l9KOspyZRI"},"gametype1":{"__uuid__":"a2eCTBShhIqot1iAzXbDvZ"},"gametype2":{"__uuid__":"76LyaGvhBHTry6yOTnzdtz"},"gametype3":{"__uuid__":"fdoPmkZoxMebV2JkDj1NIL"},"gametype4":{"__uuid__":"0b9JOve/tJPatItwYV5808"},"gametype5":{"__uuid__":"d8a+MAHlpPc4yCJQkFwC9I"},"icon_money":{"__uuid__":"2exOOcc5FJ268m1f+4ib7Y"},"icon_user":{"__uuid__":"b8b2ycVgRCYbaTUBUwNUnO"},"main_bg":{"__uuid__":"a6eabckI9D8oASZzKVuRdT"},"main_top":{"__uuid__":"419Xve9WpNQoN1/nxKfzwm"},"nn":{"__uuid__":"6cWRuUbPdGkJ2AipUf5WGy"},"notice_icon":{"__uuid__":"f7Q1SkyZBCGbqco5LAxdyL"},"send_btn":{"__uuid__":"03LdM8L3hBfZI/tTIVlH9U"},"small":{"__uuid__":"e9SP6Tew5OfaBcQSGB6YxT"},"table":{"__uuid__":"b2eCb6MLVHlpR8YnjSH60A"},"table_a89":{"__uuid__":"b2sjyso9dKjIhIKm3LY51g"},"table_bg":{"__uuid__":"6fsMFAC8xC4I1nL62oZmF6"},"table_bjl":{"__uuid__":"77zEIVYZBAArEGDL5AaFBv"},"table_lh":{"__uuid__":"50qzNvHK1NNLKF/BlvJMiU"},"table_linebg":{"__uuid__":"eeBykL2AZPMKAzzWI5CZQJ"},"table_nn1":{"__uuid__":"ecg+cjbylNb6svYYYW+mZG"},"table_nn2":{"__uuid__":"22xIVIX9NG/KahzXB7tlyD"},"tabley":{"__uuid__":"65DGt51t5OYZgODK5dr3wQ"},"text_a89":{"__uuid__":"0c4fgEUIpDPKYJ+6sK5VmD"},"text_bjl":{"__uuid__":"d2eLJNva1GtYATQAieNsPi"},"text_lh":{"__uuid__":"aff/NDtmBGy7JBy261MjaQ"},"text_nn":{"__uuid__":"00i8Sc7NBAUZjP+srbRmsf"},"text_s":{"__uuid__":"eevRSi9DJEnpbNnwPVAWvU"},"user_bg":{"__uuid__":"4c+A8EOqxA+IBzQGiVCbP5"},"user_l":{"__uuid__":"89e9MPoe5I1aUc1zLseYXZ"},"wang":{"__uuid__":"98gk4ePWlCzIYUoClXVrwS"},"wangg":{"__uuid__":"1eEhyE+BJDRY+cyvAuDQtC"},"xian_line":{"__uuid__":"a56qCA8edHYLESVJ2ATwCi"},"zhuang_line":{"__uuid__":"5avNcab+xDya6DZw9Owgq9"}}},{"__type__":"cc.SpriteFrame","content":{"name":"nn","texture":"e1yQmXXQ9O3bS0pzleANtn","rect":[535,720,30,30],"offset":[0,0],"originalSize":[30,30],"capInsets":[0,0,0,0]}},{"__type__":"cc.SpriteFrame","content":{"name":"table_bg","texture":"e1yQmXXQ9O3bS0pzleANtn","rect":[115,1477,747,202],"offset":[0,0],"originalSize":[747,202],"capInsets":[0,0,0,0]}},{"__type__":"cc.SpriteFrame","content":{"name":"gametype2","texture":"e1yQmXXQ9O3bS0pzleANtn","rect":[401,1,188,236],"offset":[0,0],"originalSize":[188,236],"rotated":1,"capInsets":[0,0,0,0]}},{"__type__":"cc.SpriteFrame","content":{"name":"table_bjl","texture":"e1yQmXXQ9O3bS0pzleANtn","rect":[212,1681,666,182],"offset":[0,0],"originalSize":[666,182],"capInsets":[0,0,0,0]}},{"__type__":"cc.SpriteFrame","content":{"name":"download","texture":"e1yQmXXQ9O3bS0pzleANtn","rect":[752,191,212,128],"offset":[0,0],"originalSize":[212,128],"rotated":1,"capInsets":[0,0,0,0]}},{"__type__":"cc.SpriteFrame","content":{"name":"chat_bg","texture":"e1yQmXXQ9O3bS0pzleANtn","rect":[115,972,503,465],"offset":[0,0],"originalSize":[503,465],"rotated":1,"capInsets":[0,0,0,0]}},{"__type__":"cc.SpriteFrame","content":{"name":"user_l","texture":"e1yQmXXQ9O3bS0pzleANtn","rect":[1,1923,209,1],"offset":[0,0],"originalSize":[209,1],"capInsets":[0,0,0,0]}},{"__type__":"cc.SpriteFrame","content":{"name":"wang","texture":"e1yQmXXQ9O3bS0pzleANtn","rect":[831,1233,42,44],"offset":[0,0],"originalSize":[42,44],"rotated":1,"capInsets":[0,0,0,0]}},{"__type__":"cc.SpriteFrame","content":{"name":"gametype1","texture":"e1yQmXXQ9O3bS0pzleANtn","rect":[324,354,188,236],"offset":[0,0],"originalSize":[188,236],"rotated":1,"capInsets":[0,0,0,0]}},{"__type__":"cc.SpriteFrame","content":{"name":"xian_line","texture":"e1yQmXXQ9O3bS0pzleANtn","rect":[626,621,40,40],"offset":[0,0],"originalSize":[40,40],"capInsets":[0,0,0,0]}},{"__type__":"cc.SpriteFrame","content":{"name":"main_bg","texture":"e1yQmXXQ9O3bS0pzleANtn","rect":[115,1,17,969],"offset":[0,0],"originalSize":[17,969],"capInsets":[0,0,0,0]}},{"__type__":"cc.SpriteFrame","content":{"name":"black_2","texture":"e1yQmXXQ9O3bS0pzleANtn","rect":[626,705,39,38],"offset":[0,0],"originalSize":[39,38],"rotated":1,"capInsets":[0,0,0,0]}},{"__type__":"cc.SpriteFrame","content":{"name":"text_lh","texture":"e1yQmXXQ9O3bS0pzleANtn","rect":[837,489,33,32],"offset":[0,0],"originalSize":[33,32],"capInsets":[0,0,0,0]}},{"__type__":"cc.SpriteFrame","content":{"name":"table","texture":"e1yQmXXQ9O3bS0pzleANtn","rect":[184,1764,24,24],"offset":[0,0],"originalSize":[24,24],"capInsets":[9,9,9,10]}},{"__type__":"cc.SpriteFrame","content":{"name":"table_a89","texture":"e1yQmXXQ9O3bS0pzleANtn","rect":[134,1,819,188],"offset":[0,0],"originalSize":[821,188],"rotated":1,"capInsets":[0,0,0,0]}},{"__type__":"cc.SpriteFrame","content":{"name":"circle_1","texture":"e1yQmXXQ9O3bS0pzleANtn","rect":[837,405,40,40],"offset":[0,0],"originalSize":[40,40],"capInsets":[0,0,0,0]}},{"__type__":"cc.SpriteFrame","content":{"name":"btn_bgs","texture":"e1yQmXXQ9O3bS0pzleANtn","rect":[401,306,137,44],"offset":[0,0],"originalSize":[137,44],"capInsets":[0,0,0,0]}},{"__type__":"cc.SpriteFrame","content":{"name":"icon_user","texture":"e1yQmXXQ9O3bS0pzleANtn","rect":[839,894,35,35],"offset":[0,0],"originalSize":[35,35],"capInsets":[0,0,0,0]}},{"__type__":"cc.SpriteFrame","content":{"name":"chip_pre","texture":"e1yQmXXQ9O3bS0pzleANtn","rect":[134,931,124,29],"offset":[0,0],"originalSize":[124,29],"capInsets":[0,0,0,0]}},{"__type__":"cc.SpriteFrame","content":{"name":"game_vedio_distance","texture":"e1yQmXXQ9O3bS0pzleANtn","rect":[659,1233,170,46],"offset":[0,0],"originalSize":[170,46],"capInsets":[0,0,0,0]}},{"__type__":"cc.SpriteFrame","content":{"name":"dating","texture":"e1yQmXXQ9O3bS0pzleANtn","rect":[582,1284,188,236],"offset":[0,0],"originalSize":[188,236],"rotated":1,"capInsets":[0,0,0,0]}},{"__type__":"cc.SpriteFrame","content":{"name":"black_3","texture":"e1yQmXXQ9O3bS0pzleANtn","rect":[779,1865,53,53],"offset":[0,0],"originalSize":[53,53],"capInsets":[0,0,0,0]}},{"__type__":"cc.SpriteFrame","content":{"name":"bank_modify_tit","texture":"e1yQmXXQ9O3bS0pzleANtn","rect":[582,931,351,75],"offset":[0,0],"originalSize":[351,75],"rotated":1,"capInsets":[0,0,0,0]}},{"__type__":"cc.SpriteFrame","content":{"name":"text_bjl","texture":"e1yQmXXQ9O3bS0pzleANtn","rect":[570,786,31,32],"offset":[-1,0],"originalSize":[33,32],"rotated":1,"capInsets":[0,0,0,0]}},{"__type__":"cc.SpriteFrame","content":{"name":"cicle_icon_red","texture":"e1yQmXXQ9O3bS0pzleANtn","rect":[516,233,40,40],"offset":[0,0],"originalSize":[40,40],"capInsets":[0,0,0,0]}},{"__type__":"cc.SpriteFrame","content":{"name":"gametype5","texture":"e1yQmXXQ9O3bS0pzleANtn","rect":[677,528,188,236],"offset":[0,0],"originalSize":[188,236],"capInsets":[0,0,0,0]}},{"__type__":"cc.SpriteFrame","content":{"name":"small","texture":"e1yQmXXQ9O3bS0pzleANtn","rect":[184,1790,12,12],"offset":[0,0],"originalSize":[12,12],"capInsets":[0,0,0,0]}},{"__type__":"cc.SpriteFrame","content":{"name":"table_nn1","texture":"e1yQmXXQ9O3bS0pzleANtn","rect":[324,621,244,97],"offset":[0,0],"originalSize":[244,97],"capInsets":[0,0,0,0]}},{"__type__":"cc.SpriteFrame","content":{"name":"table_linebg","texture":"e1yQmXXQ9O3bS0pzleANtn","rect":[212,1865,565,38],"offset":[0,0],"originalSize":[565,38],"capInsets":[0,0,0,0]}},{"__type__":"cc.SpriteFrame","content":{"name":"text_s","texture":"e1yQmXXQ9O3bS0pzleANtn","rect":[152,1891,31,28],"offset":[0,0],"originalSize":[33,32],"capInsets":[0,0,0,0]}},{"__type__":"cc.SpriteFrame","content":{"name":"bank_tit","texture":"e1yQmXXQ9O3bS0pzleANtn","rect":[324,544,351,75],"offset":[0,0],"originalSize":[351,75],"capInsets":[0,0,0,0]}},{"__type__":"cc.SpriteFrame","content":{"name":"notice_icon","texture":"e1yQmXXQ9O3bS0pzleANtn","rect":[115,1891,35,28],"offset":[0,0],"originalSize":[35,28],"capInsets":[0,0,0,0]}},{"__type__":"cc.SpriteFrame","content":{"name":"bank_pwd_tit","texture":"e1yQmXXQ9O3bS0pzleANtn","rect":[324,1,351,75],"offset":[0,0],"originalSize":[351,75],"rotated":1,"capInsets":[0,0,0,0]}},{"__type__":"cc.SpriteFrame","content":{"name":"btn_bgm","texture":"e1yQmXXQ9O3bS0pzleANtn","rect":[324,720,141,67],"offset":[0,0],"originalSize":[141,67],"capInsets":[0,0,0,0]}},{"__type__":"cc.SpriteFrame","content":{"name":"gametype3","texture":"e1yQmXXQ9O3bS0pzleANtn","rect":[562,191,188,236],"offset":[0,0],"originalSize":[188,236],"capInsets":[0,0,0,0]}}]