[{"__type__":"cc.SpriteFrame","content":{"name":"circle_15","texture":"cfCpKgTV5PO4J+8KRBAv+M","rect":[684,2,44,44],"offset":[0,0],"originalSize":[44,44],"capInsets":[0,0,0,0]}},{"__type__":"cc.SpriteFrame","content":{"name":"quxiao_btn_1","texture":"cfCpKgTV5PO4J+8KRBAv+M","rect":[237,355,143,41],"offset":[0,0],"originalSize":[143,41],"rotated":1,"capInsets":[0,0,0,0]}},{"__type__":"cc.SpriteFrame","content":{"name":"circle_6","texture":"cfCpKgTV5PO4J+8KRBAv+M","rect":[637,213,44,44],"offset":[0,0],"originalSize":[44,44],"capInsets":[0,0,0,0]}},{"__type__":"cc.SpriteFrame","content":{"name":"niuniu_on","texture":"cfCpKgTV5PO4J+8KRBAv+M","rect":[336,355,139,54],"offset":[0,0],"originalSize":[139,54],"rotated":1,"capInsets":[0,0,0,0]}},{"__type__":"cc.SpriteFrame","content":{"name":"bank_card_icon","texture":"cfCpKgTV5PO4J+8KRBAv+M","rect":[520,496,209,55],"offset":[0,0],"originalSize":[209,55],"rotated":1,"capInsets":[0,0,0,0]}},{"__type__":"cc.SpriteFrame","content":{"name":"bank_charge","texture":"cfCpKgTV5PO4J+8KRBAv+M","rect":[468,932,209,55],"offset":[0,0],"originalSize":[209,55],"capInsets":[0,0,0,0]}},{"__type__":"cc.SpriteFrame","content":{"name":"next_page_2","texture":"cfCpKgTV5PO4J+8KRBAv+M","rect":[91,884,126,49],"offset":[0,0],"originalSize":[126,49],"rotated":1,"capInsets":[0,0,0,0]}},{"__type__":"cc.SpriteFrame","content":{"name":"heidi_jing","texture":"cfCpKgTV5PO4J+8KRBAv+M","rect":[280,496,19,20],"offset":[0,0],"originalSize":[19,20],"capInsets":[5,5,4,4]}},{"__type__":"cc.SpriteFrame","content":{"name":"last_page_2","texture":"cfCpKgTV5PO4J+8KRBAv+M","rect":[142,884,126,49],"offset":[0,0],"originalSize":[126,49],"rotated":1,"capInsets":[0,0,0,0]}},{"__type__":"cc.SpriteFrame","content":{"name":"longhu_title","texture":"cfCpKgTV5PO4J+8KRBAv+M","rect":[524,812,103,52],"offset":[0,1],"originalSize":[103,54],"rotated":1,"capInsets":[0,0,0,0]}},{"__type__":"cc.SpriteFrame","content":{"name":"baijiale_title","texture":"cfCpKgTV5PO4J+8KRBAv+M","rect":[193,873,146,54],"offset":[0,0],"originalSize":[146,54],"rotated":1,"capInsets":[0,0,0,0]}},{"__type__":"cc.SpriteFrame","content":{"name":"youxixuzhi_btn","texture":"cfCpKgTV5PO4J+8KRBAv+M","rect":[560,318,74,76],"offset":[0,0],"originalSize":[74,76],"capInsets":[0,0,0,0]}},{"__type__":"cc.SpriteFrame","content":{"name":"confirm_btn_2","texture":"cfCpKgTV5PO4J+8KRBAv+M","rect":[249,871,143,41],"offset":[0,0],"originalSize":[143,41],"rotated":1,"capInsets":[0,0,0,0]}},{"__type__":"cc.SpriteFrame","content":{"name":"sound_off","texture":"cfCpKgTV5PO4J+8KRBAv+M","rect":[577,662,37,40],"offset":[0,0],"originalSize":[39,40],"capInsets":[0,0,0,0]}},{"__type__":"cc.SpriteFrame","content":{"name":"A89_title","texture":"cfCpKgTV5PO4J+8KRBAv+M","rect":[556,707,103,40],"offset":[0,-1],"originalSize":[103,54],"rotated":1,"capInsets":[0,0,0,0]}},{"__type__":"cc.SpriteFrame","content":{"name":"hui_kuang","texture":"cfCpKgTV5PO4J+8KRBAv+M","rect":[132,1012,10,10],"offset":[0,0],"originalSize":[10,10],"capInsets":[2,1,2,2]}},{"__type__":"cc.SpriteFrame","content":{"name":"normal_tip_bg","texture":"cfCpKgTV5PO4J+8KRBAv+M","rect":[2,2,78,527],"offset":[0,0],"originalSize":[78,527],"capInsets":[26,0,24,0]}},{"__type__":"cc.SpriteFrame","content":{"name":"arraw_down","texture":"cfCpKgTV5PO4J+8KRBAv+M","rect":[214,500,27,16],"offset":[0,0],"originalSize":[27,16],"capInsets":[0,0,0,0]}},{"__type__":"cc.SpriteFrame","content":{"name":"huibai_kuang","texture":"cfCpKgTV5PO4J+8KRBAv+M","rect":[120,1012,10,10],"offset":[0,0],"originalSize":[10,10],"capInsets":[1,0,1,0]}},{"__type__":"cc.SpriteFrame","content":{"name":"circle","texture":"cfCpKgTV5PO4J+8KRBAv+M","rect":[636,358,36,36],"offset":[0,0],"originalSize":[36,36],"capInsets":[0,0,0,0]}},{"__type__":"cc.SpriteFrame","content":{"name":"setting_on","texture":"cfCpKgTV5PO4J+8KRBAv+M","rect":[590,442,39,40],"offset":[0,0],"originalSize":[39,40],"capInsets":[0,0,0,0]}},{"__type__":"cc.SpriteFrame","content":{"name":"bank_card_manage","texture":"cfCpKgTV5PO4J+8KRBAv+M","rect":[463,707,118,37],"offset":[0,0],"originalSize":[118,37],"rotated":1,"capInsets":[0,0,0,0]}},{"__type__":"cc.SpriteFrame","content":{"name":"rule_title","texture":"cfCpKgTV5PO4J+8KRBAv+M","rect":[156,520,351,75],"offset":[0,0],"originalSize":[351,75],"rotated":1,"capInsets":[0,0,0,0]}},{"__type__":"cc.SpriteFrame","content":{"name":"close_btn","texture":"cfCpKgTV5PO4J+8KRBAv+M","rect":[578,812,81,78],"offset":[0,0],"originalSize":[81,78],"rotated":1,"capInsets":[0,0,0,0]}},{"__type__":"cc.SpriteFrame","content":{"name":"zhifubao_charge","texture":"cfCpKgTV5PO4J+8KRBAv+M","rect":[524,2,209,55],"offset":[0,0],"originalSize":[209,55],"rotated":1,"capInsets":[0,0,0,0]}},{"__type__":"cc.SpriteFrame","content":{"name":"wenxintishi","texture":"cfCpKgTV5PO4J+8KRBAv+M","rect":[79,531,351,75],"offset":[0,0],"originalSize":[351,75],"rotated":1,"capInsets":[0,0,0,0]}},{"__type__":"cc.SpriteFrame","content":{"name":"service_title","texture":"cfCpKgTV5PO4J+8KRBAv+M","rect":[159,2,351,75],"offset":[0,0],"originalSize":[351,75],"rotated":1,"capInsets":[0,0,0,0]}},{"__type__":"cc.SpriteFrame","content":{"name":"password_on","texture":"cfCpKgTV5PO4J+8KRBAv+M","rect":[577,536,39,40],"offset":[0,0],"originalSize":[39,40],"capInsets":[0,0,0,0]}},{"__type__":"cc.SpriteFrame","content":{"name":"wangge","texture":"cfCpKgTV5PO4J+8KRBAv+M","rect":[504,444,50,48],"offset":[0,0],"originalSize":[50,48],"rotated":1,"capInsets":[2,2,2,2]}},{"__type__":"cc.SpriteFrame","content":{"name":"result_title","texture":"cfCpKgTV5PO4J+8KRBAv+M","rect":[561,989,196,28],"offset":[0,0],"originalSize":[196,28],"capInsets":[0,0,0,0]}},{"__type__":"cc.SpriteFrame","content":{"name":"niuniu_title","texture":"cfCpKgTV5PO4J+8KRBAv+M","rect":[544,213,103,54],"offset":[0,0],"originalSize":[103,54],"rotated":1,"capInsets":[0,0,0,0]}},{"__type__":"cc.SpriteFrame","content":{"name":"wechat_icon","texture":"cfCpKgTV5PO4J+8KRBAv+M","rect":[463,496,209,55],"offset":[0,0],"originalSize":[209,55],"rotated":1,"capInsets":[0,0,0,0]}},{"__type__":"cc.SpriteFrame","content":{"name":"zhuang_hong","texture":"cfCpKgTV5PO4J+8KRBAv+M","rect":[96,1012,10,10],"offset":[0,0],"originalSize":[10,10],"capInsets":[0,0,0,0]}},{"__type__":"cc.SpriteFrame","content":{"name":"chongzhijilu","texture":"cfCpKgTV5PO4J+8KRBAv+M","rect":[310,496,351,75],"offset":[0,0],"originalSize":[351,75],"rotated":1,"capInsets":[0,0,0,0]}},{"__type__":"cc.SpriteFrame","content":{"name":"head_icon_bg","texture":"cfCpKgTV5PO4J+8KRBAv+M","rect":[144,1012,10,10],"offset":[0,0],"originalSize":[10,10],"capInsets":[3,2,3,3]}},{"__type__":"cc.SpriteFrame","content":{"name":"get_money_icon","texture":"cfCpKgTV5PO4J+8KRBAv+M","rect":[467,213,124,75],"offset":[0,0],"originalSize":[124,75],"rotated":1,"capInsets":[0,0,0,0]}},{"__type__":"cc.SpriteFrame","content":{"name":"save_money_icon","texture":"cfCpKgTV5PO4J+8KRBAv+M","rect":[391,849,124,75],"offset":[0,0],"originalSize":[124,75],"rotated":1,"capInsets":[0,0,0,0]}},{"__type__":"cc.SpriteFrame","content":{"name":"red_point","texture":"cfCpKgTV5PO4J+8KRBAv+M","rect":[600,287,27,27],"offset":[0,0],"originalSize":[29,29],"capInsets":[0,0,0,0]}},{"__type__":"cc.SpriteFrame","content":{"name":"add_icon","texture":"cfCpKgTV5PO4J+8KRBAv+M","rect":[665,186,25,25],"offset":[0,0],"originalSize":[25,25],"capInsets":[0,0,0,0]}},{"__type__":"cc.SpriteFrame","content":{"name":"quxiao_btn_2","texture":"cfCpKgTV5PO4J+8KRBAv+M","rect":[194,355,143,41],"offset":[0,0],"originalSize":[143,41],"rotated":1,"capInsets":[0,0,0,0]}},{"__type__":"cc.SpriteFrame","content":{"name":"gou_icon","texture":"cfCpKgTV5PO4J+8KRBAv+M","rect":[598,704,35,35],"offset":[0,0],"originalSize":[35,35],"capInsets":[0,0,0,0]}},{"__type__":"cc.SpriteFrame","content":{"name":"circle_1","texture":"cfCpKgTV5PO4J+8KRBAv+M","rect":[684,94,44,44],"offset":[0,0],"originalSize":[44,44],"capInsets":[0,0,0,0]}},{"__type__":"cc.SpriteFrame","content":{"name":"message_on","texture":"cfCpKgTV5PO4J+8KRBAv+M","rect":[577,578,39,40],"offset":[0,0],"originalSize":[39,40],"capInsets":[0,0,0,0]}},{"__type__":"cc.SpriteFrame","content":{"name":"system_notice_title","texture":"cfCpKgTV5PO4J+8KRBAv+M","rect":[363,990,196,28],"offset":[0,0],"originalSize":[196,28],"capInsets":[0,0,0,0]}},{"__type__":"cc.SpriteFrame","content":{"name":"charge_title","texture":"cfCpKgTV5PO4J+8KRBAv+M","rect":[468,827,103,54],"offset":[0,0],"originalSize":[103,54],"rotated":1,"capInsets":[0,0,0,0]}},{"__type__":"cc.SpriteFrame","content":{"name":"circle_3","texture":"cfCpKgTV5PO4J+8KRBAv+M","rect":[638,94,44,44],"offset":[0,0],"originalSize":[44,44],"capInsets":[0,0,0,0]}},{"__type__":"cc.SpriteFrame","content":{"name":"record_on","texture":"cfCpKgTV5PO4J+8KRBAv+M","rect":[636,316,39,40],"offset":[0,0],"originalSize":[39,40],"capInsets":[0,0,0,0]}},{"__type__":"cc.SpriteFrame","content":{"name":"expanded_btn","texture":"cfCpKgTV5PO4J+8KRBAv+M","rect":[638,186,25,25],"offset":[0,0],"originalSize":[25,25],"capInsets":[0,0,0,0]}},{"__type__":"cc.SpriteFrame","content":{"name":"sound_on","texture":"cfCpKgTV5PO4J+8KRBAv+M","rect":[577,494,39,40],"offset":[0,0],"originalSize":[39,40],"capInsets":[0,0,0,0]}},{"__type__":"cc.SpriteFrame","content":{"name":"service_icon","texture":"cfCpKgTV5PO4J+8KRBAv+M","rect":[715,932,46,47],"offset":[0,0],"originalSize":[46,47],"capInsets":[0,0,0,0]}},{"__type__":"cc.SpriteFrame","content":{"name":"sangong_on","texture":"cfCpKgTV5PO4J+8KRBAv+M","rect":[280,355,139,54],"offset":[0,0],"originalSize":[139,54],"rotated":1,"capInsets":[0,0,0,0]}},{"__type__":"cc.SpriteFrame","content":{"name":"confirm_btn","texture":"cfCpKgTV5PO4J+8KRBAv+M","rect":[139,355,163,53],"offset":[0,0],"originalSize":[163,53],"rotated":1,"capInsets":[0,0,0,0]}},{"__type__":"cc.SpriteFrame","content":{"name":"wechat_charge","texture":"cfCpKgTV5PO4J+8KRBAv+M","rect":[581,2,209,55],"offset":[0,0],"originalSize":[209,55],"rotated":1,"capInsets":[0,0,0,0]}},{"__type__":"cc.SpriteFrame","content":{"name":"game_update","texture":"cfCpKgTV5PO4J+8KRBAv+M","rect":[313,2,351,75],"offset":[0,0],"originalSize":[351,75],"rotated":1,"capInsets":[0,0,0,0]}},{"__type__":"cc.SpriteFrame","content":{"name":"tixianjilu","texture":"cfCpKgTV5PO4J+8KRBAv+M","rect":[82,2,351,75],"offset":[0,0],"originalSize":[351,75],"rotated":1,"capInsets":[0,0,0,0]}},{"__type__":"cc.SpriteFrame","content":{"name":"touming_baidi","texture":"cfCpKgTV5PO4J+8KRBAv+M","rect":[57,1013,4,4],"offset":[0,0],"originalSize":[4,4],"capInsets":[0,0,0,0]}},{"__type__":"cc.SpriteFrame","content":{"name":"record_title","texture":"cfCpKgTV5PO4J+8KRBAv+M","rect":[236,2,351,75],"offset":[0,0],"originalSize":[351,75],"rotated":1,"capInsets":[0,0,0,0]}},{"__type__":"cc.SpriteFrame","content":{"name":"vedio_on","texture":"cfCpKgTV5PO4J+8KRBAv+M","rect":[684,140,39,40],"offset":[0,0],"originalSize":[39,40],"capInsets":[0,0,0,0]}},{"__type__":"cc.SpriteFrame","content":{"name":"longhu_on","texture":"cfCpKgTV5PO4J+8KRBAv+M","rect":[335,849,139,54],"offset":[0,0],"originalSize":[139,54],"rotated":1,"capInsets":[0,0,0,0]}},{"__type__":"cc.SpriteFrame","content":{"name":"youxixuzhi_title","texture":"cfCpKgTV5PO4J+8KRBAv+M","rect":[2,531,351,75],"offset":[0,0],"originalSize":[351,75],"rotated":1,"capInsets":[0,0,0,0]}},{"__type__":"cc.SpriteFrame","content":{"name":"take_bake_btn","texture":"cfCpKgTV5PO4J+8KRBAv+M","rect":[637,259,25,25],"offset":[0,0],"originalSize":[25,25],"capInsets":[0,0,0,0]}},{"__type__":"cc.SpriteFrame","content":{"name":"modify_icon","texture":"cfCpKgTV5PO4J+8KRBAv+M","rect":[656,286,21,21],"offset":[0,0],"originalSize":[21,21],"capInsets":[0,0,0,0]}},{"__type__":"cc.SpriteFrame","content":{"name":"tixian_title","texture":"cfCpKgTV5PO4J+8KRBAv+M","rect":[504,339,103,54],"offset":[0,0],"originalSize":[103,54],"rotated":1,"capInsets":[0,0,0,0]}},{"__type__":"cc.SpriteFrame","content":{"name":"personInfoTitle","texture":"cfCpKgTV5PO4J+8KRBAv+M","rect":[387,496,351,74],"offset":[0,0],"originalSize":[351,74],"rotated":1,"capInsets":[0,0,0,0]}},{"__type__":"cc.SpriteFrame","content":{"name":"charge_tip_icon","texture":"cfCpKgTV5PO4J+8KRBAv+M","rect":[194,500,18,18],"offset":[0,0],"originalSize":[18,18],"capInsets":[0,0,0,0]}},{"__type__":"cc.SpriteFrame","content":{"name":"input_bg","texture":"cfCpKgTV5PO4J+8KRBAv+M","rect":[243,500,14,13],"offset":[0,0],"originalSize":[14,13],"rotated":1,"capInsets":[5,3,4,2]}},{"__type__":"cc.SpriteFrame","content":{"name":"jinse_jianbian","texture":"cfCpKgTV5PO4J+8KRBAv+M","rect":[578,895,35,76],"offset":[0,0],"originalSize":[35,76],"rotated":1,"capInsets":[13,0,13,0]}},{"__type__":"cc.SpriteFrame","content":{"name":"member_icon","texture":"cfCpKgTV5PO4J+8KRBAv+M","rect":[629,287,25,27],"offset":[0,0],"originalSize":[25,27],"capInsets":[0,0,0,0]}},{"__type__":"cc.SpriteFrame","content":{"name":"circle_4","texture":"cfCpKgTV5PO4J+8KRBAv+M","rect":[638,48,44,44],"offset":[0,0],"originalSize":[44,44],"capInsets":[0,0,0,0]}},{"__type__":"cc.SpriteFrame","content":{"name":"rate_title","texture":"cfCpKgTV5PO4J+8KRBAv+M","rect":[233,518,351,75],"offset":[0,0],"originalSize":[351,75],"rotated":1,"capInsets":[0,0,0,0]}},{"__type__":"cc.SpriteFrame","content":{"name":"xian_lang","texture":"cfCpKgTV5PO4J+8KRBAv+M","rect":[108,1012,10,10],"offset":[0,0],"originalSize":[10,10],"capInsets":[0,0,0,0]}},{"__type__":"cc.SpriteFrame","content":{"name":"baijiale_on","texture":"cfCpKgTV5PO4J+8KRBAv+M","rect":[392,355,139,54],"offset":[0,0],"originalSize":[139,54],"rotated":1,"capInsets":[0,0,0,0]}},{"__type__":"cc.SpriteFrame","content":{"name":"toggle_off","texture":"cfCpKgTV5PO4J+8KRBAv+M","rect":[600,213,72,35],"offset":[0,0],"originalSize":[72,35],"rotated":1,"capInsets":[0,0,0,0]}},{"__type__":"cc.SpriteFrame","content":{"name":"circle_2","texture":"cfCpKgTV5PO4J+8KRBAv+M","rect":[638,140,44,44],"offset":[0,0],"originalSize":[44,44],"capInsets":[0,0,0,0]}},{"__type__":"cc.SpriteFrame","content":{"name":"toggle_on","texture":"cfCpKgTV5PO4J+8KRBAv+M","rect":[656,895,72,35],"offset":[0,0],"originalSize":[72,35],"capInsets":[0,0,0,0]}},{"__type__":"cc.SpriteFrame","content":{"name":"line","texture":"cfCpKgTV5PO4J+8KRBAv+M","rect":[57,1019,1,37],"offset":[0,-1],"originalSize":[1,39],"rotated":1,"capInsets":[0,0,0,0]}},{"__type__":"cc.SpriteFrame","content":{"name":"A89_on","texture":"cfCpKgTV5PO4J+8KRBAv+M","rect":[448,355,139,54],"offset":[0,0],"originalSize":[139,54],"rotated":1,"capInsets":[0,0,0,0]}},{"__type__":"cc.SpriteAtlas","_name":"main_icon.plist","_spriteFrames":{"A89_on":{"__uuid__":"dc1XCBTtROy7cZZ7YCfte0"},"A89_title":{"__uuid__":"20c0X8c41Ci6MOZtDtDwqy"},"add_friend_icon":{"__uuid__":"e7lXfgPOZPdqND4jvxvGdx"},"add_icon":{"__uuid__":"66e3sVKrhEm71g6y7NZjq6"},"arraw_down":{"__uuid__":"26LG191K5F8b3cj4Eawwjl"},"baijiale_on":{"__uuid__":"cbkN0IjxVOuIBHkuap2z0N"},"baijiale_title":{"__uuid__":"18v06cSgFJkYEzTFfycC7w"},"bank_card_icon":{"__uuid__":"0cmLDGskxFu7dfkD8GF2ff"},"bank_card_manage":{"__uuid__":"2bbptWuhREmLbVNVbtchdC"},"bank_card_title":{"__uuid__":"f8kylidiNNKIgc0t6l1q/Q"},"bank_charge":{"__uuid__":"0eHdjef2REhIV/ftyShhCS"},"charge_tip_icon":{"__uuid__":"a5v/JSU+xBGq0/veCQd13B"},"charge_title":{"__uuid__":"7c3+RbKS5LypUIFQqMTLJ/"},"check_update":{"__uuid__":"e3RoiViSZLE4fBCx+Z8+Iz"},"chongzhijilu":{"__uuid__":"53edAhIuRJwZUEXA32G15S"},"circle":{"__uuid__":"29xx9xoThMoZFice8PSQK3"},"circle_1":{"__uuid__":"6cDrsSLWZMbYWr4Uo6oHrY"},"circle_13":{"__uuid__":"fcxLEhPJBJioWH6E5pwaLF"},"circle_15":{"__uuid__":"04TCKZ2wpCG4tx6+3TOYsV"},"circle_2":{"__uuid__":"d4VZ9cRclJbLaW4aoG3+Oj"},"circle_3":{"__uuid__":"81P9A2YZRC+71USgViGvyc"},"circle_4":{"__uuid__":"bbCfHQ7dRKOrGcriU1+PI/"},"circle_5":{"__uuid__":"eeAi6wJqtNIKsGQ6SsMK+I"},"circle_6":{"__uuid__":"08I0KK5fJAFqEDjg9Lk26J"},"close_btn":{"__uuid__":"30Hcj40p5IxKuqJSTx5a7F"},"close_btn_1":{"__uuid__":"fbchbmDfhLvLOJ+bZ5jr4R"},"confirm_btn":{"__uuid__":"8ahGpUh1xHnK2iqSg9FFXn"},"confirm_btn_1":{"__uuid__":"f5Nhuvq8NLGYZT9ftgeLlL"},"confirm_btn_2":{"__uuid__":"195uq27URDo6pshdN7a5Zf"},"exit_login_on":{"__uuid__":"faPS4Rf6BK0Yr0DFk+Yek3"},"expanded_btn":{"__uuid__":"83Rx34GwRPDZljw7iYtRf7"},"game_update":{"__uuid__":"931P95D39NIKCvVozXb96Z"},"get_money_icon":{"__uuid__":"62xclfMD9FU6+VH5/NjQPW"},"gou_icon":{"__uuid__":"69J1LL/qpHc5SsANui8mGv"},"head_icon_bg":{"__uuid__":"57j2nH5VNIUbPFGmljxzcP"},"heidi_jing":{"__uuid__":"16tX7abV5HFq3XNrbZ4bIQ"},"hui_kuang":{"__uuid__":"20jjDudspDEbdFr54VwPld"},"huibai_kuang":{"__uuid__":"26YWHHY5hI06sn42ZaxgW0"},"input_bg":{"__uuid__":"b0kksSkW1G3IooN6KWoXvc"},"jinse_jianbian":{"__uuid__":"b6krxEkg9D+aEWn1HdeMhu"},"last_page_2":{"__uuid__":"18Ev7oOz5CF65UlSS/jUnl"},"line":{"__uuid__":"dbWxBnvz1DwbhYs7VvgQS/"},"longhu_on":{"__uuid__":"99JwjTBBZHLbQtbIPrILWU"},"longhu_title":{"__uuid__":"18ftTK/UxJ3LiSt3Ev9ZJE"},"member_icon":{"__uuid__":"b76zjc/CZDrJ62yB9avTWh"},"message_on":{"__uuid__":"78cfX7dcdHk7FhRB5tN2tl"},"modify_icon":{"__uuid__":"9eQWNpsCpFs6CpMneUQ4Qw"},"next_page_2":{"__uuid__":"12W1rW1j1FQL9byjgc9WuQ"},"niuniu_on":{"__uuid__":"08c3UjEyRHpZo8X4HFGu46"},"niuniu_title":{"__uuid__":"47pHayx11MxpJ4Pw34FLBX"},"normal_btn_1":{"__uuid__":"fceWhJvj9EfZAsLnlz76ju"},"normal_tip_bg":{"__uuid__":"24yWtuBDVKdYg4jjClu6j7"},"password_on":{"__uuid__":"3alOF6pR1P9q023T947NNM"},"personInfoTitle":{"__uuid__":"a3fb/y+LRJ14w8zajacZ+h"},"quxiao_btn_1":{"__uuid__":"04gxeOog9App/qRrvYOKrA"},"quxiao_btn_2":{"__uuid__":"68Y9/CDolC0rCa5h28Tprb"},"rate_title":{"__uuid__":"c386sK+zBN+KXNdHzIJ3AM"},"record_bg":{"__uuid__":"f9BjRs4/NFz4J8t/aKywAJ"},"record_on":{"__uuid__":"82FVzicIVHyJn5npTf7aWb"},"record_title":{"__uuid__":"96Zy84m4ZJZa0Q5DEdSqKm"},"red_point":{"__uuid__":"65l7Hcru1AuaJAf1vtWWRu"},"result_title":{"__uuid__":"46F0nrhlRA1YkoFl5sP7az"},"rule_on":{"__uuid__":"f6p5ppqFpETbUJwjUgkT/k"},"rule_title":{"__uuid__":"2ctDxQPHpDUYVogoHv5l6V"},"sangong_on":{"__uuid__":"88q/elXOVByJhvlQ0fs1tQ"},"sangong_title":{"__uuid__":"eaTdWke/ZESq6lER4DuZUN"},"save_money_icon":{"__uuid__":"627WY5zmxDuKvbJxqFfzfa"},"service_icon":{"__uuid__":"86yPnjTRJIhL28zOGr6zh+"},"service_title":{"__uuid__":"39WXbM62JKHKnxm59ahWCR"},"setting_on":{"__uuid__":"2bDxAKTKxKzrTJAHKXta7J"},"sound_off":{"__uuid__":"1aO7V/B19DJaMcSPlyyUvC"},"sound_on":{"__uuid__":"83lfSYhrFJxZkr44lk4JvA"},"system_notice_title":{"__uuid__":"79pVYbcgRGfYRAZKrGscxF"},"take_bake_btn":{"__uuid__":"9dk4yZc45KKpDucYea01ji"},"tixian_title":{"__uuid__":"a25vRlr65MJ4h+Gh+H5rd/"},"tixianjilu":{"__uuid__":"94xJD5q8ZKDrUCtZ5+hio7"},"toggle_off":{"__uuid__":"cd4SDf/qpJEaCZuLLuU1dn"},"toggle_on":{"__uuid__":"d8d+TodRpM6aHgVeGspoSS"},"total_member_bg":{"__uuid__":"f6EuCUnc1LGIWAwTSzyyuQ"},"total_money_bg":{"__uuid__":"e0jQ1hkyhKOb4r/al7Lj0i"},"touming_baidi":{"__uuid__":"951OK3Mk1HaIVkWtyime9m"},"vedio_on":{"__uuid__":"9859O6MJ5GBahNd290kWMz"},"wangge":{"__uuid__":"3dZQjm3ClIDovByS33DD5W"},"wechat_charge":{"__uuid__":"90GD8bQ39F/pmei00wRcqO"},"wechat_icon":{"__uuid__":"4fpV1PlcVKu52t/dVYCi+l"},"wenxintishi":{"__uuid__":"37mK4LgVVHcIvjSXsTtKik"},"xian_lang":{"__uuid__":"c852ZCWOhHzIP60ODOxHCf"},"youxixuzhi_btn":{"__uuid__":"186EJGsUVBcp/LoWm2TF4U"},"youxixuzhi_title":{"__uuid__":"9aRrmLpo1IBpmto3TTC7U2"},"yuya":{"__uuid__":"ed7mVrZKNN+JZzuZJkmC3O"},"zhifubao_charge":{"__uuid__":"36pZZh6t5DSIS2JzRyxb+J"},"zhifubao_icon":{"__uuid__":"dfmoSQoxpLi7r1iMsTzUCA"},"zhuang_hong":{"__uuid__":"52d12fn3xJ6bAgDGXY0nOu"}}},{"__type__":"cc.SpriteFrame","content":{"name":"zhifubao_icon","texture":"cfCpKgTV5PO4J+8KRBAv+M","rect":[467,2,209,55],"offset":[0,0],"originalSize":[209,55],"rotated":1,"capInsets":[0,0,0,0]}},{"__type__":"cc.SpriteFrame","content":{"name":"total_money_bg","texture":"cfCpKgTV5PO4J+8KRBAv+M","rect":[554,444,48,34],"offset":[0,0],"originalSize":[48,34],"rotated":1,"capInsets":[35,0,9,0]}},{"__type__":"cc.SpriteFrame","content":{"name":"check_update","texture":"cfCpKgTV5PO4J+8KRBAv+M","rect":[390,2,351,75],"offset":[0,0],"originalSize":[351,75],"rotated":1,"capInsets":[0,0,0,0]}},{"__type__":"cc.SpriteFrame","content":{"name":"add_friend_icon","texture":"cfCpKgTV5PO4J+8KRBAv+M","rect":[560,396,44,47],"offset":[0,0],"originalSize":[46,47],"rotated":1,"capInsets":[0,0,0,0]}},{"__type__":"cc.SpriteFrame","content":{"name":"sangong_title","texture":"cfCpKgTV5PO4J+8KRBAv+M","rect":[502,707,103,52],"offset":[0,1],"originalSize":[103,54],"rotated":1,"capInsets":[0,0,0,0]}},{"__type__":"cc.SpriteFrame","content":{"name":"yuya","texture":"cfCpKgTV5PO4J+8KRBAv+M","rect":[759,981,43,41],"offset":[0,0],"originalSize":[43,41],"capInsets":[18,0,19,0]}},{"__type__":"cc.SpriteFrame","content":{"name":"circle_5","texture":"cfCpKgTV5PO4J+8KRBAv+M","rect":[638,2,44,44],"offset":[0,0],"originalSize":[44,44],"capInsets":[0,0,0,0]}},{"__type__":"cc.SpriteFrame","content":{"name":"confirm_btn_1","texture":"cfCpKgTV5PO4J+8KRBAv+M","rect":[292,871,143,41],"offset":[0,0],"originalSize":[143,41],"rotated":1,"capInsets":[0,0,0,0]}},{"__type__":"cc.SpriteFrame","content":{"name":"total_member_bg","texture":"cfCpKgTV5PO4J+8KRBAv+M","rect":[679,932,48,34],"offset":[0,0],"originalSize":[48,34],"rotated":1,"capInsets":[35,0,7,0]}},{"__type__":"cc.SpriteFrame","content":{"name":"rule_on","texture":"cfCpKgTV5PO4J+8KRBAv+M","rect":[609,396,39,40],"offset":[0,0],"originalSize":[39,40],"capInsets":[0,0,0,0]}},{"__type__":"cc.SpriteFrame","content":{"name":"bank_card_title","texture":"cfCpKgTV5PO4J+8KRBAv+M","rect":[57,884,127,32],"offset":[0,1],"originalSize":[127,54],"rotated":1,"capInsets":[0,0,0,0]}},{"__type__":"cc.SpriteFrame","content":{"name":"record_bg","texture":"cfCpKgTV5PO4J+8KRBAv+M","rect":[335,990,30,26],"offset":[0,0],"originalSize":[30,26],"rotated":1,"capInsets":[8,0,8,0]}},{"__type__":"cc.SpriteFrame","content":{"name":"exit_login_on","texture":"cfCpKgTV5PO4J+8KRBAv+M","rect":[577,620,39,40],"offset":[0,0],"originalSize":[39,40],"capInsets":[0,0,0,0]}},{"__type__":"cc.SpriteFrame","content":{"name":"close_btn_1","texture":"cfCpKgTV5PO4J+8KRBAv+M","rect":[82,355,164,55],"offset":[0,2],"originalSize":[164,59],"rotated":1,"capInsets":[0,0,0,0]}},{"__type__":"cc.SpriteFrame","content":{"name":"normal_btn_1","texture":"cfCpKgTV5PO4J+8KRBAv+M","rect":[2,884,138,53],"offset":[0,0],"originalSize":[138,53],"rotated":1,"capInsets":[39,0,50,0]}},{"__type__":"cc.SpriteFrame","content":{"name":"circle_13","texture":"cfCpKgTV5PO4J+8KRBAv+M","rect":[684,48,44,44],"offset":[0,0],"originalSize":[44,44],"capInsets":[0,0,0,0]}}]